NumericCas,CASNumber,ChemicalName,MW,PEL-TWA,PEL-TWAConvert,PEL-TWAmgm3,PEL-TWAmgm3Convert,NOTEPEL,PEL-STEL,PEL-STELConvert,PEL-STELmgm3,PEL-STELmgm3Convert,PEL-CL,PEL-CLConvert,PEL-CLmgm3,PEL-CLmgm3Convert,PEL-mpcfa,PEL-COMMENTS,REL-TWA,REL-TWAConvert,REL-TWAmgm3,REL-TWAmgm3Convert,NOTEREL,REL-STEL,REL-STELConvert,REL-STELmgm3,REL-STELmgm3Convert,REL-CL,REL-CLConvert,REL-CLmgm3,REL-CLmgm3Convert,RELFCC,REL-COMMENTS
58899,58-89-9,LINDANE,2.9081999999999999e+02,4.2036311120280584e-02,1,5.0000000000000000e-01,0,,,0,,0,,0,,0,,NONE.,4.2036311120280584e-02,1,5.0000000000000000e-01,0,,,0,,0,,0,,0,,NONE.
60297,60-29-7,ETHYL ETHER,7.4140000000000001e+01,4.0000000000000000e+02,0,1.2000000000000000e+03,0,,,0,,0,,0,,0,,SYN - DIETHYL ETHER.,,0,,0,,,0,,0,,0,,0,,
60344,60-34-4,METHYL HYDRAZINE,4.6090000000000003e+01,,0,,0,,,0,,0,2.0000000000000001e-01,0,3.4999999999999998e-01,0,,SYN - MONOMETHYL HYDRAZINE.,,0,,0,,,0,,0,4.0000000000000001e-02,0,8.0000000000000002e-02,0,,SYN - MONOMETHYL HYDRAZINE.  VALUE BASED ON 120 MINUTES.  LOWEST FEASIBLE CONCENTRATION.
60571,60-57-1,DIELDRIN,3.8089999999999998e+02,1.6047519033867159e-02,1,2.5000000000000000e-01,0,,,0,,0,,0,,0,,NONE.,1.6047519033867159e-02,1,2.5000000000000000e-01,0,,,0,,0,,0,,0,,LOWEST FEASIBLE CONCENTRATION.
61825,61-82-5,AMITROLE,8.4099999999999994e+01,,0,,0,,,0,,0,,0,,0,,,5.8145065398335326e-02,1,2.0000000000000001e-01,0,,,0,,0,,0,,0,,"SYN - 3-AMINO-1,2,4-TRIAZOLE."
,,ANILINE AND HOMOLOGS,9.3140000000000001e+01,5.0000000000000000e+00,0,1.9000000000000000e+01,0,,,0,,0,,0,,0,,NONE.,,0,,0,,,0,,0,,0,,0,,LOWEST FEASIBLE CONCENTRATION.
62737,62-73-7,DICHLORVOS,2.2097999999999999e+02,1.1064349714906327e-01,1,1.0000000000000000e+00,0,,,0,,0,,0,,0,,NONE.,1.1064349714906327e-01,1,1.0000000000000000e+00,0,,,0,,0,,0,,0,,NONE.
62748,62-74-8,SODIUM FLUOROACETATE,1.0003000000000000e+02,1.2221333599920026e-02,1,5.0000000000000003e-02,0,,,0,,0,,0,,0,,NONE.,1.2221333599920026e-02,1,5.0000000000000003e-02,0,,3.6664000799760066e-02,1,1.4999999999999999e-01,0,,0,,0,,NONE.
63252,63-25-2,CARBARYL,2.0124000000000001e+02,6.0748360166964810e-01,1,5.0000000000000000e+00,0,,,0,,0,,0,,0,,SYN - SEVIN.- MINIMIZE EXPOSURE DURING PREGNANCY.,6.0748360166964810e-01,1,5.0000000000000000e+00,0,,,0,,0,,0,,0,,SYN - SEVIN.  MINIMIZE EXPOSURE DURING PREGNANCY.
123911,123-91-1,DIOXANE,8.8120000000000005e+01,1.0000000000000000e+02,0,3.6000000000000000e+02,0,,,0,,0,,0,,0,,SYN - DIETHYLENE DIOXIDE.,,0,,0,,,0,,0,1.0000000000000000e+00,0,3.6000000000000001e+00,0,,SYN - DIETHYLENE DIOXIDE. - VALUES BASED ON 30 MINUTES.  LOWEST FEASIBLE CONCENTRATION.
123922,123-92-2,ISOAMYL ACETATE,1.3021000000000001e+02,1.0000000000000000e+02,0,5.2500000000000000e+02,0,,,0,,0,,0,,0,,NONE.,1.0000000000000000e+02,0,5.2500000000000000e+02,0,,,0,,0,,0,,0,,NONE.
124389,124-38-9,CARBON DIOXIDE,,5.0000000000000000e+03,0,9.0000000000000000e+03,0,,,0,,0,,0,,0,,NONE.,5.0000000000000000e+03,0,9.0000000000000000e+03,0,,3.0000000000000000e+04,0,5.4000000000000000e+04,0,,0,,0,,NONE.
124403,124-40-3,DIMETHYLAMINE,4.5100000000000001e+01,1.0000000000000000e+01,0,1.8000000000000000e+01,0,,,0,,0,,0,,0,,NONE.,1.0000000000000000e+01,0,1.8000000000000000e+01,0,,,0,,0,,0,,0,,NONE.
126738,126-73-8,TRIBUTYL PHOSPHATE,2.6636000000000001e+02,4.5896531010662261e-01,1,5.0000000000000000e+00,0,,,0,,0,,0,,0,,NONE.,2.0000000000000001e-01,0,2.5000000000000000e+00,0,,,0,,0,,0,,0,,NONE.
126987,126-98-7,METHYLACRYLONITRILE,6.7099999999999994e+01,,0,,0,,,0,,0,,0,,0,,,1.0000000000000000e+00,0,3.0000000000000000e+00,0,,,0,,0,,0,,0,,NONE.
126998,126-99-8,BETA-CHLOROPRENE,8.8540000000000006e+01,2.5000000000000000e+01,0,9.0000000000000000e+01,0,,,0,,0,,0,,0,,NONE.,,0,,0,,,0,,0,1.0000000000000000e+00,0,3.6000000000000001e+00,0,,LOWEST FEASIBLE CONCENTRATION. VALUE BASED ON 15 MINUTES.
127184,127-18-4,PERCHLOROETHYLENE,1.6581999999999999e+02,1.0000000000000000e+02,0,6.7820040899795504e+02,1,,3.0000000000000000e+02,0,2.0346012269938651e+03,1,2.0000000000000000e+02,0,1.3564008179959101e+03,1,,SYN -TETRACHLOROETHYLENE.VALUES IN PEL TABLE Z-2:  MAXIMUM PEAK ABOVE THE ACCEPTABLE CEILING CONCENTRATION FOR AN 8-HOUR SHIFT:  300 PPM/5 MINUTES IN ANY 3 HOURS. B. NIOSH - LOWEST FEASIBLE CONCENTRATION (0.4 PPM LIMIT OF QUANTITATION).,,0,,0,,,0,,0,,0,,0,,SYN -TETRACHLOROETHYLENE.  LOWEST FEASIBLE CONCENTRATION (0.4 PPM LIMIT OF QUANTITATION).
127195,127-19-5,DIMETHYL ACETAMIDE,8.7140000000000001e+01,1.0000000000000000e+01,0,3.5000000000000000e+01,0,,,0,,0,,0,,0,,NONE.,1.0000000000000000e+01,0,3.5000000000000000e+01,0,,,0,,0,,0,,0,,NONE.
128370,128-37-0,"2,6-DI-TERT-BUTYL-P-CRESOL",2.2038999999999999e+02,,0,,0,,,0,,0,,0,,0,,,1.1093969780843052e+00,1,1.0000000000000000e+01,0,,,0,,0,,0,,0,,NONE.
131113,131-11-3,DIMETHYL PHTHALATE,1.9419999999999999e+02,6.2950566426364574e-01,1,5.0000000000000000e+00,0,,,0,,0,,0,,0,,NONE.,6.2950566426364574e-01,1,5.0000000000000000e+00,0,,,0,,0,,0,,0,,NONE.
133062,133-06-2,CAPTAN,3.0058999999999997e+02,,0,,0,,,0,,0,,0,,0,,,4.0670015635916035e-01,1,5.0000000000000000e+00,0,,,0,,0,,0,,0,,NONE.
136787,136-78-7,CRAG HERBICIDE,3.0910000000000002e+02,3.9550307343901647e-01,1,5.0000000000000000e+00,0,respirable fraction,,0,,0,,0,,0,,SYN - SESONE.,3.9550307343901647e-01,1,5.0000000000000000e+00,0,respirable fraction,,0,,0,,0,,0,,SYN - SESONE.
137053,137-05-3,METHYL 2-CYANOACRYLATE,,,0,,0,,,0,,0,,0,,0,,,2.0000000000000000e+00,0,8.0000000000000000e+00,0,,4.0000000000000000e+00,0,1.6000000000000000e+01,0,,0,,0,,NONE.
137268,137-26-8,THIRAM,2.4044000000000000e+02,5.0844285476626183e-01,1,5.0000000000000000e+00,0,,,0,,0,,0,,0,,NONE.,5.0844285476626183e-01,1,5.0000000000000000e+00,0,,,0,,0,,0,,0,,NONE.
138227,138-22-7,N-BUTYL LACTATE,1.4621000000000001e+02,,0,,0,,,0,,0,,0,,0,,,5.0000000000000000e+00,0,2.5000000000000000e+01,0,,,0,,0,,0,,0,,NONE.
140885,140-88-5,ETHYL ACRYLATE,1.0013000000000000e+02,2.5000000000000000e+01,0,1.0000000000000000e+02,0,,,0,,0,,0,,0,,NONE.,,0,,0,,,0,,0,,0,,0,,LOWEST FEASIBLE CONCENTRATION.
141322,141-32-2,BUTYL ACRYLATE,1.2819000000000000e+02,,0,,0,,,0,,0,,0,,0,,,1.0000000000000000e+01,0,5.5000000000000000e+01,0,,,0,,0,,0,,0,,SYN - N-BUTYL ACRYLATE.
141435,141-43-5,ETHANOLAMINE,6.1100000000000001e+01,3.0000000000000000e+00,0,6.0000000000000000e+00,0,,,0,,0,,0,,0,,SYN - 2-AMINOETHANOL.,3.0000000000000000e+00,0,8.0000000000000000e+00,0,,6.0000000000000000e+00,0,1.5000000000000000e+01,0,,0,,0,,SYN - 2-AMINOETHANOL.
141662,141-66-2,DICROTOPHOS,2.3722000000000000e+02,,0,,0,,,0,,0,,0,,0,,,2.5767220301829524e-02,1,2.5000000000000000e-01,0,,,0,,0,,0,,0,,SYN - BIDRIN.
141786,141-78-6,ETHYL ACETATE,8.8120000000000005e+01,4.0000000000000000e+02,0,1.4000000000000000e+03,0,,,0,,0,,0,,0,,NONE.,4.0000000000000000e+02,0,1.4000000000000000e+03,0,,,0,,0,,0,,0,,NONE.
141797,141-79-7,MESITYL OXIDE,9.8159999999999997e+01,2.5000000000000000e+01,0,1.0000000000000000e+02,0,,,0,,0,,0,,0,,NONE.,1.0000000000000000e+01,0,4.0000000000000000e+01,0,,,0,,0,,0,,0,,NONE.
142643,142-64-3,PIPERAZINE DIHYDROCHLORIDE,1.5906000000000000e+02,,0,,0,,,0,,0,,0,,0,,,7.6857789513391173e-01,1,5.0000000000000000e+00,0,,,0,,0,,0,,0,,NONE.
142825,142-82-5,HEPTANE,1.0023000000000000e+02,5.0000000000000000e+02,0,2.0000000000000000e+03,0,,,0,,0,,0,,0,,SYN - N-HEPTANE.,8.5000000000000000e+01,0,3.5000000000000000e+02,0,,,0,,0,4.4000000000000000e+02,0,1.8000000000000000e+03,0,,SYN - N-HEPTANE.  VALUE BASED ON 15 MINUTES.
143102,143-10-2,1-DECANETHIOL,,,0,,0,,,0,,0,,0,,0,,,,0,,0,,,0,,0,5.0000000000000000e-01,0,3.6000000000000001e+00,0,,NONE.
143339,143-33-9,SODIUM CYANIDE,2.6020000000000000e+01,4.6983089930822448e+00,1,5.0000000000000000e+00,0,as Cn,,0,,0,,0,,0,,NONE.,,0,,0,as Cn,,0,,0,4.7000000000000002e+00,0,5.0000000000000000e+00,0,,VALUES BASED ON 10 MINUTES.
143500,143-50-0,KEPONE,4.9060000000000002e+02,,0,,0,,,0,,0,,0,,0,,,4.9836934366082344e-05,1,1.0000000000000000e-03,0,,,0,,0,,0,,0,,LOWEST FEASIBLE CONCENTRATION.
144627,144-62-7,OXALIC ACID,9.0040000000000006e+01,2.7154597956463788e-01,1,1.0000000000000000e+00,0,,,0,,0,,0,,0,,NONE.,2.7154597956463788e-01,1,1.0000000000000000e+00,0,,5.4309195912927577e-01,1,2.0000000000000000e+00,0,,0,,0,,NONE.
148016,148-01-6,DINITOLMIDE,2.2516000000000000e+02,,0,,0,,,0,,0,,0,,0,,,5.4294723751998575e-01,1,5.0000000000000000e+00,0,,,0,,0,,0,,0,,"SYN - 3,5-DINTIRO-O-TOLUAMIDE."
150765,150-76-5,4-METHYOXYPHENOL,1.2415000000000001e+02,,0,,0,,,0,,0,,0,,0,,,9.8469593233991137e-01,1,5.0000000000000000e+00,0,,,0,,0,,0,,0,,NONE.
151508,151-50-8,POTASSIUM CYANIDE,2.6020000000000000e+01,4.6983089930822448e+00,1,5.0000000000000000e+00,0,as Cn,,0,,0,,0,,0,,SYN - POTASSIUM CYANIDE.,,0,,0,as Cn,,0,,0,4.7000000000000002e+00,0,5.0000000000000000e+00,0,,SYN - POTASSIUM CYANIDE.  VALUES BASED ON 10 MINUTES.
151677,151-67-7,HALOTHANE,,,0,,0,,,0,,0,,0,,0,,,,0,,0,,,0,,0,2.0000000000000000e+00,0,1.6199999999999999e+01,0,,VALUE BASED ON 60 MINUTES.  REL FOR EXPOSURE TO WASTE AN ANESTHETIC GAS.
156627,156-62-7,CALCIUM CYANAMIDE,8.0109999999999999e+01,,0,,0,,,0,,0,,0,,0,,,1.5260267132692548e-01,1,5.0000000000000000e-01,0,,,0,,0,,0,,0,,NONE.
287923,287-92-3,CYCLOPENTANE,7.0150000000000006e+01,,0,,0,,,0,,0,,0,,0,,,6.0000000000000000e+02,0,1.7200000000000000e+03,0,,,0,,0,,0,,0,,NONE.
,,MERCURY (ORGANO) ALKYL COMPOUNDS,2.0059000000000000e+02,1.2189042325140833e-03,1,1.0000000000000000e-02,0,as Hg,,0,,0,4.8756169300563333e-03,1,4.0000000000000001e-02,0,,NONE.,1.2189042325140833e-03,1,1.0000000000000000e-02,0,as Hg,,0,,0,,0,,0,,
,,MINERAL WOOD FIBER,,,0,5.0000000000000000e+00,0,respirable portion,,0,,0,,0,,0,,,,0,5.0000000000000000e+00,0,,,0,,0,,0,,0,,"3 MILLION FIBERS/M3 (FIBERS EQUAL TO OR LESS THAN 3.5 UM IN DIAMETER AND EQUAL TO OR GREATER THAN 10 UM LONG), 5 MG/M3 TWA (TOTAL MINERAL WOOL DUST)."
,,COAL DUST <5% SiO2,,,0,2.3999999999999999e+00,0,,,0,,0,,0,,0,,NONE.,,0,,0,,,0,,0,,0,,0,,
,,COKE OVEN EMISSIONS,,,0,1.4999999999999999e-01,0,,,0,,0,,0,,0,,SEE 29 CFR 1910.1029.,,0,5.0000000000000000e-01,0,,,0,,0,,0,,0,,TOTAL PARTICULATES AS SCREENING LEVEL. LOWEST FEASIBLE CONCENTRATION.
,,"GRAIN DUST, OAT, WHEAT, BARLEY",,,0,1.0000000000000000e+01,0,,,0,,0,,0,,0,,NONE.,,0,4.0000000000000000e+00,0,,,0,,0,,0,,0,,NONE.
,,CHROMIUM (II) COMPOUNDS,5.2000000000000000e+01,2.3509615384615384e-01,1,5.0000000000000000e-01,0,as Cr,,0,,0,,0,,0,,,2.3509615384615384e-01,1,5.0000000000000000e-01,0,as Cr,,0,,0,,0,,0,,NONE.
75127,75-12-7,FORMAMIDE,4.5049999999999997e+01,,0,,0,,,0,,0,,0,,0,,,1.0000000000000000e+01,0,1.5000000000000000e+01,0,,,0,,0,,0,,0,,
7782492,7782-49-2,SELENIUM,7.8959999999999994e+01,6.1930091185410346e-02,1,2.0000000000000001e-01,0,,,0,,0,,0,,0,,NONE.,,0,2.0000000000000001e-01,0,,,0,,0,,0,,0,,NONE.
13494809,13494-80-9,TELLERIUM,1.2759999999999999e+02,1.9161442006269597e-02,1,1.0000000000000001e-01,0,,,0,,0,,0,,0,,NONE.,1.9161442006269597e-02,1,1.0000000000000001e-01,0,,,0,,0,,0,,0,,NONE.
7440672,7440-67-2,ZIRCONIUM,9.1219999999999999e+01,1.3401666301249726e+00,1,5.0000000000000000e+00,0,,,0,,0,,0,,0,,NONE.,1.3401666301249726e+00,1,5.0000000000000000e+00,0,,2.6803332602499452e+00,1,1.0000000000000000e+01,0,,0,,0,,VALUE FOR ZIRCONIUM COMPOUNDS EXCEPT ZIRCONIUM TETRACHLORIDE.
,,CHROMIUM (III) COMPOUNDS,5.2000000000000000e+01,2.3509615384615384e-01,1,5.0000000000000000e-01,0,as Cr,,0,,0,,0,,0,,,2.3509615384615384e-01,1,5.0000000000000000e-01,0,as Cr,,0,,0,,0,,0,,NONE.
,,ROSIN CORE SOLDER PYROLYSIS PRODUCTS (AS FORMALDEHYDE),3.0030000000000001e+01,,0,,0,,,0,,0,,0,,0,,,8.1418581418581423e-02,1,1.0000000000000001e-01,0,,,0,,0,,0,,0,,"VALUE BASED ON 15 MINUTES IN THE PRESENCE OF FORMALDEHYDE, ACETALDEHYDE, OR MALONALDEHYDE."
,,WOOD DUST,,,0,5.0000000000000000e+00,0,respirable fraction,,0,,0,,0,,0,,,,0,1.0000000000000000e+00,0,,,0,,0,,0,,0,,LOWEST FEASIBLE CONCENTRATION.
,,"IRON SALTS, SOLUBLE",5.5850000000000001e+01,,0,,0,as Fe,,0,,0,,0,,0,,,4.3777976723366158e-01,1,1.0000000000000000e+00,0,as Fe,,0,,0,,0,,0,,NONE.
,,"ALUMINUM, PYRO POWDERS AND WELDING FUMES",2.6980000000000000e+01,,0,,0,as Al,,0,,0,,0,,0,,NONE.,4.5311341734618233e+00,1,5.0000000000000000e+00,0,as Al,,0,,0,,0,,0,,
59355758,59355-75-8,METHYL ACETYLENE-PROPADIENE MIXTURE,4.0070000000000000e+01,1.0000000000000000e+03,0,1.8000000000000000e+03,0,,,0,,0,,0,,0,,NONE.,1.0000000000000000e+03,0,1.8000000000000000e+03,0,,1.2500000000000000e+03,0,2.2500000000000000e+03,0,,0,,0,,NONE.
,,"COTTON, RAW",,,0,1.0000000000000000e+00,0,,,0,,0,,0,,0,,NONE.,,0,,0,,,0,,0,,0,,0,,
,,IRON OXIDE,5.5850000000000001e+01,4.3777976723366159e+00,1,1.0000000000000000e+01,0,dust and fume; as Fe,,0,,0,,0,,0,,NONE.,2.1888988361683079e+00,1,5.0000000000000000e+00,0,"dust and fume, as Fe",,0,,0,,0,,0,,
,,FIBROUS GLASS,,,0,5.0000000000000000e+00,0,respirable fraction,,0,,0,,0,,0,,NONE.,,0,5.0000000000000000e+00,0,total,,0,,0,,0,,0,3,(FIBERS LESS THAN OR EQUAL TO 3.5 UM IN DIAMETER AND LESS THAN OR EQUAL TO 10 UM IN LENGTH)  5 MG/M3 (TOTAL).  UNITS ARE F/CC.
,,HEXANE ISOMERS,,,0,,0,,,0,,0,,0,,0,,,1.0000000000000000e+02,0,3.5000000000000000e+02,0,,,0,,0,5.1000000000000000e+02,0,1.8000000000000000e+03,0,,SYN - N-HEXANE CAS NUMBER 110-54-3.  VALUES BASED ON 15 MINUTES.
7440417,7440-41-7,BERYLLIUM,9.0099999999999998e+00,5.4273029966703662e-03,1,2.0000000000000000e-03,0,,6.7841287458379584e-02,1,2.5000000000000001e-02,0,5.0000000000000001e-03,0,1.8425357873210633e-03,1,,NONE.,1.3568257491675915e-03,1,5.0000000000000001e-04,0,,,0,,0,,0,,0,,LOWEST FEASIBLE CONCENTRATION NOT TO EXCEED 0.0005 MG/M3.
50000,50-00-0,FORMALDEHYDE,3.0030000000000001e+01,7.5000000000000000e-01,0,9.2116564417177915e-01,1,,2.0000000000000000e+00,0,2.4564417177914111e+00,1,,0,,0,,SEE 29 CFR 1910.1048.,1.6000000000000000e-02,0,1.9651533742331289e-02,1,,,0,,0,1.0000000000000001e-01,0,1.2282208588957055e-01,1,,VALUE BASED ON 15 MINUTES.  LOWEST FEASIBLE CONCENTRATION.
50293,50-29-3,DICHLORODIPHENYLTRICHLOROETHANE,3.5448000000000002e+02,6.8974272173324302e-02,1,1.0000000000000000e+00,0,,,0,,0,,0,,0,,NONE.,3.4487136086662151e-02,1,5.0000000000000000e-01,0,,,0,,0,,0,,0,,LOWEST FEASIBLE CONCENTRATION.
50782,50-78-2,ACETYLSALICYCLIC ACID,1.8016999999999999e+02,,0,,0,,,0,,0,,0,,0,,,6.7852583670977418e-01,1,5.0000000000000000e+00,0,,,0,,0,,0,,0,,SYN - ASPIRIN.
54115,54-11-5,NICOTINE,1.6225999999999999e+02,7.5342043633674347e-02,1,5.0000000000000000e-01,0,,,0,,0,,0,,0,,NONE.,7.5342043633674347e-02,1,5.0000000000000000e-01,0,,,0,,0,,0,,0,,NONE.
55630,55-63-0,NITROGLYCERINE,2.2711000000000001e+02,,0,,0,,,0,,0,2.0000000000000001e-01,0,2.0000000000000000e+00,0,,SYN - NG.,,0,,0,,1.0765708247104927e-02,1,1.0000000000000001e-01,0,,0,,0,,SYN - NG.
56235,56-23-5,CARBON TETRACHLORIDE,1.5381000000000000e+02,1.0000000000000000e+01,0,6.2907975460122699e+01,1,,2.0000000000000000e+02,0,1.2581595092024540e+03,1,2.5000000000000000e+01,0,1.5726993865030676e+02,1,,VALUES FROM PEL TABLE Z-2: ACCEPTABLE MAXIMUM PEAK ABOVE THE ACCEPTABLE MAXIMUM CEILING CONCENTRATION FOR AN 8-HOUR SHIFT: 200 PPM/5 MIN. IN ANY 4 HRS. B. NIOSH - VALUES BASED ON 60 MINUTES.,,0,,0,,2.0000000000000000e+00,0,1.2600000000000000e+01,0,,0,,0,,LOWEST FEASIBLE CONCENTRATION. VALUE BASED ON 60 MINUTES.
56382,56-38-2,PARATHION,2.9127999999999997e+02,8.3939851689096411e-03,1,1.0000000000000001e-01,0,,,0,,0,,0,,0,,NONE.,4.1969925844548206e-03,1,5.0000000000000003e-02,0,,,0,,0,,0,,0,,NONE.
56815,56-81-5,GLYCERIN,9.2109999999999999e+01,1.3272174573879059e+00,1,5.0000000000000000e+00,0,respirable fraction,,0,,0,,0,,0,,NONE.,,0,,0,,,0,,0,,0,,0,,
57147,57-14-7,"1,1-DIMETHYLHYDRAZINE",6.0119999999999997e+01,5.0000000000000000e-01,0,1.0000000000000000e+00,0,,,0,,0,,0,,0,,VALUES BASED ON 120 MINUTES.,,0,,0,,,0,,0,5.9999999999999998e-02,0,1.4999999999999999e-01,0,,LOWEST FEASIBLE CONCENTRATION.  VALUE BASED ON 2 HOURS
57249,57-24-9,STRYCHNINE,3.3444999999999999e+02,1.0965764688294213e-02,1,1.4999999999999999e-01,0,,,0,,0,,0,,0,,NONE.,1.0965764688294213e-02,1,1.4999999999999999e-01,0,,,0,,0,,0,,0,,NONE.
57501,57-50-1,SUCROSE,3.4233999999999997e+02,3.5710112753403050e-01,1,5.0000000000000000e+00,0,respirable fraction,,0,,0,,0,,0,,NONE.,3.5710112753403050e-01,1,5.0000000000000000e+00,0,respirable fraction,,0,,0,,0,,0,,NONE.
57749,57-74-9,CHLORDANE,4.0975999999999999e+02,2.9834537290121046e-02,1,5.0000000000000000e-01,0,,,0,,0,,0,,0,,NONE.,2.9834537290121046e-02,1,5.0000000000000000e-01,0,,,0,,0,,0,,0,,NONE.
298000,298-00-0,METHYL PARATHION,2.6322000000000003e+02,,0,,0,,,0,,0,,0,,0,,,1.8577615682698882e-02,1,2.0000000000000001e-01,0,,,0,,0,,0,,0,,NONE.
298022,298-02-2,PHORATE,2.6038999999999999e+02,,0,,0,,,0,,0,,0,,0,,,4.6948807557893940e-03,1,5.0000000000000003e-02,0,,1.8779523023157576e-02,1,2.0000000000000001e-01,0,,0,,0,,SYN - THIMET.
298044,298-04-4,DISULFOTON,2.7442000000000002e+02,,0,,0,,,0,,0,,0,,0,,,8.9097004591502087e-03,1,1.0000000000000001e-01,0,,,0,,0,,0,,0,,NONE.
299843,299-84-3,RONNEL,3.2154000000000002e+02,1.1406045904086584e+00,1,1.5000000000000000e+01,0,,,0,,0,,0,,0,,NONE.,7.6040306027243887e-01,1,1.0000000000000000e+01,0,,,0,,0,,0,,0,,NONE.
299865,299-86-5,CRUFOMATE,2.9172000000000003e+02,,0,,0,,,0,,0,,0,,0,,,4.1906622788975728e-01,1,5.0000000000000000e+00,0,,1.6762649115590291e+00,1,2.0000000000000000e+01,0,,0,,0,,NONE.
300765,300-76-5,"DIMETHYL-1,2-DIBROMO-2,2-DICHLOROETHYL PHOSPHATE",3.8080000000000001e+02,1.9262079831932771e-01,1,3.0000000000000000e+00,0,,,0,,0,,0,,0,,SYN - NALED; DIBROM.,1.9262079831932771e-01,1,3.0000000000000000e+00,0,,,0,,0,,0,,0,,SYN - NALED; DIBROM.
302012,302-01-2,HYDRAZINE,3.2060000000000002e+01,1.0000000000000000e+00,0,1.3000000000000000e+00,0,,,0,,0,,0,,0,,NONE.,,0,,0,,,0,,0,2.9999999999999999e-02,0,4.0000000000000001e-02,0,,LOWEST FEASIBLE CONCENTRATION.  VALUES BASED ON 120 MINUTES.
309002,309-00-2,ALDRIN,3.6489999999999998e+02,1.6751164702658264e-02,1,2.5000000000000000e-01,0,,,0,,0,,0,,0,,NONE.,1.6751164702658264e-02,1,2.5000000000000000e-01,0,,,0,,0,,0,,0,,NONE.
314409,314-40-9,BROMACIL,2.6114999999999998e+02,,0,,0,,,0,,0,,0,,0,,,1.0000000000000000e+00,0,1.0000000000000000e+01,0,,,0,,0,,0,,0,,NONE.
330541,330-54-1,DIURON,2.3311000000000001e+02,,0,,0,,,0,,0,,0,,0,,,1.0488610527218909e+00,1,1.0000000000000000e+01,0,,,0,,0,,0,,0,,NONE.
333415,333-41-5,DIAZINON,3.0438000000000000e+02,,0,,0,,,0,,0,,0,,0,,,8.0327222550758935e-03,1,1.0000000000000001e-01,0,,,0,,0,,0,,0,,NONE.
334883,334-88-3,DIAZOMETHANE,4.2049999999999997e+01,2.0000000000000001e-01,0,4.0000000000000002e-01,0,,,0,,0,,0,,0,,NONE.,2.0000000000000001e-01,0,4.0000000000000002e-01,0,,,0,,0,,0,,0,,NONE.
353504,353-50-4,CARBONYL FLUORIDE,6.6010000000000005e+01,,0,,0,,,0,,0,,0,,0,,,2.0000000000000000e+00,0,5.0000000000000000e+00,0,,5.0000000000000000e+00,0,1.5000000000000000e+01,0,,0,,0,,NONE.
406906,406-90-6,FLUROXENE,,,0,,0,,,0,,0,,0,,0,,,,0,,0,,,0,,0,2.0000000000000000e+00,0,1.0300000000000001e+01,0,,VALUE BASED ON 60 MINUTES.  REL FOR EXPOSURE TO WASTE ANESTHETIC GAS.
409212,409-21-2,SILICON CARBIDE,4.0100000000000001e+01,3.0486284289276808e+00,1,5.0000000000000000e+00,0,respirable fraction,,0,,0,,0,,0,,NONE.,3.0486284289276808e+00,1,5.0000000000000000e+00,0,respirable fraction,,0,,0,,0,,0,,NONE.
420042,420-04-2,CYANAMIDE,4.2049999999999997e+01,,0,,0,,,0,,0,,0,,0,,,1.1629013079667063e+00,1,2.0000000000000000e+00,0,,,0,,0,,0,,0,,NONE.
460195,460-19-5,CYANOGEN,5.2039999999999999e+01,,0,,0,,,0,,0,,0,,0,,,1.0000000000000000e+01,0,2.0000000000000000e+01,0,,,0,,0,,0,,0,,NONE.
463514,463-51-4,KETENE,,5.0000000000000000e-01,0,9.0000000000000002e-01,0,,,0,,0,,0,,0,,NONE.,5.0000000000000000e-01,0,9.0000000000000002e-01,0,,1.5000000000000000e+00,0,3.0000000000000000e+00,0,,0,,0,,NONE.
479458,479-45-8,TETRYL,2.8714999999999998e+02,1.2772070346508793e-01,1,1.5000000000000000e+00,0,,,0,,0,,0,,0,,"SYN - 2,4,6-TRINITROPHENYL-METHYL-NITRAMINE.",1.2772070346508793e-01,1,1.5000000000000000e+00,0,,,0,,0,,0,,0,,"SYN - 2,4,6-TRINITROPHENYL-METHYL-NITRAMINE."
504290,504-29-0,2-AMINOPYRIDINE,9.4129999999999995e+01,5.0000000000000000e-01,0,2.0000000000000000e+00,0,,,0,,0,,0,,0,,NONE.,5.0000000000000000e-01,0,2.0000000000000000e+00,0,,,0,,0,,0,,0,,NONE.
506774,506-77-4,CYANOGEN CHLORIDE,6.1469999999999999e+01,,0,,0,,,0,,0,,0,,0,,,,0,,0,,,0,,0,2.9999999999999999e-01,0,5.9999999999999998e-01,0,,NONE.
509148,509-14-8,TETRANITROMETHANE,1.9605000000000001e+02,1.0000000000000000e+00,0,8.0000000000000000e+00,0,,,0,,0,,0,,0,,NONE.,1.0000000000000000e+00,0,8.0000000000000000e+00,0,,,0,,0,,0,,0,,NONE.
526738,526-73-8,"1,2,3-TRIMETHYLBENZENE",,,0,,0,,,0,,0,,0,,0,,,2.5000000000000000e+01,0,1.2500000000000000e+02,0,,,0,,0,,0,,0,,NONE.
528290,528-29-0,O-DINITROBENZENE,1.6812000000000000e+02,1.4543183440399712e-01,1,1.0000000000000000e+00,0,,,0,,0,,0,,0,,"OTHER ISOMERS:  CAS NUMBERS:  000099-65-0, 000100-25-4.",1.4543183440399712e-01,1,1.0000000000000000e+00,0,,,0,,0,,0,,0,,"OTHER ISOMERS:  CAS NUMBERS:  000099-65-0, 000100-25-4."
532274,532-27-4,ALPHA-CHLOROACETOPHENONE,1.5459999999999999e+02,5.0000000000000003e-02,0,2.9999999999999999e-01,0,,,0,,0,,0,,0,,SYN - PHENACYL CHLORIDE.,5.0000000000000003e-02,0,2.9999999999999999e-01,0,,,0,,0,,0,,0,,SYN - PHENACYL CHLORIDE.
534521,534-52-1,DINITRO-O-CRESOL,1.9815000000000001e+02,2.4678274034822107e-02,1,2.0000000000000001e-01,0,,,0,,0,,0,,0,,NONE.,2.4678274034822107e-02,1,2.0000000000000001e-01,0,,,0,,0,,0,,0,,NONE.
540590,540-59-0,"1,2-DICHLOROETHYLENE",9.6939999999999998e+01,2.0000000000000000e+02,0,7.9000000000000000e+02,0,,,0,,0,,0,,0,,SYN - ACETYLENE DICHLORIDE.,2.0000000000000000e+02,0,7.9000000000000000e+02,0,,,0,,0,,0,,0,,SYN - ACETYLENE DICHLORIDE.
540885,540-88-5,TERT-BUTYL ACETATE,1.1618000000000001e+02,2.0000000000000000e+02,0,9.5000000000000000e+02,0,,,0,,0,,0,,0,,NONE.,2.0000000000000000e+02,0,9.5000000000000000e+02,0,,,0,,0,,0,,0,,NONE.
541855,541-85-5,ETHYL AMYL KETONE,1.2824000000000001e+02,2.5000000000000000e+01,0,1.3000000000000000e+02,0,,,0,,0,,0,,0,,SYN - 5-METHYL-3-HEPTANONE.,2.5000000000000000e+01,0,1.3000000000000000e+02,0,,,0,,0,,0,,0,,SYN - 5-METHYL-3-HEPTANONE.
542756,542-75-6,"1,3-DICHLOROPROPENE",1.1097000000000000e+02,,0,,0,,,0,,0,,0,,0,,,1.0000000000000000e+00,0,5.0000000000000000e+00,0,,,0,,0,,0,,0,,SYN - DICHLOROPROPENE.  LOWEST FEASIBLE CONCENTRATION.
542927,542-92-7,CYCLOPENTADIENE,6.6109999999999999e+01,7.5000000000000000e+01,0,2.0000000000000000e+02,0,,,0,,0,,0,,0,,NONE.,7.5000000000000000e+01,0,2.0000000000000000e+02,0,,,0,,0,,0,,0,,NONE.
546930,546-93-0,MAGNESITE,8.4310000000000002e+01,1.4500059304946031e+00,1,5.0000000000000000e+00,0,respirable fraction,,0,,0,,0,,0,,NONE.,1.4500059304946031e+00,1,5.0000000000000000e+00,0,respirable fraction,,0,,0,,0,,0,,NONE.
552307,552-30-7,TRIMELLITIC ANHYDRIDE,1.9213000000000000e+02,,0,,0,,,0,,0,,0,,0,,,5.0000000000000001e-03,0,4.0000000000000001e-02,0,,,0,,0,,0,,0,,SYN - TMA.  HANDLE IN THE WORKLACE AS AN EXTREMELY TOXIC SUBSTANCE.
556525,556-52-5,GLYCIDOL,7.4090000000000003e+01,5.0000000000000000e+01,0,1.5000000000000000e+02,0,,,0,,0,,0,,0,,"SYN - 2,3-EPOXY-1-PROPANOL.",2.5000000000000000e+01,0,7.5000000000000000e+01,0,,,0,,0,,0,,0,,"SYN - 2,3-EPOXY-1-PROPANOL."
557051,557-05-1,ZINC STEARATE,6.3242999999999995e+02,1.9330202552061099e-01,1,5.0000000000000000e+00,0,respirable fraction,,0,,0,,0,,0,,NONE.,1.9330202552061099e-01,1,5.0000000000000000e+00,0,respirable fraction,,0,,0,,0,,0,,NONE.
558134,558-13-4,CARBON TETRABROMIDE,,,0,,0,,,0,,0,,0,,0,,,1.0000000000000001e-01,0,1.3999999999999999e+00,0,,2.9999999999999999e-01,0,4.0000000000000000e+00,0,,0,,0,,NONE.
563122,563-12-2,ETHION,3.8449000000000001e+02,,0,,0,,,0,,0,,0,,0,,,2.5436292231267397e-02,1,4.0000000000000002e-01,0,,,0,,0,,0,,0,,SYN - NIALATE.
563804,563-80-4,METHYL ISOPROPYL KETONE,8.6150000000000006e+01,,0,,0,,,0,,0,,0,,0,,,2.0000000000000000e+02,0,7.0500000000000000e+02,0,,,0,,0,,0,,0,,NONE.
583608,583-60-8,O-METHYLCYCLOHEXANONE,,1.0000000000000000e+02,0,4.6000000000000000e+02,0,,,0,,0,,0,,0,,SYN - 2-METHYLCYCLOHEXANONE.,5.0000000000000000e+01,0,2.3000000000000000e+02,0,,7.5000000000000000e+01,0,3.4500000000000000e+02,0,,0,,0,,SYN - 2-METHYLCYCLOHEXANONE.
584849,584-84-9,"TOLUENE-2,4-DIISOCYANATE",1.7416999999999999e+02,,0,,0,,,0,,0,2.0000000000000000e-02,0,1.4000000000000001e-01,0,,NONE.,,0,,0,,,0,,0,,0,,0,,LOWEST FEASIBLE CONCENTRATION.
626380,626-38-0,SEC-AMYL ACETATE,,1.2500000000000000e+02,0,6.5000000000000000e+02,0,,,0,,0,,0,,0,,NONE.,1.2500000000000000e+02,0,6.5000000000000000e+02,0,,,0,,0,,0,,0,,NONE.
627134,627-13-4,N-PROPYL NITRATE,,2.5000000000000000e+01,0,1.1000000000000000e+02,0,,,0,,0,,0,,0,,NONE.,2.5000000000000000e+01,0,1.0500000000000000e+02,0,,4.0000000000000000e+01,0,1.0700000000000000e+02,0,,0,,0,,NONE.
628637,628-63-7,N-AMYL ACETATE,1.3021000000000001e+02,1.0000000000000000e+02,0,5.2500000000000000e+02,0,,,0,,0,,0,,0,,NONE.,1.0000000000000000e+02,0,5.2500000000000000e+02,0,,,0,,0,,0,,0,,NONE.
628966,628-96-6,ETHYLENE GLYCOL DINITRATE,1.5208000000000001e+02,,0,,0,,,0,,0,2.0000000000000001e-01,0,1.0000000000000000e+00,0,,NONE.,,0,,0,,1.6077064702788007e-02,1,1.0000000000000001e-01,0,,0,,0,,NONE.
630080,630-08-0,CARBON MONOXIDE,,5.0000000000000000e+01,0,5.5000000000000000e+01,0,,,0,,0,,0,,0,,NONE.,3.5000000000000000e+01,0,4.0000000000000000e+01,0,,,0,,0,2.0000000000000000e+02,0,2.2900000000000000e+02,0,,NONE.
638211,638-21-1,PHENYLPHOSPINE,,,0,,0,,,0,,0,,0,,0,,,,0,,0,,,0,,0,5.0000000000000003e-02,0,2.5000000000000000e-01,0,,NONE.
681845,681-84-5,METHYL SILICATE,1.5225000000000000e+02,,0,,0,,,0,,0,,0,,0,,,1.0000000000000000e+00,0,6.0000000000000000e+00,0,,,0,,0,,0,,0,,NONE.
684162,684-16-2,HEXAFLUOROACETONE,1.6603000000000000e+02,,0,,0,,,0,,0,,0,,0,,,1.0000000000000001e-01,0,6.9999999999999996e-01,0,,,0,,0,,0,,0,,NONE.
768525,768-52-5,N-ISOPROPYLANILINE,1.3522999999999999e+02,,0,,0,,,0,,0,,0,,0,,,2.0000000000000000e+00,0,1.0000000000000000e+01,0,,,0,,0,,0,,0,,NONE.
822060,822-06-0,HEXAMETHYLENE DIISOCYANATE,1.6822000000000000e+02,,0,,0,,,0,,0,,0,,0,,,5.0000000000000001e-03,0,3.5000000000000001e-03,0,,,0,,0,2.0000000000000000e-02,0,1.4000000000000000e-02,0,,VALUES BASED ON 10 MINUTES.
944229,944-22-9,FONOFOS,2.4634000000000000e+02,,0,,0,,,0,,0,,0,,0,,,9.9253064869692306e-03,1,1.0000000000000001e-01,0,,,0,,0,,0,,0,,NONE.
999611,999-61-1,2-HYDROXYPROPYL ACRYLATE,,,0,,0,,,0,,0,,0,,0,,,5.0000000000000000e-01,0,3.0000000000000000e+00,0,,,0,,0,,0,,0,,NONE.
1189851,1189-85-1,TERT-BUTYL CHROMATE,9.9989999999999995e+01,,0,,0,as CrO3,,0,,0,2.4452445244524456e-02,1,1.0000000000000001e-01,0,,NONE.,2.4452445244524455e-04,1,1.0000000000000000e-03,0,as CrO3,,0,,0,,0,,0,,LOWEST FEASIBLE CONCENTRATION.
1300738,1300-73-8,"XYLIDINE, MIXED ISOMERS",1.2120000000000000e+02,5.0000000000000000e+00,0,2.5000000000000000e+01,0,,,0,,0,,0,,0,,SYN - DIMETHYLAMINOBENZENE.,2.0000000000000000e+00,0,1.0000000000000000e+01,0,,,0,,0,,0,,0,,SYN - DIMETHYLAMINOBENZENE.
1302745,1302-74-5,EMERY,1.0190000000000001e+02,1.1997055937193326e+00,1,5.0000000000000000e+00,0,respirable fraction,,0,,0,,0,,0,,NONE.,,0,,0,,,0,,0,,0,,0,,
1303862,1303-86-2,BORON OXIDE,6.9620000000000005e+01,5.2678827923010623e+00,1,1.5000000000000000e+01,0,,,0,,0,,0,,0,,NONE.,3.5119218615340415e+00,1,1.0000000000000000e+01,0,,,0,,0,,0,,0,,NONE.
1303964,1303-96-4,"BORATES, TETRA, SODIUM SALTS (DECAHYDRATE)",3.8139999999999998e+02,,0,,0,,,0,,0,,0,,0,,,3.2052962768746723e-01,1,5.0000000000000000e+00,0,,1.2821185107498689e+00,1,2.0000000000000000e+01,0,,0,,0,,SYN - BORAX.
,,"BISMUTH TELLURIDE, UNDOPED",8.0083000000000004e+02,1.5265412134910031e-01,1,5.0000000000000000e+00,0,"respirable fraction, as Bi2Te3",,0,,0,,0,,0,,NONE.,1.5265412134910031e-01,1,5.0000000000000000e+00,0,"respirable fraction, as Bi2Te3",,0,,0,,0,,0,,NONE.
1305620,1305-62-0,CALCIUM HYDROXIDE,7.4099999999999994e+01,1.6497975708502026e+00,1,5.0000000000000000e+00,0,respirable fraction,,0,,0,,0,,0,,NONE.,1.6497975708502026e+00,1,5.0000000000000000e+00,0,,,0,,0,,0,,0,,NONE.
1305788,1305-78-8,CALCIUM OXIDE,5.6079999999999998e+01,2.1799215406562054e+00,1,5.0000000000000000e+00,0,,,0,,0,,0,,0,,NONE.,8.7196861626248212e-01,1,2.0000000000000000e+00,0,,,0,,0,,0,,0,,NONE.
1309371,1309-37-1,IRON OXIDE,5.5850000000000001e+01,2.1888988361683079e+00,1,5.0000000000000000e+00,0,respirable fraction,,0,,0,,0,,0,,NONE.,,0,,0,,,0,,0,,0,,0,,NONE.
1309484,1309-48-4,MAGNESIUM OXIDE,4.0299999999999997e+01,9.1004962779156333e+00,1,1.5000000000000000e+01,0,,,0,,0,,0,,0,,NONE.,,0,,0,,,0,,0,,0,,0,,
1310583,1310-58-3,POTASSIUM HYDROXIDE,5.6109999999999999e+01,,0,,0,,,0,,0,,0,,0,,,8.7150240598823736e-01,1,2.0000000000000000e+00,0,,,0,,0,,0,,0,,NONE.
1310732,1310-73-2,SODIUM HYDROXIDE,4.0000000000000000e+01,1.2224999999999999e+00,1,2.0000000000000000e+00,0,,,0,,0,,0,,0,,NONE.,,0,,0,,,0,,0,1.2224999999999999e+00,1,2.0000000000000000e+00,0,,NONE.
1314132,1314-13-2,ZINC OXIDE,8.1390000000000001e+01,1.5020272760781423e+00,1,5.0000000000000000e+00,0,respirable dust/fume,,0,,0,,0,,0,,NONE.,1.5020272760781423e+00,1,5.0000000000000000e+00,0,dust/fume,,0,,0,,0,,0,,NONE.
7440622,7440-62-2,VANADIUM,1.8188000000000000e+02,,0,,0,as V2O5,,0,,0,6.7214647020013202e-02,1,5.0000000000000000e-01,0,,NONE.,,0,,0,as V2O5,,0,,0,6.7214647020013207e-03,1,5.0000000000000003e-02,0,,VALUE IS BASED ON 15 MINUTES.
1314803,1314-80-3,PHOSPHORUS PENTASULFIDE,2.2225000000000000e+02,1.1001124859392576e-01,1,1.0000000000000000e+00,0,,,0,,0,,0,,0,,NONE.,1.1001124859392576e-01,1,1.0000000000000000e+00,0,,3.3003374578177724e-01,1,3.0000000000000000e+00,0,,0,,0,,NONE.
1317357,1317-35-7,MANGANESE TETROXIDE,2.2881200000000001e+02,,0,,0,,,0,,0,5.3428141880670588e-01,1,5.0000000000000000e+00,0,,NONE.,,0,,0,,,0,,0,,0,,0,,
1317653,1317-65-3,CALCIUM CARBONATE,1.0009999999999999e+02,1.2212787212787213e+00,1,5.0000000000000000e+00,0,respirable fraction,,0,,0,,0,,0,,"SYN - MARBLE, LIMESTONE.",1.2212787212787213e+00,1,5.0000000000000000e+00,0,respirable fraction,,0,,0,,0,,0,,"SYN - MARBLE, LIMESTONE."
1317959,1317-95-9,"SILICA, CRYSTALLINE TRIPOLI",6.0079999999999998e+01,,0,,0,,,0,,0,,0,,0,,,2.0347869507323573e-02,1,5.0000000000000003e-02,0,as respirable dust,,0,,0,,0,,0,,LOWEST FEASIBLE CONCENTRATION.
1319773,1319-77-3,"CRESOL, ALL ISOMERS",1.0815000000000001e+02,5.0000000000000000e+00,0,2.2000000000000000e+01,0,,,0,,0,,0,,0,,OTHER CAS NUMBERS: 95-48-7; 108-39-4; 106-44-5.,,0,,0,,,0,,0,,0,,0,,
1321648,1321-64-8,PENTACHLORONAPHTHALENE,3.0039999999999998e+02,4.0695739014647139e-02,1,5.0000000000000000e-01,0,,,0,,0,,0,,0,,NONE.,4.0695739014647139e-02,1,5.0000000000000000e-01,0,,,0,,0,,0,,0,,NONE.
1321659,1321-65-9,TRICHLORONAPHTHALENE,2.3150999999999999e+02,5.2805494363094474e-01,1,5.0000000000000000e+00,0,,,0,,0,,0,,0,,NONE.,5.2805494363094474e-01,1,5.0000000000000000e+00,0,,,0,,0,,0,,0,,NONE.
1321740,1321-74-0,DIVINYL BENZENE,1.3019999999999999e+02,,0,,0,,,0,,0,,0,,0,,,1.0000000000000000e+01,0,5.0000000000000000e+01,0,,,0,,0,,0,,0,,NONE.
1330434,1330-43-4,"BORATES, TETRA, SODIUM SALTS (ANHYDROUS)",2.0119999999999999e+02,,0,,0,,,0,,0,,0,,0,,,1.2152087475149105e-01,1,1.0000000000000000e+00,0,,,0,,0,,0,,0,,NONE.
1332587,1332-58-7,KAOLIN,,,0,5.0000000000000000e+00,0,respirable fraction,,0,,0,,0,,0,,NONE.,,0,5.0000000000000000e+00,0,respirable fraction,,0,,0,,0,,0,,NONE.
1333864,1333-86-4,CARBON BLACK,1.2010000000000000e+01,7.1253122398001665e+00,1,3.5000000000000000e+00,0,,,0,,0,,0,,0,,0.1 MG PAHS/M3.,7.1253122398001665e+00,1,3.5000000000000000e+00,0,,,0,,0,,0,,0,,LOWEST FEASIBLE CONCENTRATION.  IN THE PRESENCE OF PAHS; CARCINOGEN; LIMIT PAHS TO 0.1 MG/M3 TWA (DETERMINED AS CYCLOHEXANE EXTRACTABLE FRACTION).
1335871,1335-87-1,HEXACHLORONAPHTHALENE,3.3481999999999999e+02,1.4604862314079209e-02,1,2.0000000000000001e-01,0,,,0,,0,,0,,0,,NONE.,1.4604862314079209e-02,1,2.0000000000000001e-01,0,,,0,,0,,0,,0,,NONE.
1335882,1335-88-2,TETRACHLORONAPHTHALENE,2.6595999999999998e+02,1.8386223492254475e-01,1,2.0000000000000000e+00,0,,,0,,0,,0,,0,,NONE.,1.8386223492254475e-01,1,2.0000000000000000e+00,0,,,0,,0,,0,,0,,NONE.
1338234,1338-23-4,METHYL ETHYL KETONE PEROXIDE,1.7624000000000001e+02,,0,,0,,,0,,0,,0,,0,,,,0,,0,,,0,,0,2.0000000000000001e-01,0,1.5000000000000000e+00,0,,SYN - MEKP.
1344281,1344-28-1,ALPHA-ALUMINA,1.0195999999999999e+02,1.1989996076892899e+00,1,5.0000000000000000e+00,0,respirable fraction,,0,,0,,0,,0,,SYN - ALUMINUM OXIDE.,,0,,0,,,0,,0,,0,,0,,
1344952,1344-95-2,CALCIUM SILICATE,1.7219999999999999e+02,7.0993031358885017e-01,1,5.0000000000000000e+00,0,respirable fraction,,0,,0,,0,,0,,NONE.,7.0993031358885017e-01,1,5.0000000000000000e+00,0,respirable fraction,,0,,0,,0,,0,,NONE.
1395217,1395-21-7,SUBSTILISINS (PROTEOLYTIC ENZYMES AS 100% PURE CRYSTALLINE ENZYME),,,0,,0,,,0,,0,,0,,0,,,,0,,0,,,0,6.0000000000000002e-05,0,,0,,0,,VALUE BASED ON 60 MINUTES.
1455216,1455-21-6,1-NONANETHIOL,,,0,,0,,,0,,0,,0,,0,,,,0,,0,,,0,,0,5.0000000000000000e-01,0,3.2999999999999998e+00,0,,VALUE BASED ON 15 MINUTES.
1477550,1477-55-0,"M-XYLENE A,A'-DIAMINE",1.3622000000000000e+02,,0,,0,,,0,,0,,0,,0,,,,0,,0,,,0,,0,1.7948906181177508e-02,1,1.0000000000000001e-01,0,,NONE.
1563662,1563-66-2,CARBOFURAN,2.2128000000000000e+02,,0,,0,,,0,,0,,0,,0,,,1.1049349240780913e-02,1,1.0000000000000001e-01,0,,,0,,0,,0,,0,,SYN - FURADAN.
1569693,1569-69-3,CYCLOHEXANETHIOL,1.1623999999999999e+02,,0,,0,,,0,,0,,0,,0,,,,0,,0,,,0,,0,5.0000000000000000e-01,0,2.3999999999999999e+00,0,,VALUE BASED ON 15 MINUTES.
1639094,1639-09-4,1-HEPTANETHIOL,,,0,,0,,,0,,0,,0,,0,,,,0,,0,,,0,,0,5.0000000000000000e-01,0,2.7000000000000002e+00,0,,VALUE BASED ON 15 MINUTES.
1910425,1910-42-5,PARAQUAT DICHLORIDE,2.5718000000000001e+02,4.7534800528812503e-02,1,5.0000000000000000e-01,0,,,0,,0,,0,,0,,,9.5069601057625013e-03,1,1.0000000000000001e-01,0,,,0,,0,,0,,0,,VALUE IS FOR RESPIRABLE DUST.
1912249,1912-24-9,ATRAZINE,2.1572000000000000e+02,,0,,0,,,0,,0,,0,,0,,,5.6670684220285561e-01,1,5.0000000000000000e+00,0,,,0,,0,,0,,0,,NONE.
1918021,1918-02-1,PICLORAM,2.4146000000000001e+02,5.0629503851569613e-01,1,5.0000000000000000e+00,0,respirable fraction,,0,,0,,0,,0,,SYN - TORDON.,,0,,0,,,0,,0,,0,,0,,
1929824,1929-82-4,2-CHLORO-6-TRICHLOROMETHYL PYRIDINE,2.3090000000000001e+02,5.2944997834560414e-01,1,5.0000000000000000e+00,0,respirable fraction,,0,,0,,0,,0,,SYN - NITRAPYRIN.,5.2944997834560414e-01,1,5.0000000000000000e+00,0,respirable fraction,5.2944997834560414e-01,1,5.0000000000000000e+00,0,,0,,0,,SYN - NITRAPYRIN.
2039874,2039-87-4,O-CHLOROSTYRENE,,,0,,0,,,0,,0,,0,,0,,,5.0000000000000000e+01,0,2.8500000000000000e+02,0,,7.5000000000000000e+01,0,4.2800000000000000e+02,0,,0,,0,,NONE.
2104645,2104-64-5,EPN,3.2331000000000000e+02,3.7812007052055299e-02,1,5.0000000000000000e-01,0,,,0,,0,,0,,0,,NONE.,3.7812007052055299e-02,1,5.0000000000000000e-01,0,,,0,,0,,0,,0,,NONE.
2179591,2179-59-1,ALLYL PROPYL DISULFIDE,,2.0000000000000000e+00,0,1.2000000000000000e+01,0,,,0,,0,,0,,0,,NONE.,2.0000000000000000e+00,0,1.2000000000000000e+01,0,,3.0000000000000000e+00,0,1.8000000000000000e+01,0,,0,,0,,NONE.
2234131,2234-13-1,OCTACHLORONAPHTHALENE,4.0369999999999999e+02,6.0564775823631414e-03,1,1.0000000000000001e-01,0,,,0,,0,,0,,0,,NONE.,6.0564775823631414e-03,1,1.0000000000000001e-01,0,,1.8169432747089421e-02,1,2.9999999999999999e-01,0,,0,,0,,NONE.
2238075,2238-07-5,DIGLYCIDYL ETHER,,,0,,0,,,0,,0,5.0000000000000000e-01,0,2.7999999999999998e+00,0,,SYN - DGE.,1.0000000000000001e-01,0,5.0000000000000000e-01,0,,,0,,0,,0,,0,,SYN - DGE.  LOWEST FEASIBLE CONCENTRATION.
2425061,2425-06-1,CAPTAFOL,3.4906000000000000e+02,,0,,0,,,0,,0,,0,,0,,,7.0045264424454254e-03,1,1.0000000000000001e-01,0,,,0,,0,,0,,0,,SYN - DIFOLATAN.  LOWEST FEASIBLE CONCENTRATION.
2426086,2426-08-6,N-BUTYL GLYCIDYL ETHER,1.3021000000000001e+02,5.0000000000000000e+01,0,2.7000000000000000e+02,0,,,0,,0,,0,,0,,SYN - BGE; BUTYL GLYCIDYL ETHER.,,0,,0,,,0,,0,5.5999999999999996e+00,0,3.0000000000000000e+01,0,,SYN - BGE; BUTYL GLYCIDYL ETHER.  VALUE BASED ON 15 MINUTES.
2551624,2551-62-4,SULFUR HEXAFLUORIDE,,1.0000000000000000e+03,0,6.0000000000000000e+03,0,,,0,,0,,0,,0,,NONE.,1.0000000000000000e+03,0,6.0000000000000000e+03,0,,,0,,0,,0,,0,,NONE.
2698411,2698-41-1,O-CHLOROBENZYLIDENE MALONONITRILE,1.8862000000000000e+02,5.0000000000000003e-02,0,4.0000000000000002e-01,0,,,0,,0,,0,,0,,NONE.,,0,,0,,,0,,0,5.0000000000000003e-02,0,4.0000000000000002e-01,0,,NONE.
2699798,2699-79-8,SULFURYL FLUORIDE,1.0206000000000000e+02,5.0000000000000000e+00,0,2.0000000000000000e+01,0,,,0,,0,,0,,0,,NONE.,5.0000000000000000e+00,0,2.0000000000000000e+01,0,,1.0000000000000000e+01,0,4.0000000000000000e+01,0,,0,,0,,NONE.
2885009,2885-00-9,1-OCTADECANETHIOL,,,0,,0,,,0,,0,,0,,0,,,,0,,0,,,0,,0,5.0000000000000000e-01,0,5.9000000000000004e+00,0,,VALUE BASED ON 15 MINUTES.
2917262,2917-26-2,1-HEXADECANETHIOL,,,0,,0,,,0,,0,,0,,0,,,,0,,0,,,0,,0,5.0000000000000000e-01,0,5.2999999999999998e+00,0,,VALUE BASED ON 15 MINUTES.
2921882,2921-88-2,CHLORPYRIFOS,3.5058999999999997e+02,,0,,0,,,0,,0,,0,,0,,,1.3947916369548478e-02,1,2.0000000000000001e-01,0,,4.1843749108645426e-02,1,5.9999999999999998e-01,0,,0,,0,,NONE.
2971906,2971-90-6,CLOPIDOL,1.9205000000000001e+02,6.3655298099453261e-01,1,5.0000000000000000e+00,0,respirable fraction,,0,,0,,0,,0,,SYN - COYDEN.,6.3655298099453261e-01,1,5.0000000000000000e+00,0,respirable fraction,2.5462119239781305e+00,1,2.0000000000000000e+01,0,,0,,0,,SYN - COYDEN.
3173726,3173-72-6,NAPHTHALENE DIISOCYANATE,2.1019999999999999e+02,,0,,0,,,0,,0,,0,,0,,,5.0000000000000001e-03,0,4.0000000000000001e-02,0,,,0,,0,2.0000000000000000e-02,0,1.7000000000000001e-01,0,,VALUE BASED ON 10 MINUTES.
3333526,3333-52-6,TETRAMETHYL SUCCINONITRILE,,5.0000000000000000e-01,0,3.0000000000000000e+00,0,,,0,,0,,0,,0,,NONE.,5.0000000000000000e-01,0,3.0000000000000000e+00,0,,,0,,0,,0,,0,,NONE.
3383968,3383-96-8,TEMEPHOS,4.6648000000000002e+02,2.6206911335962957e-01,1,5.0000000000000000e+00,0,respirable fraction,,0,,0,,0,,0,,NONE.,2.6206911335962957e-01,1,5.0000000000000000e+00,0,respirable fraction,,0,,0,,0,,0,,NONE.
3689245,3689-24-5,TEDP,3.2233999999999997e+02,1.5170317056524170e-02,1,2.0000000000000001e-01,0,,,0,,0,,0,,0,,SYN - SULFOTEPP.,1.5170317056524170e-02,1,2.0000000000000001e-01,0,,,0,,0,,0,,0,,SYN - SULFOTEPP.
4016142,4016-14-2,ISOPROPYL GLYCIDYL ETHER (IGE),,5.0000000000000000e+01,0,2.4000000000000000e+02,0,,,0,,0,,0,,0,,NONE.,,0,,0,,,0,,0,5.0000000000000000e+01,0,2.4000000000000000e+02,0,,VALUES BASED ON 15 MINUTES.
4098719,4098-71-9,ISOPHORONE DIISOCYANATE,2.2231999999999999e+02,,0,,0,,,0,,0,,0,,0,,,5.0000000000000001e-03,0,4.4999999999999998e-02,0,,2.0000000000000000e-02,0,1.7999999999999999e-01,0,,0,,0,,NONE.
4170303,4170-30-3,CROTONALDEHYDE,7.0099999999999994e+01,2.0000000000000000e+00,0,6.0000000000000000e+00,0,,,0,,0,,0,,0,,,2.0000000000000000e+00,0,6.0000000000000000e+00,0,,,0,,0,,0,,0,,NONE.
5124301,5124-30-1,METYLENE BIS(4-CYCLOHEXYLISOCYANATE),2.6238999999999999e+02,,0,,0,,,0,,0,,0,,0,,,,0,,0,,,0,,0,1.0000000000000000e-02,0,1.1000000000000000e-01,0,,NONE.
5332525,5332-52-5,1-UNDECANETHIOL,,,0,,0,,,0,,0,,0,,0,,,,0,,0,,,0,,0,5.0000000000000000e-01,0,3.8999999999999999e+00,0,,VALUE BASED ON 15 MINUTES.
5714227,5714-22-7,SULFUR PENTAFLUORIDE,,2.5000000000000001e-02,0,2.5000000000000000e-01,0,,,0,,0,,0,,0,,NONE.,,0,,0,,,0,,0,1.0000000000000000e-02,0,1.0000000000000001e-01,0,,NONE.
6032297,6032-29-7,ISOAMYL ALCOHOL SECONDARY,8.8170000000000002e+01,1.0000000000000000e+02,0,3.6000000000000000e+02,0,,,0,,0,,0,,0,,NONE.,1.0000000000000000e+02,0,3.6000000000000000e+02,0,,1.2500000000000000e+02,0,4.5000000000000000e+02,0,,0,,0,,NONE.
6423434,6423-43-4,PROPYLENE GLYCOL DINITRATE,1.6611000000000001e+02,,0,,0,,,0,,0,,0,,0,,,5.0000000000000003e-02,0,2.9999999999999999e-01,0,,,0,,0,,0,,0,,"SYN - 1,2-PROPYLENE GLYCOL DINITRATE."
6923224,6923-22-4,MONOCROTOPHOS,2.2319000000000000e+02,,0,,0,,,0,,0,,0,,0,,,2.7386979703391729e-02,1,2.5000000000000000e-01,0,,,0,,0,,0,,0,,SYN - AZODRIN.
7429905,7429-90-5,ALUMINUM,2.6980000000000000e+01,4.5311341734618233e+00,1,5.0000000000000000e+00,0,respirable fraction,,0,,0,,0,,0,,NONE.,4.5311341734618233e+00,1,5.0000000000000000e+00,0,respirable fraction,,0,,0,,0,,0,,NONE.
7439921,7439-92-1,LEAD,2.0719000000000000e+02,5.9003812925334242e-03,1,5.0000000000000003e-02,0,,,0,,0,,0,,0,,SEE 29 CFR 1910.1025.,1.1800762585066848e-02,1,1.0000000000000001e-01,0,,,0,,0,,0,,0,,NONE.
,,"MANGANESE, COMPOUNDS AND FUMES",5.4939999999999998e+01,,0,,0,as Mn,,0,,0,2.2251547142337098e+00,1,5.0000000000000000e+00,0,,NONE.,4.4503094284674188e-01,1,1.0000000000000000e+00,0,as Mn,1.3350928285402257e+00,1,3.0000000000000000e+00,0,,0,,0,,NONE.
7439976,7439-97-6,MERCURY,2.0059000000000000e+02,,0,,0,,,0,,0,1.2189042325140835e-02,1,1.0000000000000001e-01,0,,NONE.,6.0945211625704175e-03,1,5.0000000000000003e-02,0,,,0,,0,3.6567126975422500e-03,1,2.9999999999999999e-02,0,,NONE.
,,"MOLYBDENUM, SOLUBLE COMPOUNDS",9.5939999999999998e+01,1.2742338961851156e+00,1,5.0000000000000000e+00,0,as Mo,,0,,0,,0,,0,,NONE.,,0,,0,as Mo,,0,,0,,0,,0,,
7440020,7440-02-0,NICKEL,5.8710000000000001e+01,4.1645375574859478e-01,1,1.0000000000000000e+00,0,,,0,,0,,0,,0,,NONE.,6.2468063362289212e-03,1,1.4999999999999999e-02,0,,,0,,0,,0,,0,,LOWEST FEASIBLE CONCENTRATION.
7440064,7440-06-4,PLATINUM,1.9508000000000001e+02,,0,,0,,,0,,0,,0,,0,,NONE.,1.2533319663727699e-01,1,1.0000000000000000e+00,0,,,0,,0,,0,,0,,NONE.
7440166,7440-16-6,RHODIUM,1.0291000000000000e+02,2.3758624040423674e-02,1,1.0000000000000001e-01,0,as Rh,,0,,0,,0,,0,,NONE.,2.3758624040423674e-02,1,1.0000000000000001e-01,0,as Rh,,0,,0,,0,,0,,NONE.
7440213,7440-21-3,SILICON,2.8090000000000000e+01,4.3520825916696335e+00,1,5.0000000000000000e+00,0,respirable fraction,,0,,0,,0,,0,,NONE.,4.3520825916696335e+00,1,5.0000000000000000e+00,0,respirable fraction,,0,,0,,0,,0,,NONE.
7440224,7440-22-4,SILVER,1.0787000000000000e+02,2.2666172244368218e-03,1,1.0000000000000000e-02,0,,,0,,0,,0,,0,,NONE.,2.2666172244368218e-03,1,1.0000000000000000e-02,0,,,0,,0,,0,,0,,VALUE IS FOR METAL AND SOLUBLE COMPOUNDS (AS AG).
7440257,7440-25-7,TANTALUM,1.8094999999999999e+02,6.7560099474993096e-01,1,5.0000000000000000e+00,0,,,0,,0,,0,,0,,NONE.,6.7560099474993096e-01,1,5.0000000000000000e+00,0,,1.3512019894998619e+00,1,1.0000000000000000e+01,0,,0,,0,,VALUES FOR METAL AND OXIDE DUST.
,,"THALLIUM, SOLUBLE COMPOUNDS",2.0437000000000000e+02,1.1963595439643784e-02,1,1.0000000000000001e-01,0,as Tl,,0,,0,,0,,0,,NONE.,1.1963595439643784e-02,1,1.0000000000000001e-01,0,as Tl,,0,,0,,0,,0,,NONE.
7440315,7440-31-5,TIN,1.1869000000000000e+02,4.1199764091330354e-01,1,2.0000000000000000e+00,0,,,0,,0,,0,,0,,NONE.,4.1199764091330354e-01,1,2.0000000000000000e+00,0,,,0,,0,,0,,0,,NONE.
7440337,7440-33-7,TUNGSTEN,1.8384999999999999e+02,,0,,0,,,0,,0,,0,,0,,,6.6494424802828400e-01,1,5.0000000000000000e+00,0,,1.3298884960565680e+00,1,1.0000000000000000e+01,0,,0,,0,,NONE.
,,ANTIMONY AND COMPOUNDS,1.2176000000000001e+02,1.0040243101182654e-01,1,5.0000000000000000e-01,0,as Sb,,0,,0,,0,,0,,NONE.,1.0040243101182654e-01,1,5.0000000000000000e-01,0,as Sb,,0,,0,,0,,0,,NONE.
7440382,7440-38-2,ARSENIC,7.4920000000000002e+01,3.2634810464495460e-03,1,1.0000000000000000e-02,0,elemental,,0,,0,,0,,0,,INORGANIC COMPOUNDS: SEE 29 CFR 1910.1018.,,0,,0,,,0,,0,6.5269620928990921e-04,1,2.0000000000000000e-03,0,,VALUE BASED ON 15 MINUTES.
,,BERYLLIUM COMPOUNDS,9.0099999999999998e+00,5.4273029966703662e-03,1,2.0000000000000000e-03,0,as Be,6.7841287458379584e-02,1,2.5000000000000001e-02,0,5.0000000000000001e-03,0,1.8425357873210633e-03,1,,NONE.,1.3568257491675915e-03,1,5.0000000000000001e-04,0,as Be,,0,,0,,0,,0,,LOWEST FEASIBLE CONCENTRATION NOT TO EXCEED 0.0005 MG/M3.
7440439,7440-43-9,CADMIUM,1.1240000000000001e+02,1.0876334519572953e-03,1,5.0000000000000001e-03,0,dust/fume,,0,,0,,0,,0,,SEE 29 CFR 1910.1027; VALUES FROM PEL TABLE Z-2.,,0,,0,,,0,,0,,0,,0,,LOWEST FEASIBLE CONCENTRATION.
7440440,7440-44-0,"GRAPHITE, SYNTHETIC",1.2010000000000000e+01,1.0179017485428810e+01,1,5.0000000000000000e+00,0,respirable fraction,,0,,0,,0,,0,,NONE.,,0,,0,,,0,,0,,0,,0,,
7440473,7440-47-3,CHROMIUM,5.2000000000000000e+01,4.7019230769230769e-01,1,1.0000000000000000e+00,0,,,0,,0,,0,,0,,NONE.,2.3509615384615384e-01,1,5.0000000000000000e-01,0,,,0,,0,,0,,0,,NONE.
,,"COBALT, FUME AND INORGANIC COMPOUNDS",5.8930000000000000e+01,4.1489903275072126e-02,1,1.0000000000000001e-01,0,as Co,,0,,0,,0,,0,,NONE.,2.0744951637536063e-02,1,5.0000000000000003e-02,0,as Co,,0,,0,,0,,0,,NONE.
7440508,7440-50-8,COPPER,6.3539999999999999e+01,3.8479697828139753e-01,1,1.0000000000000000e+00,0,,,0,,0,,0,,0,,NONE.,3.8479697828139753e-01,1,1.0000000000000000e+00,0,,,0,,0,,0,,0,,
7440586,7440-58-6,HAFNIUM,1.7849000000000001e+02,6.8491232001792815e-02,1,5.0000000000000000e-01,0,,,0,,0,,0,,0,,NONE.,6.8491232001792815e-02,1,5.0000000000000000e-01,0,,,0,,0,,0,,0,,NONE.
64175,64-17-5,ETHYL ALCOHOL,4.6079999999999998e+01,1.0000000000000000e+03,0,1.9000000000000000e+03,0,,,0,,0,,0,,0,,SYN - ETHANOL.,1.0000000000000000e+03,0,1.9000000000000000e+03,0,,,0,,0,,0,,0,,SYN - ETHANOL.
64186,64-18-6,FORMIC ACID,4.6030000000000001e+01,5.0000000000000000e+00,0,9.0000000000000000e+00,0,,,0,,0,,0,,0,,NONE.,5.0000000000000000e+00,0,9.0000000000000000e+00,0,,,0,,0,,0,,0,,NONE.
64197,64-19-7,ACETIC ACID,6.0060000000000002e+01,1.0000000000000000e+01,0,2.5000000000000000e+01,0,,,0,,0,,0,,0,,NONE.,1.0000000000000000e+01,0,2.5000000000000000e+01,0,,1.5000000000000000e+01,0,3.7000000000000000e+01,0,,0,,0,,NONE.
67561,67-56-1,METHYL ALCOHOL,3.2049999999999997e+01,2.0000000000000000e+02,0,2.6000000000000000e+02,0,,,0,,0,,0,,0,,SYN - METHANOL.,2.0000000000000000e+02,0,2.6000000000000000e+02,0,,2.5000000000000000e+02,0,3.2500000000000000e+02,0,,0,,0,,SYN - METHANOL.
67630,67-63-0,ISOPROPYL ALCOHOL,6.0109999999999999e+01,4.0000000000000000e+02,0,9.8000000000000000e+02,0,,,0,,0,,0,,0,,NONE.,4.0000000000000000e+02,0,9.8000000000000000e+02,0,,5.0000000000000000e+02,0,1.2250000000000000e+03,0,,0,,0,,NONE.
67641,67-64-1,ACETONE,5.8090000000000003e+01,1.0000000000000000e+03,0,2.4000000000000000e+03,0,,,0,,0,,0,,0,,NONE.,2.5000000000000000e+02,0,5.9000000000000000e+02,0,,,0,,0,,0,,0,,NONE.
67663,67-66-3,CHLOROFORM,1.1937000000000000e+02,,0,,0,,,0,,0,5.0000000000000000e+01,0,2.4000000000000000e+02,0,,SYN - TRICHLOROMETHANE.,,0,,0,,2.0000000000000000e+00,0,9.7799999999999994e+00,0,,0,,0,,SYN - TRICHLOROMETHANE.  VALUES BASED ON 60 MINUTES.  LOWEST FEASIBLE CONCENTRATION.
67721,67-72-1,HEXACHLOROETHANE,2.3672000000000000e+02,1.0000000000000000e+00,0,1.0000000000000000e+01,0,,,0,,0,,0,,0,,NONE.,1.0000000000000000e+00,0,1.0000000000000000e+01,0,,,0,,0,,0,,0,,LOWEST FEASIBLE CONCENTRATION.
68111,68-11-1,THIOGLYCOLIC ACID,9.2120000000000005e+01,,0,,0,,,0,,0,,0,,0,,,1.0000000000000000e+00,0,4.0000000000000000e+00,0,,,0,,0,,0,,0,,NONE.
68122,68-12-2,DIMETHYLFORMAMIDE,7.3109999999999999e+01,1.0000000000000000e+01,0,3.0000000000000000e+01,0,,,0,,0,,0,,0,,NONE.,1.0000000000000000e+01,0,3.0000000000000000e+01,0,,,0,,0,,0,,0,,NONE.
71238,71-23-8,N-PROPYL ALCOHOL,6.0109999999999999e+01,2.0000000000000000e+02,0,5.0000000000000000e+02,0,,,0,,0,,0,,0,,SYN - PROPYL ALCOHOL.,2.0000000000000000e+02,0,5.0000000000000000e+02,0,,2.5000000000000000e+02,0,6.2500000000000000e+02,0,,0,,0,,SYN - PROPYL ALCOHOL.
71363,71-36-3,N-BUTYL ALCOHOL,7.4140000000000001e+01,1.0000000000000000e+02,0,3.0000000000000000e+02,0,,,0,,0,,0,,0,,NONE.,,0,,0,,,0,,0,5.0000000000000000e+01,0,1.5000000000000000e+02,0,,NONE.
100447,100-44-7,BENZYL CHLORIDE,1.2659000000000000e+02,1.0000000000000000e+00,0,5.0000000000000000e+00,0,,,0,,0,,0,,0,,NONE.,,0,,0,,,0,,0,1.0000000000000000e+00,0,5.0000000000000000e+00,0,,VALUES BASED ON 15 MINUTES.
100618,100-61-8,MONOMETHYL ANILINE,,2.0000000000000000e+00,0,9.0000000000000000e+00,0,,,0,,0,,0,,0,,SYN - N-METHYL ANILINE.,5.0000000000000000e-01,0,2.0000000000000000e+00,0,,,0,,0,,0,,0,,SYN - N-METHYL ANILINE.
100630,100-63-0,PHENYLHYDRAZINE,1.0816000000000000e+02,5.0000000000000000e+00,0,2.2000000000000000e+01,0,,,0,,0,,0,,0,,NONE.,,0,,0,,,0,,0,1.4000000000000001e-01,0,5.9999999999999998e-01,0,,VALUE IS BASED ON 120 MINUTES. LOWEST FEASIBLE CONCENTRATION.
100743,100-74-3,N-ETHYLMORPHOLINE,1.1520000000000000e+02,2.0000000000000000e+01,0,9.4000000000000000e+01,0,,,0,,0,,0,,0,,NONE.,5.0000000000000000e+00,0,2.3000000000000000e+01,0,,,0,,0,,0,,0,,NONE.
101144,101-14-4,"4,4-METHYLENE BIS(2-CHLOROANILINE)",2.6717000000000002e+02,,0,,0,,,0,,0,,0,,0,,,2.7454429763820786e-04,1,3.0000000000000001e-03,0,,,0,,0,,0,,0,,LOWEST FEASIBLE CONCENTRATION.
101688,101-68-8,METHYLENE BISPHENYL ISOCYANATE,2.5027000000000001e+02,,0,,0,,,0,,0,2.0000000000000000e-02,0,2.0000000000000001e-01,0,,SYN - DIPHENYLMETHANE DIISOCYANATE; MDI.,5.0000000000000001e-03,0,5.0000000000000003e-02,0,,,0,,0,2.0000000000000000e-02,0,2.0000000000000001e-01,0,,SYN - DIPHENYLMETHANE DIISOCYANATE; MDI.  VALUE BASED ON 10 MINUTES.
101779,101-77-9,"4,4'-METHYLENEDIANILINE",1.9828999999999999e+02,1.0000000000000000e-02,0,8.1100204498977507e-02,1,,1.0000000000000001e-01,0,8.1100204498977513e-01,1,,0,,0,,NONE.,,0,,0,,,0,,0,,0,,0,,LOWEST FEASIBLE CONCENTRATION (0.03 MG/M3 LIMIT OF QUANTITATION).
101848,101-84-8,PHENYL ETHER,1.7022000000000000e+02,1.0000000000000000e+00,0,7.0000000000000000e+00,0,,,0,,0,,0,,0,,NONE.,1.0000000000000000e+00,0,7.0000000000000000e+00,0,,,0,,0,,0,,0,,NONE.
102545,102-54-5,DICYCLOPENTADIENYL IRON,1.8603000000000000e+02,6.5715207224641181e-01,1,5.0000000000000000e+00,0,respirable fraction,,0,,0,,0,,0,,NONE.,6.5715207224641181e-01,1,5.0000000000000000e+00,0,respirable fraction,,0,,0,,0,,0,,NONE.
102818,102-81-8,2-N-DIBUTYLAMINOETHANOL,1.7334000000000000e+02,,0,,0,,,0,,0,,0,,0,,,2.0000000000000000e+00,0,1.4000000000000000e+01,0,,,0,,0,,0,,0,,NONE.
105464,105-46-4,SEC-BUTYL ACETATE,1.1618000000000001e+02,2.0000000000000000e+02,0,9.5000000000000000e+02,0,,,0,,0,,0,,0,,NONE.,2.0000000000000000e+02,0,9.5000000000000000e+02,0,,,0,,0,,0,,0,,NONE.
106354,106-35-4,ETHYL BUTYL KETONE,,5.0000000000000000e+01,0,2.3000000000000000e+02,0,,,0,,0,,0,,0,,SYN - 3-HEPTANONE.,5.0000000000000000e+01,0,2.3000000000000000e+02,0,,,0,,0,,0,,0,,SYN - 3-HEPTANONE.
106423,106-42-3,P-XYLENE,1.0618000000000001e+02,1.0000000000000000e+02,0,4.3500000000000000e+02,0,,,0,,0,,0,,0,,NONE.,1.0000000000000000e+02,0,4.3500000000000000e+02,0,,1.5000000000000000e+02,0,6.5500000000000000e+02,0,,0,,0,,NONE.
,,"ALUMINUM, SOLUBLE SALTS AND ALKYLS",2.6980000000000000e+01,,0,,0,as Al,,0,,0,,0,,0,,,1.8124536693847293e+00,1,2.0000000000000000e+00,0,as Al,,0,,0,,0,,0,,
106445,106-44-5,P-CRESOL,1.0815000000000001e+02,5.0000000000000000e+00,0,2.2000000000000000e+01,0,,,0,,0,,0,,0,,NONE.,2.2999999999999998e+00,0,1.0000000000000000e+01,0,,,0,,0,,0,,0,,NONE.
106467,106-46-7,P-DICHLOROBENZENE,1.4700000000000000e+02,7.5000000000000000e+01,0,4.5000000000000000e+02,0,,,0,,0,,0,,0,,NONE.,,0,,0,,,0,,0,,0,,0,,LOWEST FEASIBLE CONCENTRATION.
106503,106-50-3,P-PHENYLENEDIAMINE,1.0816000000000000e+02,2.2605399408284026e-02,1,1.0000000000000001e-01,0,,,0,,0,,0,,0,,NONE.,2.2605399408284026e-02,1,1.0000000000000001e-01,0,,,0,,0,,0,,0,,NONE.
106514,106-51-4,QUINONE,1.0809999999999999e+02,1.0000000000000001e-01,0,4.0000000000000002e-01,0,,,0,,0,,0,,0,,SYN - P-BENZOQUINONE.,1.0000000000000001e-01,0,4.0000000000000002e-01,0,,,0,,0,,0,,0,,SYN - P-BENZOQUINONE.
106876,106-87-6,VINYL CYCLOHEXENE DIOXIDE,1.4019999999999999e+02,,0,,0,,,0,,0,,0,,0,,,1.0000000000000000e+01,0,6.0000000000000000e+01,0,,,0,,0,,0,,0,,LOWEST FEASIBLE CONCENTRATION.
106898,106-89-8,EPICHLOROHYDRIN,9.2530000000000001e+01,5.0000000000000000e+00,0,1.9000000000000000e+01,0,,,0,,0,,0,,0,,"SYN - 1-CHLORO,2,3,-EPOXY-PROPANE.",,0,,0,,,0,,0,,0,,0,,"SYN - 1-CHLORO,2,3,-EPOXY-PROPANE.LOWEST FEASIBLE CONCENTRATION (2.5 MG/M3 LIMIT OF QUANTITATION)."
591786,591-78-6,2-HEXANONE,1.0018000000000001e+02,1.0000000000000000e+02,0,4.1000000000000000e+02,0,,,0,,0,,0,,0,,NONE.,1.0000000000000000e+00,0,4.0000000000000000e+00,0,,,0,,0,,0,,0,,SYN - 2-HEXANONE.
594423,594-42-3,PERCHLOROMETHYL MERCAPTAN,1.8587000000000000e+02,1.0000000000000001e-01,0,8.0000000000000004e-01,0,,,0,,0,,0,,0,,NONE.,1.0000000000000001e-01,0,8.0000000000000004e-01,0,,,0,,0,,0,,0,,NONE.
594729,594-72-9,"1,1-DICHLORO-1-NITROETHANE",,,0,,0,,,0,,0,1.0000000000000000e+01,0,6.0000000000000000e+01,0,,NONE.,2.0000000000000000e+00,0,1.0000000000000000e+01,0,,,0,,0,,0,,0,,NONE.
600259,600-25-9,1-CHLORO-1-NITROPROPANE,,2.0000000000000000e+01,0,1.0000000000000000e+02,0,,,0,,0,,0,,0,,NONE.,2.0000000000000000e+00,0,1.0000000000000000e+01,0,,,0,,0,,0,,0,,VALUED BASED ON 15 MINUTES.
603349,603-34-9,TRIPHENYL AMINE,2.4533000000000001e+02,,0,,0,,,0,,0,,0,,0,,,4.9830840092936041e-01,1,5.0000000000000000e+00,0,,,0,,0,,0,,0,,NONE.
624839,624-83-9,METHYL ISOCYANATE,5.7060000000000002e+01,2.0000000000000000e-02,0,5.0000000000000003e-02,0,,,0,,0,,0,,0,,NONE.,2.0000000000000000e-02,0,5.0000000000000003e-02,0,,,0,,0,,0,,0,,NONE.
626175,626-17-5,M-PHTHALODINITRILE,1.2813999999999999e+02,,0,,0,,,0,,0,,0,,0,,,9.5403464960199791e-01,1,5.0000000000000000e+00,0,,,0,,0,,0,,0,,NONE.
71432,71-43-2,BENZENE,7.8120000000000005e+01,1.0000000000000000e+00,0,3.1950920245398775e+00,1,,5.0000000000000000e+00,0,1.5975460122699388e+01,1,,0,,0,,SEE 29 CFR 1910.1028. VALUES FROM PEL TABLE 2-2 AND APPLY TO THE INDUSTRY SEGMENTS EXEMPT FROM THE 1 PPM 8 HR TWA AND 5 PPM STEL OF THE BENZENE STANDARD IN 29 CFR 1910.1028. THESE VALUES ALSO APPLY TO ANY INDUSTRY FOR W,1.0000000000000001e-01,0,3.1950920245398778e-01,1,,1.0000000000000000e+00,0,1.5975460122699388e+01,1,,0,,0,,LOWEST FEASIBLE CONCENTRATION.
71556,71-55-6,METHYL CHLOROFORM,1.3340000000000001e+02,3.5000000000000000e+02,0,1.9000000000000000e+03,0,,,0,,0,,0,,0,,"SYN - 1,1,1-TRICHLOROETHANE.",,0,,0,,,0,,0,3.5000000000000000e+02,0,1.9100000000000000e+03,0,,"SYN - 1,1,1-TRICHLOROETHANE. - VALUE BASED ON 15 MINUTES."
72208,72-20-8,ENDRIN,3.8089999999999998e+02,6.4190076135468635e-03,1,1.0000000000000001e-01,0,,,0,,0,,0,,0,,NONE.,6.4190076135468635e-03,1,1.0000000000000001e-01,0,,,0,,0,,0,,0,,NONE.
72435,72-43-5,METHOXYCHLOR,3.4566000000000003e+02,1.0610137128970665e+00,1,1.5000000000000000e+01,0,,,0,,0,,0,,0,,0.07 MG/M3 LIMIT OF QUANTITATION,,0,,0,,,0,,0,,0,,0,,LOWEST FEASIBLE CONCENTRATION.
74839,74-83-9,METHYL BROMIDE.,9.4950000000000003e+01,,0,,0,,,0,,0,2.0000000000000000e+01,0,8.0000000000000000e+01,0,,NONE.,,0,,0,,,0,,0,,0,,0,,LOWEST FEASIBLE CONCENTRATION (4.7 PPM LIMIT OF QUANTITATION).
74862,74-86-2,ACETYLENE,,,0,,0,,,0,,0,,0,,0,,,,0,,0,,,0,,0,2.5000000000000000e+03,0,2.6620000000000000e+03,0,,NONE.
74873,74-87-3,METHYL CHLORIDE,5.0490000000000002e+01,1.0000000000000000e+02,0,2.0650306748466258e+02,1,,3.0000000000000000e+02,0,6.1950920245398777e+02,1,2.0000000000000000e+02,0,4.1300613496932516e+02,1,,VALUES FROM PEL TABLE Z-2:  ACCEPTABLE MAXIMUM PEAK ABOVE THE ACCEPTABLE CEILING CONCENTRATION FOR AN 8-HOUR SHIFT:  300 PPM/5 MIN. IN ANY 3 HRS.,,0,,0,,,0,,0,,0,,0,,LOWEST FEASIBLE CONCENTRATION.
74884,74-88-4,METHYL IODIDE,1.4194000000000000e+02,5.0000000000000000e+00,0,2.8000000000000000e+01,0,,,0,,0,,0,,0,,NONE.,2.0000000000000000e+00,0,1.0000000000000000e+01,0,,,0,,0,,0,,0,,LOWEST FEASIBLE CONCENTRATION.
74895,74-89-5,METHYLAMINE,3.1070000000000000e+01,1.0000000000000000e+01,0,1.2000000000000000e+01,0,,,0,,0,,0,,0,,NONE.,1.0000000000000000e+01,0,1.2000000000000000e+01,0,,,0,,0,,0,,0,,NONE.
74908,74-90-8,HYDROGEN CYANIDE,2.7030000000000001e+01,1.0000000000000000e+01,0,1.1000000000000000e+01,0,,,0,,0,,0,,0,,NONE.,,0,,0,,4.7000000000000002e+00,0,5.0000000000000000e+00,0,,0,,0,,NONE.
74931,74-93-1,METHYL MERCAPTAN,4.8109999999999999e+01,,0,,0,,,0,,0,1.0000000000000000e+01,0,2.0000000000000000e+01,0,,SYN - METHANETHIOL.,,0,,0,,,0,,0,5.0000000000000000e-01,0,1.0000000000000000e+00,0,,SYN - METHANETHIOL.  VALUE BASED ON 15 MINUTES.
74964,74-96-4,ETHYL BROMIDE,1.0898000000000000e+02,2.0000000000000000e+02,0,8.9000000000000000e+02,0,,,0,,0,,0,,0,,NONE.,,0,,0,,,0,,0,,0,,0,,
74975,74-97-5,CHLOROBROMOMETHANE,1.2938999999999999e+02,2.0000000000000000e+02,0,1.0500000000000000e+03,0,,,0,,0,,0,,0,,NONE.,2.0000000000000000e+02,0,1.0500000000000000e+03,0,,,0,,0,,0,,0,,NONE.
74986,74-98-6,PROPANE,,1.0000000000000000e+03,0,1.8000000000000000e+03,0,,,0,,0,,0,,0,,NONE.,1.0000000000000000e+03,0,1.8000000000000000e+03,0,,,0,,0,,0,,0,,NONE.
74997,74-99-7,METHYL ACETYLENE,4.0070000000000000e+01,1.0000000000000000e+03,0,1.6500000000000000e+03,0,,,0,,0,,0,,0,,SYN - PROPYNE.,1.0000000000000000e+03,0,1.6500000000000000e+03,0,,,0,,0,,0,,0,,SYN - PROPYNE.
75003,75-00-3,ETHYL CHLORIDE,6.4519999999999996e+01,1.0000000000000000e+03,0,2.6000000000000000e+03,0,,,0,,0,,0,,0,,NONE.,,0,,0,,,0,,0,,0,,0,,HANDLE WITH CAUTION IN THE WORKPLACE.
75014,75-01-4,VINYL CHLORIDE,6.2500000000000000e+01,1.0000000000000000e+00,0,2.5562372188139060e+00,1,,,0,,0,1.9560000000000000e+00,1,5.0000000000000000e+00,0,,SEE 29 CFR 1910.1017. [15 MINUTES],,0,,0,,,0,,0,,0,,0,,SEE 29 CFR 1910.1017.  LOWEST FEASIBLE CONCENTRATION.
75025,75-02-5,VINYL FLUORIDE,4.6049999999999997e+01,,0,,0,,,0,,0,,0,,0,,,,0,,0,,,0,,0,1.0000000000000000e+00,0,5.0000000000000000e+00,0,,USE 29 CFR 1910.1017.
75047,75-04-7,ETHYLAMINE,4.5100000000000001e+01,1.0000000000000000e+01,0,1.8000000000000000e+01,0,,,0,,0,,0,,0,,NONE.,1.0000000000000000e+01,0,1.8000000000000000e+01,0,,,0,,0,,0,,0,,NONE.
75058,75-05-8,ACETONITRILE,4.1060000000000002e+01,4.0000000000000000e+01,0,7.0000000000000000e+01,0,,,0,,0,,0,,0,,NONE.,2.0000000000000000e+01,0,3.4000000000000000e+01,0,,,0,,0,,0,,0,,NONE.
75070,75-07-0,ACETALDEHYDE,4.4060000000000002e+01,2.0000000000000000e+02,0,3.6000000000000000e+02,0,,,0,,0,,0,,0,,NONE.,,0,,0,,,0,,0,,0,,0,,LOWEST FEASIBLE CONCENTRATION.
75081,75-08-1,ETHYL MERCAPTAN,6.2140000000000001e+01,,0,,0,,,0,,0,1.0000000000000000e+01,0,2.5000000000000000e+01,0,,NONE.,,0,,0,,,0,,0,5.0000000000000000e-01,0,1.3000000000000000e+00,0,,VALUE BASED ON 15 MINUTES.
75092,75-09-2,METHYLENE CHLORIDE,8.4930000000000007e+01,2.5000000000000000e+01,0,8.6840490797546011e+01,1,,1.2500000000000000e+02,0,4.3420245398773005e+02,1,,0,,0,,VALUES FROM PEL TABLE Z-2:  ACCEPTABLE MAXIMUM PEAK ABOVE THE ACCEPTABLE CEILING CONCENTRATION FOR AN 8-HOUR SHIFT:  2000 PPM FOR 5 MIN. IN ANY 2 HRS. B. NIOSH - LOWEST FEASIBLE CONCENTRATION.,,0,,0,,,0,,0,,0,,0,,LOWEST FEASIBLE CONCENTRATION.
75150,75-15-0,CARBON DISULFIDE,7.6129999999999995e+01,2.0000000000000000e+01,0,6.2274028629856851e+01,1,,1.0000000000000000e+02,0,3.1137014314928427e+02,1,3.0000000000000000e+01,0,9.3411042944785265e+01,1,,VALUES FROM PEL TABLE Z-2: ACCEPTABLE MAXIMUM PEAK ABOVE THE ACCEPTABLE CEILING CONCENTRATION FOR AN 8-HOUR SHIFT: 100 PPM/30 MIN. MAXIMUM DURATION.,1.0000000000000000e+00,0,3.0000000000000000e+00,0,,1.0000000000000000e+01,0,3.0000000000000000e+01,0,,0,,0,,NONE.
75218,75-21-8,ETHYLENE OXIDE,4.4060000000000002e+01,1.0000000000000000e+00,0,1.8020449897750512e+00,1,,,0,,0,,0,,0,,SEE 29 CFR 1910.1047. 5 PPM EXCURSION LIMIT FOR 15 MINUTES.,1.0000000000000001e-01,0,1.7999999999999999e-01,0,,,0,,0,5.0000000000000000e+00,0,9.0000000000000000e+00,0,,VALUES BASED ON 10 MINUTES.
75252,75-25-2,BROMOFORM,2.5275000000000000e+02,5.0000000000000000e-01,0,5.0000000000000000e+00,0,,,0,,0,,0,,0,,NONE.,5.0000000000000000e-01,0,5.0000000000000000e+00,0,,,0,,0,,0,,0,,NONE.
75310,75-31-0,ISOPROPYLAMINE,5.9130000000000003e+01,5.0000000000000000e+00,0,1.2000000000000000e+01,0,,,0,,0,,0,,0,,NONE.,,0,,0,,,0,,0,,0,,0,,
75343,75-34-3,"1,1-DICHLOROETHANE",9.8959999999999994e+01,1.0000000000000000e+02,0,4.0000000000000000e+02,0,,,0,,0,,0,,0,,NONE.,1.0000000000000000e+02,0,4.0000000000000000e+02,0,,,0,,0,,0,,0,,NONE.
75387,75-38-7,VINYLIDENE FLUORIDE,6.4040000000000006e+01,,0,,0,,,0,,0,,0,,0,,,,0,,0,,,0,,0,1.0000000000000000e+00,0,5.0000000000000000e+00,0,,USE 29 CFR 1910.1017.
75434,75-43-4,DICHLOROMONOFLUOROMETHANE,1.0292000000000000e+02,1.0000000000000000e+03,0,4.2000000000000000e+03,0,,,0,,0,,0,,0,,SYN - DICHLOROFLUOROMETHANE.,1.0000000000000000e+01,0,4.0000000000000000e+01,0,,,0,,0,,0,,0,,SYN - DICHLOROFLUOROMETHANE.
75445,75-44-5,PHOSGENE,9.8909999999999997e+01,1.0000000000000001e-01,0,4.0000000000000002e-01,0,,,0,,0,,0,,0,,SYN - CARBONYL CHLORIDE.,1.0000000000000001e-01,0,4.0000000000000002e-01,0,,,0,,0,2.0000000000000001e-01,0,8.0000000000000004e-01,0,,SYN - CARBONYL CHLORIDE.  VALUE BASED ON 15 MINUTES.
75456,75-45-6,CHLORODIFLUOROMETHANE,8.6469999999999999e+01,,0,,0,,,0,,0,,0,,0,,,1.0000000000000000e+03,0,3.5000000000000000e+03,0,,1.2500000000000000e+03,0,4.3750000000000000e+03,0,,0,,0,,NONE.
75478,75-47-8,IODOFORM,,,0,,0,,,0,,0,,0,,0,,,5.9999999999999998e-01,0,1.0000000000000000e+01,0,,,0,,0,,0,,0,,NONE.
75503,75-50-3,TRIMETHYLAMINE,5.9130000000000003e+01,,0,,0,,,0,,0,,0,,0,,,1.0000000000000000e+01,0,2.4000000000000000e+01,0,,1.5000000000000000e+01,0,3.6000000000000000e+01,0,,0,,0,,NONE.
75525,75-52-5,NITROMETHANE,6.1049999999999997e+01,1.0000000000000000e+02,0,2.5000000000000000e+02,0,,,0,,0,,0,,0,,NONE.,,0,,0,,,0,,0,,0,,0,,
75558,75-55-8,PROPYLENE IMINE,5.7109999999999999e+01,2.0000000000000000e+00,0,5.0000000000000000e+00,0,,,0,,0,,0,,0,,NONE.,2.0000000000000000e+00,0,5.0000000000000000e+00,0,,,0,,0,,0,,0,,LOWEST FEASIBLE CONCENTRATION.
75569,75-56-9,PROPYLENE OXIDE,5.8090000000000003e+01,1.0000000000000000e+02,0,2.4000000000000000e+02,0,,,0,,0,,0,,0,,"SYN - 1,2-EPOXYPROPANE.",,0,,0,,,0,,0,,0,,0,,"SYN - 1,2-EPOXYPROPANE.  LOWEST FEASIBLE CONCENTRATION (8.4 PPM LIMIT OF QUANTITATION)."
75616,75-61-6,DIFLUORODIBROMOMETHANE,,1.0000000000000000e+02,0,8.6000000000000000e+02,0,,,0,,0,,0,,0,,NONE.,1.0000000000000000e+02,0,8.6000000000000000e+02,0,,,0,,0,,0,,0,,NONE.
75638,75-63-8,TRIFLUOROBROMOMETHANE,1.4891999999999999e+02,1.0000000000000000e+03,0,6.1000000000000000e+03,0,,,0,,0,,0,,0,,NONE.,1.0000000000000000e+03,0,6.1000000000000000e+03,0,,,0,,0,,0,,0,,NONE.
75650,75-65-0,TERT-BUTYL ALCOHOL,7.4140000000000001e+01,1.0000000000000000e+02,0,3.0000000000000000e+02,0,,,0,,0,,0,,0,,NONE.,1.0000000000000000e+02,0,3.0000000000000000e+02,0,,1.5000000000000000e+02,0,4.5000000000000000e+02,0,,0,,0,,NONE.
75694,75-69-4,FLUOROTRICHLOROMETHANE,1.3736000000000001e+02,1.0000000000000000e+03,0,5.6000000000000000e+03,0,,,0,,0,,0,,0,,SYN - TRICHLOROFLUOROMETHANE.,,0,,0,,,0,,0,1.0000000000000000e+03,0,5.6000000000000000e+03,0,,SYN - TRICHLOROFLUOROMETHANE.
75718,75-71-8,DICHLORODIFLUOROMETHANE,1.2091000000000000e+02,1.0000000000000000e+03,0,4.9500000000000000e+03,0,,,0,,0,,0,,0,,NONE.,1.0000000000000000e+03,0,4.9500000000000000e+03,0,,,0,,0,,0,,0,,NONE.
75741,75-74-1,TETRAMETHYL LEAD,2.6733999999999997e+02,6.8592429116480884e-03,1,7.4999999999999997e-02,0,,,0,,0,,0,,0,,NONE.,6.8592429116480884e-03,1,7.4999999999999997e-02,0,,,0,,0,,0,,0,,NONE.
75865,75-86-5,ACETONE CYANOHYDRIN,8.5120000000000005e+01,,0,,0,,,0,,0,,0,,0,,,,0,,0,,,0,,0,1.0000000000000000e+00,0,4.0000000000000000e+00,0,,VALUE BASED ON 15 MINUTES.
75990,75-99-0,"2,2-DICHLOROPROPIONIC ACID",1.4297000000000000e+02,,0,,0,,,0,,0,,0,,0,,,1.0000000000000000e+00,0,6.0000000000000000e+00,0,,,0,,0,,0,,0,,NONE.
76039,76-03-9,TRICHLOROACETIC ACID,1.6338000000000000e+02,,0,,0,,,0,,0,,0,,0,,,1.0000000000000000e+00,0,7.0000000000000000e+00,0,,,0,,0,,0,,0,,NONE.
76062,76-06-2,CHLOROPICRIN,1.6437000000000000e+02,1.0000000000000001e-01,0,6.9999999999999996e-01,0,,,0,,0,,0,,0,,NONE.,1.0000000000000001e-01,0,6.9999999999999996e-01,0,,,0,,0,,0,,0,,NONE.
76119,76-11-9,"1,1,1,2-TETRACHLORO-2,2-DIFLUOROETHANE",,5.0000000000000000e+02,0,4.1700000000000000e+03,0,,,0,,0,,0,,0,,NONE.,5.0000000000000000e+02,0,4.1700000000000000e+03,0,,,0,,0,,0,,0,,NONE.
76120,76-12-0,"1,1,2,2-TETRACHLORO-1,2-DIFLUOROETHANE",,5.0000000000000000e+02,0,4.1700000000000000e+03,0,,,0,,0,,0,,0,,NONE.,5.0000000000000000e+02,0,4.1700000000000000e+03,0,,,0,,0,,0,,0,,NONE.
76131,76-13-1,"1,1,2-TRICHLORO-1,2,2-TRIFLUOROETHANE",1.8737000000000000e+02,1.0000000000000000e+03,0,7.6000000000000000e+03,0,,,0,,0,,0,,0,,NONE.,1.0000000000000000e+03,0,7.6000000000000000e+03,0,,1.2500000000000000e+03,0,9.5000000000000000e+03,0,,0,,0,,NONE.
76142,76-14-2,DICHLOROTETRAFLUOROETHANE,1.7091999999999999e+02,1.0000000000000000e+03,0,7.0000000000000000e+03,0,,,0,,0,,0,,0,,NONE.,1.0000000000000000e+03,0,7.0000000000000000e+03,0,,,0,,0,,0,,0,,NONE.
76153,76-15-3,CHLOROPENTAFLUOROETHANE,1.5447000000000000e+02,,0,,0,,,0,,0,,0,,0,,,1.0000000000000000e+03,0,6.3200000000000000e+03,0,,,0,,0,,0,,0,,NONE.
76222,76-22-2,"CAMPHOR, SYNTHETIC",1.5225999999999999e+02,3.2116117168002101e-01,1,2.0000000000000000e+00,0,,,0,,0,,0,,0,,NONE.,3.2116117168002101e-01,1,2.0000000000000000e+00,0,,,0,,0,,0,,0,,NONE.
76380,76-38-0,METHOXYFLURANE,,,0,,0,,,0,,0,,0,,0,,,,0,,0,,,0,,0,2.0000000000000000e+00,0,1.3500000000000000e+01,0,,VALUES BASED ON 60 MINUTES.
76448,76-44-8,HEPTACHLOR,3.7330000000000001e+02,3.2748459683900347e-02,1,5.0000000000000000e-01,0,,,0,,0,,0,,0,,NONE.,3.2748459683900347e-02,1,5.0000000000000000e-01,0,,,0,,0,,0,,0,,LOWEST FEASIBLE EXPOSURE.
77474,77-47-4,HEXACHLOROCYCLOPENTADIENE,2.7275000000000000e+02,,0,,0,,,0,,0,,0,,0,,,1.0000000000000000e-02,0,1.0000000000000001e-01,0,,,0,,0,,0,,0,,NONE.
77736,77-73-6,DICYCLOPENTADIENE,1.3222000000000000e+02,,0,,0,,,0,,0,,0,,0,,,5.0000000000000000e+00,0,3.0000000000000000e+01,0,,,0,,0,,0,,0,,NONE.
77781,77-78-1,DIMETHYL SULFATE,1.2614000000000000e+02,1.0000000000000000e+00,0,5.0000000000000000e+00,0,,,0,,0,,0,,0,,NONE.,1.0000000000000001e-01,0,5.0000000000000000e-01,0,,,0,,0,,0,,0,,LOWEST FEASIBLE CONCENTRATION.
78002,78-00-2,TETRAETHYL LEAD,3.2347000000000003e+02,5.6689955791881770e-03,1,7.4999999999999997e-02,0,,,0,,0,,0,,0,,NONE.,5.6689955791881770e-03,1,7.4999999999999997e-02,0,,,0,,0,,0,,0,,NONE.
78104,78-10-4,ETHYL SILICATE,2.0837000000000000e+02,1.0000000000000000e+02,0,8.5000000000000000e+02,0,,,0,,0,,0,,0,,NONE.,1.0000000000000000e+01,0,8.5000000000000000e+01,0,,,0,,0,,0,,0,,NONE.
78308,78-30-8,TRIORTHOCRESYL PHOSPHATE,3.6838999999999999e+02,6.6369879747007260e-03,1,1.0000000000000001e-01,0,,,0,,0,,0,,0,,NONE.,6.6369879747007260e-03,1,1.0000000000000001e-01,0,,,0,,0,,0,,0,,NONE.
78342,78-34-2,DIOXATHION,4.5656000000000000e+02,,0,,0,,,0,,0,,0,,0,,,1.0710530926931840e-02,1,2.0000000000000001e-01,0,,,0,,0,,0,,0,,SYN - DELNAV.
78591,78-59-1,ISOPHORONE,1.3822999999999999e+02,2.5000000000000000e+01,0,1.4000000000000000e+02,0,,,0,,0,,0,,0,,NONE.,4.0000000000000000e+00,0,2.3000000000000000e+01,0,,,0,,0,,0,,0,,NONE.
78820,78-82-0,ISOBUTYRONITRILE,6.9120000000000005e+01,,0,,0,,,0,,0,,0,,0,,,8.0000000000000000e+00,0,2.2000000000000000e+01,0,,,0,,0,,0,,0,,NONE.
78831,78-83-1,ISOBUTYL ALCOHOL,7.4140000000000001e+01,1.0000000000000000e+02,0,3.0000000000000000e+02,0,,,0,,0,,0,,0,,NONE.,5.0000000000000000e+01,0,1.5000000000000000e+02,0,,,0,,0,,0,,0,,NONE.
78875,78-87-5,PROPYLENE DICHLORIDE,1.1298999999999999e+02,7.5000000000000000e+01,0,3.5000000000000000e+02,0,,,0,,0,,0,,0,,"SYN - 1,2-DICHLOROPROPANE.",,0,,0,,,0,,0,,0,,0,,"SYN - 1,2-DICHLOROPROPANE.  LOWEST FEASIBLE CONCENTRATION (0.03 PPM LIMIT OF QUANTITATION)."
78922,78-92-2,SEC-BUTYL ALCOHOL,7.4140000000000001e+01,1.5000000000000000e+02,0,4.5000000000000000e+02,0,,,0,,0,,0,,0,,NONE.,1.0000000000000000e+02,0,3.0500000000000000e+02,0,,1.5000000000000000e+02,0,4.5500000000000000e+02,0,,0,,0,,NONE.
78933,78-93-3,METHYL ETHYL KETONE,7.2120000000000005e+01,2.0000000000000000e+02,0,5.9000000000000000e+02,0,,,0,,0,,0,,0,,NONE.,2.0000000000000000e+02,0,5.9000000000000000e+02,0,,3.0000000000000000e+02,0,8.8500000000000000e+02,0,,0,,0,,SYN - 2-BUTANONE.
79005,79-00-5,"1,1,2-TRICHLOROETHANE",1.3340000000000001e+02,1.0000000000000000e+01,0,4.5000000000000000e+01,0,,,0,,0,,0,,0,,NONE.,1.0000000000000000e+01,0,4.5000000000000000e+01,0,,,0,,0,,0,,0,,LOWEST FEASIBLE CONCENTRATION.
79016,79-01-6,TRICHLOROETHYLENE,1.3138000000000000e+02,1.0000000000000000e+02,0,5.3734151329243355e+02,1,,3.0000000000000000e+02,0,1.6120245398773006e+03,1,2.0000000000000000e+02,0,1.0746830265848671e+03,1,,VALUES FROM PEL TABLE Z-2: ACCEPTABLE MAXIMUM PEAK ABOVE THE ACCEPTABLE CEILING CONCENTRATION FOR AN 8-HOUR SHIFT: 300 PPM FOR 5 MINUTES IN ANY 2 HOURS.,,0,,0,,,0,,0,,0,,0,,LOWEST FEASIBLE CONCENTRATION.
106923,106-92-3,ALLYL GLYCIDYL ETHER,1.1416000000000000e+02,,0,,0,,,0,,0,1.0000000000000000e+01,0,4.5000000000000000e+01,0,,NONE.,5.0000000000000000e+00,0,2.2000000000000000e+01,0,,1.0000000000000000e+01,0,4.4000000000000000e+01,0,,0,,0,,NONE.
106934,106-93-4,ETHYLENE DIBROMIDE,1.8788000000000000e+02,2.0000000000000000e+01,0,1.5368507157464214e+02,1,,5.0000000000000000e+01,0,3.8421267893660530e+02,1,3.0000000000000000e+01,0,2.3052760736196319e+02,1,,VALUES FROM THE PEL TABLE Z-2: ACEEPTABLE MAXIMUM PEAK ABOVE THE ACCEPTABLE CEILING CONCENTRATION FOR AN 8-HOUR SHIFT: 50 PPM/5MIN.,4.4999999999999998e-02,0,3.4579141104294475e-01,1,,,0,,0,1.3000000000000000e-01,0,9.9895296523517374e-01,1,,LOWEST FEASIBLE CONCENTRATION.  VALUE BASED ON 15 MINUTES.
106978,106-97-8,BUTANE,,,0,,0,,,0,,0,,0,,0,,,8.0000000000000000e+02,0,1.9000000000000000e+03,0,,,0,,0,,0,,0,,SYN - N-BUTANE.
106990,106-99-0,"1,3-BUTADIENE",5.4100000000000001e+01,1.0000000000000000e+00,0,2.2126789366053172e+00,1,,5.0000000000000000e+00,0,1.1063394683026585e+01,1,,0,,0,,NONE.,,0,,0,,,0,,0,,0,,0,,LOWEST FEASIBLE CONCENTRATION (0.19 PPM LIMIT OF QUANTITATION).
107028,107-02-8,ACROLEIN,5.6070000000000000e+01,1.0000000000000001e-01,0,2.5000000000000000e-01,0,,,0,,0,,0,,0,,NONE.,1.0000000000000001e-01,0,2.5000000000000000e-01,0,,2.9999999999999999e-01,0,8.0000000000000004e-01,0,,0,,0,,NONE.
107039,107-03-9,1-PROPANETHIOL,7.6170000000000002e+01,,0,,0,,,0,,0,,0,,0,,,,0,,0,,,0,,0,5.0000000000000000e-01,0,1.6000000000000001e+00,0,,VALUE BASED ON 15 MINUTES.
107051,107-05-1,ALLYL CHLORIDE,7.6530000000000001e+01,1.0000000000000000e+00,0,3.0000000000000000e+00,0,,,0,,0,,0,,0,,NONE.,1.0000000000000000e+00,0,3.0000000000000000e+00,0,,2.0000000000000000e+00,0,6.0000000000000000e+00,0,,0,,0,,NONE.
107062,107-06-2,ETHYLENE DICHLORIDE,9.8959999999999994e+01,5.0000000000000000e+01,0,2.0237218813905932e+02,1,,2.0000000000000000e+02,0,8.0948875255623727e+02,1,1.0000000000000000e+02,0,4.0474437627811864e+02,1,,"SYN - 1,2-DICHLOROETHANE. VALUES FROM THE PEL TABLE Z-2: ACCEPTABLE PEAK ABOVE THE ACCEPTABLE CEILING CONCENTRATION FOR AN 8-HOUR SHIFT: 200 PPM/5 MINUTES IN ANY 3 HOURS.",1.0000000000000000e+00,0,4.0000000000000000e+00,0,,2.0000000000000000e+00,0,8.0000000000000000e+00,0,,0,,0,,"SYN - 1,2-DICHLOROETHANE.  LOWEST FEASIBLE CONCENTRATION."
107073,107-07-3,ETHYLENE CHLOROHYDRIN,8.0519999999999996e+01,5.0000000000000000e+00,0,1.6000000000000000e+01,0,,,0,,0,,0,,0,,SYN - 2-CHLOROETHANOL.,,0,,0,,,0,,0,1.0000000000000000e+00,0,3.0000000000000000e+00,0,,SYN - 2-CHLOROETHANOL.
107120,107-12-0,PROPIONITRILE,5.5090000000000003e+01,,0,,0,,,0,,0,,0,,0,,,6.0000000000000000e+00,0,1.4000000000000000e+01,0,,,0,,0,,0,,0,,NONE.
107131,107-13-1,ACRYLONITRILE,5.3070000000000000e+01,2.0000000000000000e+00,0,4.3411042944785274e+00,1,,,0,,0,1.0000000000000000e+01,0,2.1705521472392640e+01,1,,SEE 29 CFR 1910.1045.  [15 MINUTES.],1.0000000000000000e+00,0,2.1705521472392637e+00,1,,,0,,0,1.0000000000000000e+01,0,2.1705521472392640e+01,1,,VALUE BASED ON 15 MINUTES.
107153,107-15-3,ETHYLENEDIAMINE,6.0119999999999997e+01,1.0000000000000000e+01,0,2.5000000000000000e+01,0,,,0,,0,,0,,0,,"SYN - 1,2-DIAMINOETHANE.",1.0000000000000000e+01,0,2.5000000000000000e+01,0,,,0,,0,,0,,0,,"SYN - 1,2-DIAMINOETHANE."
107164,107-16-4,GLYCOLONITRILE,5.7060000000000002e+01,,0,,0,,,0,,0,,0,,0,,,,0,,0,,,0,,0,2.0000000000000000e+00,0,5.0000000000000000e+00,0,,VALUE BASED ON 15 MINUTES
107186,107-18-6,ALLYL ALCOHOL,5.8090000000000003e+01,2.0000000000000000e+00,0,5.0000000000000000e+00,0,,,0,,0,,0,,0,,NONE.,2.0000000000000000e+00,0,5.0000000000000000e+00,0,,4.0000000000000000e+00,0,1.0000000000000000e+01,0,,0,,0,,NONE.
107197,107-19-7,PROPARGYL ALCOHOL,5.6070000000000000e+01,,0,,0,,,0,,0,,0,,0,,,1.0000000000000000e+00,0,2.0000000000000000e+00,0,,,0,,0,,0,,0,,NONE.
107200,107-20-0,CHLOROACETALDEHYDE,7.8500000000000000e+01,,0,,0,,,0,,0,1.0000000000000000e+00,0,3.0000000000000000e+00,0,,NONE.,,0,,0,,,0,,0,1.0000000000000000e+00,0,3.0000000000000000e+00,0,,NONE.
107313,107-31-3,METHYL FORMATE,6.0060000000000002e+01,1.0000000000000000e+02,0,2.5000000000000000e+02,0,,,0,,0,,0,,0,,NONE.,1.0000000000000000e+02,0,2.5000000000000000e+02,0,,1.5000000000000000e+02,0,3.7500000000000000e+02,0,,0,,0,,NONE.
107415,107-41-5,HEXYLENE GLYCOL,1.1820000000000000e+02,,0,,0,,,0,,0,,0,,0,,,,0,,0,,,0,,0,2.5000000000000000e+01,0,1.2500000000000000e+02,0,,NONE.
107493,107-49-3,TEPP,2.9022000000000003e+02,4.2123216869960718e-03,1,5.0000000000000003e-02,0,,,0,,0,,0,,0,,NONE.,4.2123216869960718e-03,1,5.0000000000000003e-02,0,,,0,,0,,0,,0,,NONE.
107664,107-66-4,DIBUTYL PHOSPHATE,2.1024000000000001e+02,1.0000000000000000e+00,0,5.0000000000000000e+00,0,,,0,,0,,0,,0,,NONE.,1.0000000000000000e+00,0,5.0000000000000000e+00,0,,2.0000000000000000e+00,0,1.0000000000000000e+01,0,,0,,0,,NONE.
107879,107-87-9,METHYL PROPYL KETONE,8.6150000000000006e+01,2.0000000000000000e+02,0,7.0000000000000000e+02,0,,,0,,0,,0,,0,,SYN - 2-PENTANONE.,1.5000000000000000e+02,0,5.3000000000000000e+02,0,,,0,,0,,0,,0,,SYN - 2-PENTANONE.
107982,107-98-2,PROPYLENE GLYCOL MONOMETHYL ETHER,,,0,,0,,,0,,0,,0,,0,,,1.0000000000000000e+02,0,3.6000000000000000e+02,0,,1.5000000000000000e+02,0,5.4000000000000000e+02,0,,0,,0,,NONE.
108032,108-03-2,1-NITROPROPANE,8.9109999999999999e+01,2.5000000000000000e+01,0,9.0000000000000000e+01,0,,,0,,0,,0,,0,,NONE.,2.5000000000000000e+01,0,9.0000000000000000e+01,0,,,0,,0,,0,,0,,NONE.
108054,108-05-4,VINYL ACETATE,8.6099999999999994e+01,,0,,0,,,0,,0,,0,,0,,,,0,,0,,,0,,0,4.0000000000000000e+00,0,1.5000000000000000e+01,0,,VALUE BASED ON 15 MINUTES.
108101,108-10-1,METHYL ISOBUTYL KETONE,1.0018000000000001e+02,1.0000000000000000e+02,0,4.1000000000000000e+02,0,,,0,,0,,0,,0,,SYN - HEXONE.,5.0000000000000000e+01,0,2.0500000000000000e+02,0,,7.5000000000000000e+01,0,3.0000000000000000e+02,0,,0,,0,,SYN - HEXONE.
108112,108-11-2,METHYL ISOBUTYL CARBINOL,1.0220000000000000e+02,2.5000000000000000e+01,0,1.0000000000000000e+02,0,,,0,,0,,0,,0,,SYN - METHYL AMYL ALCOHOL.,2.5000000000000000e+01,0,1.0000000000000000e+02,0,,4.0000000000000000e+01,0,1.6500000000000000e+02,0,,0,,0,,SYN - METHYL AMYL ALCOHOL.
108189,108-18-9,DIISOPROPYLAMINE,1.0122000000000000e+02,5.0000000000000000e+00,0,2.0000000000000000e+01,0,,,0,,0,,0,,0,,NONE.,5.0000000000000000e+00,0,2.0000000000000000e+01,0,,,0,,0,,0,,0,,NONE.
108203,108-20-3,ISOPROPYL ETHER,1.0220000000000000e+02,5.0000000000000000e+02,0,2.1000000000000000e+03,0,,,0,,0,,0,,0,,NONE.,5.0000000000000000e+02,0,2.1000000000000000e+03,0,,,0,,0,,0,,0,,NONE.
108214,108-21-4,ISOPROPYL ACETATE,1.0215000000000001e+02,2.5000000000000000e+02,0,9.5000000000000000e+02,0,,,0,,0,,0,,0,,NONE.,,0,,0,,,0,,0,,0,,0,,
108247,108-24-7,ACETIC ANHYDRIDE,1.0209999999999999e+02,5.0000000000000000e+00,0,2.0000000000000000e+01,0,,,0,,0,,0,,0,,NONE.,,0,,0,,,0,,0,5.0000000000000000e+00,0,2.0000000000000000e+01,0,,NONE.
108316,108-31-6,MALEIC ANHYDRIDE,9.8060000000000002e+01,2.5000000000000000e-01,0,1.0000000000000000e+00,0,,,0,,0,,0,,0,,NONE.,2.5000000000000000e-01,0,1.0000000000000000e+00,0,,,0,,0,,0,,0,,NONE.
108383,108-38-3,M-XYLENE,1.0618000000000001e+02,1.0000000000000000e+02,0,4.3500000000000000e+02,0,,,0,,0,,0,,0,,NONE.,1.0000000000000000e+02,0,4.3500000000000000e+02,0,,1.5000000000000000e+02,0,6.5500000000000000e+02,0,,0,,0,,NONE.
108394,108-39-4,M-CRESOL,1.0815000000000001e+02,5.0000000000000000e+00,0,2.2000000000000000e+01,0,,,0,,0,,0,,0,,NONE.,2.2999999999999998e+00,0,1.0000000000000000e+01,0,,,0,,0,,0,,0,,NONE.
108463,108-46-3,RESORCINOL,1.1012000000000000e+02,,0,,0,,,0,,0,,0,,0,,,1.0000000000000000e+01,0,4.5000000000000000e+01,0,,2.0000000000000000e+01,0,9.0000000000000000e+01,0,,0,,0,,NONE.
108678,108-67-8,"1,3,5-TRIMETHYLBENZENE",1.2020999999999999e+02,,0,,0,,,0,,0,,0,,0,,,2.5000000000000000e+01,0,1.2500000000000000e+02,0,,,0,,0,,0,,0,,NONE.
108838,108-83-8,DIISOBUTYL KETONE,1.4227000000000001e+02,5.0000000000000000e+01,0,2.9000000000000000e+02,0,,,0,,0,,0,,0,,NONE.,2.5000000000000000e+01,0,1.5000000000000000e+02,0,,,0,,0,,0,,0,,NONE.
108849,108-84-9,SEC-HEXYL ACETATE,,5.0000000000000000e+01,0,3.0000000000000000e+02,0,,,0,,0,,0,,0,,NONE.,5.0000000000000000e+01,0,3.0000000000000000e+02,0,,,0,,0,,0,,0,,NONE.
108872,108-87-2,METHYLCYCLOHEXANE,9.8209999999999994e+01,5.0000000000000000e+02,0,2.0000000000000000e+03,0,,,0,,0,,0,,0,,NONE.,4.0000000000000000e+02,0,1.6000000000000000e+03,0,,,0,,0,,0,,0,,NONE.
108883,108-88-3,TOLUENE,9.2150000000000006e+01,2.0000000000000000e+02,0,7.5378323108384461e+02,1,,5.0000000000000000e+02,0,1.8844580777096114e+03,1,3.0000000000000000e+02,0,1.1306748466257668e+03,1,,VALUES FROM PEL TABLE Z-2: ACCEPTABLE MAXIMUM PEAK ABOVE THE ACCEPTABLE CEILING CONCENTRATION FOR AN 8-HOUR SHIFT: 500 PPM/10 MINUTES.,1.0000000000000000e+02,0,3.7500000000000000e+02,0,,1.5000000000000000e+02,0,5.6000000000000000e+02,0,,0,,0,,
108907,108-90-7,CHLOROBENZENE,1.1256000000000000e+02,7.5000000000000000e+01,0,3.5000000000000000e+02,0,,,0,,0,,0,,0,,NONE.,,0,,0,,,0,,0,,0,,0,,
108918,108-91-8,CYCLOHEXYLAMINE,9.9200000000000003e+01,,0,,0,,,0,,0,,0,,0,,,1.0000000000000000e+01,0,4.0000000000000000e+01,0,,,0,,0,,0,,0,,NONE.
108930,108-93-0,CYCLOHEXANOL,1.0018000000000001e+02,5.0000000000000000e+01,0,2.0000000000000000e+02,0,,,0,,0,,0,,0,,NONE.,5.0000000000000000e+01,0,2.0000000000000000e+02,0,,,0,,0,,0,,0,,NONE.
108941,108-94-1,CYCLOHEXANONE,9.8159999999999997e+01,5.0000000000000000e+01,0,2.0000000000000000e+02,0,,,0,,0,,0,,0,,NONE.,2.5000000000000000e+01,0,1.0000000000000000e+02,0,,,0,,0,,0,,0,,NONE.
108952,108-95-2,PHENOL,9.4120000000000005e+01,5.0000000000000000e+00,0,1.9000000000000000e+01,0,,,0,,0,,0,,0,,NONE.,5.0000000000000000e+00,0,1.9000000000000000e+01,0,,,0,,0,1.5600000000000000e+01,0,6.0000000000000000e+01,0,,VALUE BASED ON 15 MINUTES.
108985,108-98-5,PHENYL MERCAPTAN,1.1018000000000001e+02,,0,,0,,,0,,0,,0,,0,,,,0,,0,,,0,,0,1.0000000000000001e-01,0,5.0000000000000000e-01,0,,VALUE IS BASED ON 15 MINUTES.
109604,109-60-4,N-PROPYL ACETATE,1.0215000000000001e+02,2.0000000000000000e+02,0,8.4000000000000000e+02,0,,,0,,0,,0,,0,,NONE.,2.0000000000000000e+02,0,8.4000000000000000e+02,0,,2.5000000000000000e+02,0,1.0500000000000000e+03,0,,0,,0,,NONE.
109660,109-66-0,PENTANE,7.2170000000000002e+01,1.0000000000000000e+03,0,2.9500000000000000e+03,0,,,0,,0,,0,,0,,SYN - N-PENTANE. VALUE IS BASED ON 15 MINUTES,1.2000000000000000e+02,0,3.5000000000000000e+02,0,,,0,,0,6.1000000000000000e+02,0,1.8000000000000000e+03,0,,SYN - N-PENTANE. VALUE BASED ON 15 MINUTES.
109739,109-73-9,BUTYLAMINE,7.3159999999999997e+01,,0,,0,,,0,,0,5.0000000000000000e+00,0,1.5000000000000000e+01,0,,SYN - N-BUTYLAMINE.,,0,,0,,,0,,0,5.0000000000000000e+00,0,1.5000000000000000e+01,0,,SYN - N-BUTYLAMINE.
109740,109-74-0,N-BUTYRONITRILE,6.9120000000000005e+01,,0,,0,,,0,,0,,0,,0,,,8.0000000000000000e+00,0,2.2000000000000000e+01,0,,,0,,0,,0,,0,,NONE.
109773,109-77-3,MALONONITRILE,6.6069999999999993e+01,,0,,0,,,0,,0,,0,,0,,,3.0000000000000000e+00,0,8.0000000000000000e+00,0,,,0,,0,,0,,0,,NONE.
109795,109-79-5,BUTYL MERCAPTAN,9.0200000000000003e+01,1.0000000000000000e+01,0,3.5000000000000000e+01,0,,,0,,0,,0,,0,,SYN - BUTANETHIOL; N-BUTYL MERCAPTAN.,,0,,0,,,0,,0,5.0000000000000000e-01,0,1.8000000000000000e+00,0,,SYN - BUTANETHIOL; N-BUTYL MERCAPTAN.  VALUES BASED ON 15 MINUTES.
109864,109-86-4,2-METHOXYETHANOL,7.6109999999999999e+01,2.5000000000000000e+01,0,8.0000000000000000e+01,0,,,0,,0,,0,,0,,SYN - METHYL CELLOSOLVE.,1.0000000000000001e-01,0,2.9999999999999999e-01,0,,,0,,0,,0,,0,,SYN - METHYL CELLOSOLVE.
109875,109-87-5,METHYLAL,7.6109999999999999e+01,1.0000000000000000e+03,0,3.1000000000000000e+03,0,,,0,,0,,0,,0,,SYN - DIMETHOXYMETHANE.,1.0000000000000000e+03,0,3.1000000000000000e+03,0,,,0,,0,,0,,0,,SYN - DIMETHOXYMETHANE.
109897,109-89-7,DIETHYLAMINE,7.3159999999999997e+01,2.5000000000000000e+01,0,7.5000000000000000e+01,0,,,0,,0,,0,,0,,NONE.,1.0000000000000000e+01,0,3.0000000000000000e+01,0,,2.5000000000000000e+01,0,7.5000000000000000e+01,0,,0,,0,,NONE.
109944,109-94-4,ETHYL FORMATE,,1.0000000000000000e+02,0,3.0000000000000000e+02,0,,,0,,0,,0,,0,,NONE.,1.0000000000000000e+02,0,3.0000000000000000e+02,0,,,0,,0,,0,,0,,NONE.
109999,109-99-9,TETRAHYDROFURAN,7.2120000000000005e+01,2.0000000000000000e+02,0,5.9000000000000000e+02,0,,,0,,0,,0,,0,,NONE.,2.0000000000000000e+02,0,5.9000000000000000e+02,0,,2.5000000000000000e+02,0,7.3500000000000000e+02,0,,0,,0,,NONE.
110123,110-12-3,METHYL ISOAMYL KETONE,1.1420999999999999e+02,1.0000000000000000e+02,0,4.7500000000000000e+02,0,,,0,,0,,0,,0,,NONE.,5.0000000000000000e+01,0,2.4000000000000000e+02,0,,,0,,0,,0,,0,,NONE.
110190,110-19-0,ISOBUTYL ACETATE,1.1618000000000001e+02,1.5000000000000000e+02,0,7.0000000000000000e+02,0,,,0,,0,,0,,0,,NONE.,1.5000000000000000e+02,0,7.0000000000000000e+02,0,,,0,,0,,0,,0,,NONE.
110430,110-43-0,METHYL N-AMYL KETONE,1.1420999999999999e+02,1.0000000000000000e+02,0,4.6500000000000000e+02,0,,,0,,0,,0,,0,,SYN - METHYL AMYL KETONE.,1.0000000000000000e+02,0,4.6500000000000000e+02,0,,,0,,0,,0,,0,,SYN - METHYL AMYL KETONE.
110496,110-49-6,2-METHOXYETHYL ACETATE,1.1815000000000001e+02,2.5000000000000000e+01,0,1.2000000000000000e+02,0,,,0,,0,,0,,0,,SYN - ETHYLENE GLYCOL MONOMETHYL ETHER ACETATE; METHYL CELLOSOLVE ACETATE.,1.0000000000000001e-01,0,5.0000000000000000e-01,0,,,0,,0,,0,,0,,SYN - ETHYLENE GLYCOL MONOMETHYL ETHER ACETATE; METHYL CELLOSOLVE ACETATE.
110543,110-54-3,HEXANE,8.6200000000000003e+01,5.0000000000000000e+02,0,1.8000000000000000e+03,0,,,0,,0,,0,,0,,SYN - N-HEXANE. SEE LISTING FOR HEXANE ISOMERS (CAS NUMBERS VARY WITH COMPOUND).,5.0000000000000000e+01,0,1.8000000000000000e+02,0,,,0,,0,,0,,0,,SYN - N-HEXANE. SEE LISTING FOR HEXANE ISOMERS (CAS NUMBERS VARY WITH COMPOUND).
110612,110-61-2,SUCCINONITRILE,,,0,,0,,,0,,0,,0,,0,,,6.0000000000000000e+00,0,2.0000000000000000e+01,0,,,0,,0,,0,,0,,NONE.
110623,110-62-3,N-VALERALDEHYDE,8.6150000000000006e+01,,0,,0,,,0,,0,,0,,0,,,5.0000000000000000e+01,0,1.7500000000000000e+02,0,,,0,,0,,0,,0,,NONE.
110667,110-66-7,1-PENTANETHIOL,,,0,,0,,,0,,0,,0,,0,,,,0,,0,,,0,,0,5.0000000000000000e-01,0,2.1000000000000001e+00,0,,VALUE BASED ON 15 MINUTES.
110805,110-80-5,2-ETHOXYETHANOL,9.0140000000000001e+01,2.0000000000000000e+02,0,7.4000000000000000e+02,0,,,0,,0,,0,,0,,NONE.,5.0000000000000000e-01,0,1.8000000000000000e+00,0,,,0,,0,,0,,0,,NONE.
110827,110-82-7,CYCLOHEXANE,8.4180000000000007e+01,3.0000000000000000e+02,0,1.0500000000000000e+03,0,,,0,,0,,0,,0,,NONE.,3.0000000000000000e+02,0,1.0500000000000000e+03,0,,,0,,0,,0,,0,,NONE.
110838,110-83-8,CYCLOHEXENE,8.2159999999999997e+01,3.0000000000000000e+02,0,1.0150000000000000e+03,0,,,0,,0,,0,,0,,NONE.,3.0000000000000000e+02,0,1.0150000000000000e+03,0,,,0,,0,,0,,0,,NONE.
110861,110-86-1,PYRIDINE,7.9109999999999999e+01,5.0000000000000000e+00,0,1.5000000000000000e+01,0,,,0,,0,,0,,0,,NONE.,5.0000000000000000e+00,0,1.5000000000000000e+01,0,,,0,,0,,0,,0,,NONE.
110918,110-91-8,MORPHOLINE,8.7140000000000001e+01,2.0000000000000000e+01,0,7.0000000000000000e+01,0,,,0,,0,,0,,0,,NONE.,2.0000000000000000e+01,0,7.0000000000000000e+01,0,,3.0000000000000000e+01,0,1.0500000000000000e+02,0,,0,,0,,NONE.
111159,111-15-9,2-ETHYOXYETHYL ACETATE,1.3218000000000001e+02,1.0000000000000000e+02,0,5.4000000000000000e+02,0,,,0,,0,,0,,0,,SYN - CELLOSOLVE ACETATE; ETHYLENE GLYCOL MONOETHYL ETHER ACETATE (EGEEA).,5.0000000000000000e-01,0,2.7000000000000002e+00,0,,,0,,0,,0,,0,,SYN - CELLOSOLVE ACETATE; ETHYLENE GLYCOL MONOETHYL ETHER ACETATE (EGEEA).
111308,111-30-8,GLUTARALDEHYDE,1.0013000000000000e+02,,0,,0,,,0,,0,,0,,0,,,,0,,0,,,0,,0,2.0000000000000001e-01,0,8.0000000000000004e-01,0,,NONE.
111319,111-31-9,1-HEXANETHIOL,,,0,,0,,,0,,0,,0,,0,,,,0,,0,,,0,,0,5.0000000000000000e-01,0,2.7000000000000002e+00,0,,VALUE BASED ON 15 MINUTES.
111400,111-40-0,DIETHYLENE TRIAMINE,1.0320000000000000e+02,,0,,0,,,0,,0,,0,,0,,,1.0000000000000000e+00,0,4.0000000000000000e+00,0,,,0,,0,,0,,0,,NONE.
111422,111-42-2,DIETHANOLAMINE,1.0516000000000000e+02,,0,,0,,,0,,0,,0,,0,,,3.0000000000000000e+00,0,1.5000000000000000e+01,0,,,0,,0,,0,,0,,NONE.
111444,111-44-4,DICHLOROETHYL ETHER,1.4302000000000001e+02,,0,,0,,,0,,0,1.5000000000000000e+01,0,9.0000000000000000e+01,0,,NONE.,5.0000000000000000e+00,0,3.0000000000000000e+01,0,,1.0000000000000000e+01,0,6.0000000000000000e+01,0,,0,,0,,LOWEST FEASIBLE CONCENTRATION.
111659,111-65-9,OCTANE,1.1426000000000001e+02,5.0000000000000000e+02,0,2.3500000000000000e+03,0,,,0,,0,,0,,0,,NONE.,7.5000000000000000e+01,0,3.5000000000000000e+02,0,,,0,,0,3.8500000000000000e+02,0,1.8000000000000000e+03,0,,VALUE BASED ON 15 MINUTES.
111693,111-69-3,ADIPONITRILE,1.0816000000000000e+02,,0,,0,,,0,,0,,0,,0,,,4.0000000000000000e+00,0,1.8000000000000000e+01,0,,,0,,0,,0,,0,,NONE.
111762,111-76-2,2-BUTOXYETHANOL,1.1820000000000000e+02,5.0000000000000000e+01,0,2.4000000000000000e+02,0,,,0,,0,,0,,0,,NONE.,5.0000000000000000e+00,0,2.4000000000000000e+01,0,,,0,,0,,0,,0,,NONE.
111842,111-84-2,NONANE,1.2828999999999999e+02,,0,,0,,,0,,0,,0,,0,,,2.0000000000000000e+02,0,1.0500000000000000e+03,0,,,0,,0,,0,,0,,NONE.
111886,111-88-6,1-OCTANETHIOL,,,0,,0,,,0,,0,,0,,0,,,,0,,0,,,0,,0,5.0000000000000000e-01,0,3.0000000000000000e+00,0,,VALUE BASED ON 15 MINUTES.
112072,112-07-2,ETHYLENE GLYCOL MONOBUTYL ETHER ACETATE,1.6024000000000001e+02,,0,,0,,,0,,0,,0,,0,,,5.0000000000000000e+00,0,3.3000000000000000e+01,0,,,0,,0,,0,,0,,SYN - 2-BUTOXYETHANOL ACETATE.
112550,112-55-0,1-DODECANETHIOL,2.0244000000000000e+02,,0,,0,,,0,,0,,0,,0,,,,0,,0,,,0,,0,5.0000000000000000e-01,0,4.0999999999999996e+00,0,,VALUE BASED ON 15 MINUTES.
114261,114-26-1,PROPOXUR,2.0927000000000001e+02,,0,,0,,,0,,0,,0,,0,,,5.8417355569360153e-02,1,5.0000000000000000e-01,0,,,0,,0,,0,,0,,SYN - BAYGON.
115297,115-29-7,ENDOSULFAN,4.0691000000000003e+02,,0,,0,,,0,,0,,0,,0,,,6.0086997124671306e-03,1,1.0000000000000001e-01,0,,,0,,0,,0,,0,,NONE.
115775,115-77-5,PENTAERYTHRITOL,1.3616999999999999e+02,8.9777484027318799e-01,1,5.0000000000000000e+00,0,respirable fraction,,0,,0,,0,,0,,NONE.,8.9777484027318799e-01,1,5.0000000000000000e+00,0,respirable fraction,,0,,0,,0,,0,,NONE.
115866,115-86-6,TRIPHENYL PHOSPHATE,3.2630000000000001e+02,2.2479313515170085e-01,1,3.0000000000000000e+00,0,,,0,,0,,0,,0,,NONE.,2.2479313515170085e-01,1,3.0000000000000000e+00,0,,,0,,0,,0,,0,,NONE.
115902,115-90-2,FENSULFOTHION,3.0837000000000000e+02,,0,,0,,,0,,0,,0,,0,,,7.9287868469695502e-03,1,1.0000000000000001e-01,0,,,0,,0,,0,,0,,SYN - DASANIT.
117817,117-81-7,DI-SEC-OCTYL PHTHALATE,3.9062000000000000e+02,3.1296400593927604e-01,1,5.0000000000000000e+00,0,,,0,,0,,0,,0,,SYN - DI-2-ETHYLHEXYLPHTHALATE.,3.1296400593927604e-01,1,5.0000000000000000e+00,0,,,0,1.0000000000000000e+01,0,,0,,0,,SYN - DI-2-ETHYLHEXYLPHTHALATE.  LOWEST FEASIBLE CONCENTRATION.
118525,118-52-5,"1,3-DICHLORO-5,5-DIMETHYLHYDANTOIN",1.9703000000000000e+02,2.4818555549916257e-02,1,2.0000000000000001e-01,0,,,0,,0,,0,,0,,NONE.,4.9637111099832515e-02,1,4.0000000000000002e-01,0,,4.9637111099832515e-02,1,4.0000000000000002e-01,0,,0,,0,,NONE.
118967,118-96-7,"2,4,6-TRINITROTOLUENE",2.2715000000000001e+02,1.6145718688091568e-01,1,1.5000000000000000e+00,0,,,0,,0,,0,,0,,SYN - TNT.,5.3819062293638559e-02,1,5.0000000000000000e-01,0,,,0,,0,,0,,0,,SYN - TNT.
119937,119-93-7,O-TOLIDINE,2.1231999999999999e+02,,0,,0,,,0,,0,,0,,0,,,,0,,0,,,0,,0,2.3031273549359460e-03,1,2.0000000000000000e-02,0,,LOWEST FEASIBLE CONCENTRATION.  VALUE BASED ON 60 MINUTES.
120809,120-80-9,CATECHOL,1.1012000000000000e+02,,0,,0,,,0,,0,,0,,0,,,5.0000000000000000e+00,0,2.0000000000000000e+01,0,,,0,,0,,0,,0,,SYN - PYROCATECHOL.
120821,120-82-1,"1,2,4-TRICHLOROBENZENE",1.8144000000000000e+02,,0,,0,,,0,,0,,0,,0,,,,0,,0,,,0,,0,5.0000000000000000e+00,0,4.0000000000000000e+01,0,,NONE.
121448,121-44-8,TRIETHYLAMINE,1.0122000000000000e+02,2.5000000000000000e+01,0,1.0000000000000000e+02,0,,,0,,0,,0,,0,,NONE.,,0,,0,,,0,,0,,0,,0,,
121459,121-45-9,TRIMETHYL PHOSPHITE,1.2409000000000000e+02,,0,,0,,,0,,0,,0,,0,,,2.0000000000000000e+00,0,1.0000000000000000e+01,0,,,0,,0,,0,,0,,NONE.
121697,121-69-7,DIMETHYLANILINE,1.2120000000000000e+02,5.0000000000000000e+00,0,2.5000000000000000e+01,0,,,0,,0,,0,,0,,"SYN - N,N-DIMETHYLANILINE.",5.0000000000000000e+00,0,2.5000000000000000e+01,0,,1.0000000000000000e+01,0,5.0000000000000000e+01,0,,0,,0,,"SYN - N,N-DIMETHYLANILINE."
121755,121-75-5,MALATHION,3.3038000000000000e+02,1.1100853562564319e+00,1,1.5000000000000000e+01,0,,,0,,0,,0,,0,,NONE.,7.4005690417095471e-01,1,1.0000000000000000e+01,0,,,0,,0,,0,,0,,
121824,121-82-4,CYCLONITE,2.2215000000000001e+02,,0,,0,,,0,,0,,0,,0,,,1.6509115462525320e-01,1,1.5000000000000000e+00,0,,3.3018230925050640e-01,1,3.0000000000000000e+00,0,,0,,0,,NONE.
122394,122-39-4,DIPHENYLAMINE,1.6924000000000001e+02,,0,,0,,,0,,0,,0,,0,,,1.4446939257858662e+00,1,1.0000000000000000e+01,0,,,0,,0,,0,,0,,NONE.
122601,122-60-1,PHENYL GLYCIDYL ETHER,1.5019000000000000e+02,1.0000000000000000e+01,0,6.0000000000000000e+01,0,,,0,,0,,0,,0,,SYN - PGE.,,0,,0,,,0,,0,1.0000000000000000e+00,0,6.0000000000000000e+00,0,,SYN - PGE.  VALUE BASED ON 15 MINUTES.
123193,123-19-3,DIPROPYL KETONE,,,0,,0,,,0,,0,,0,,0,,,5.0000000000000000e+01,0,2.3500000000000000e+02,0,,,0,,0,,0,,0,,NONE.
123319,123-31-9,HYDROQUINONE,1.1012000000000000e+02,4.4406102433708677e-01,1,2.0000000000000000e+00,0,,,0,,0,,0,,0,,SYN - DIHYDROXYBENZENE.,,0,,0,,,0,,0,4.4406102433708677e-01,1,2.0000000000000000e+00,0,,SYN - DIHYDROXYBENZENE.  VALUE BASED ON 15 MINUTES.
123422,123-42-2,DIACETONE ALCOHOL,1.1618000000000001e+02,5.0000000000000000e+01,0,2.4000000000000000e+02,0,,,0,,0,,0,,0,,SYN - 4-HYDROXY-4-METHYL-2-PENTANONE.,5.0000000000000000e+01,0,2.4000000000000000e+02,0,,,0,,0,,0,,0,,SYN - 4-HYDROXY-4-METHYL-2-PENTANONE.
123513,123-51-3,ISOAMYL ALCOHOL PRIMARY,8.8170000000000002e+01,1.0000000000000000e+02,0,3.6000000000000000e+02,0,,,0,,0,,0,,0,,NONE.,1.0000000000000000e+02,0,3.6000000000000000e+02,0,,1.2500000000000000e+02,0,4.5000000000000000e+02,0,,0,,0,,NONE.
123864,123-86-4,N-BUTYL ACETATE,1.1618000000000001e+02,1.5000000000000000e+02,0,7.1000000000000000e+02,0,,,0,,0,,0,,0,,NONE.,1.5000000000000000e+02,0,7.1000000000000000e+02,0,,2.0000000000000000e+02,0,9.5000000000000000e+02,0,,0,,0,,NONE.
7440611,7440-61-1,URANIUM,2.3803000000000000e+02,2.5679536192916859e-02,1,2.5000000000000000e-01,0,,,0,,0,,0,,0,,NONE.,2.0543628954333489e-02,1,2.0000000000000001e-01,0,,5.1359072385833721e-03,1,5.0000000000000003e-02,0,,0,,0,,LOWEST FEASIBLE CONCENTRATION.
7440655,7440-65-5,YTTRIUM,8.8909999999999997e+01,2.7499718816781016e-01,1,1.0000000000000000e+00,0,,,0,,0,,0,,0,,NONE.,2.7499718816781016e-01,1,1.0000000000000000e+00,0,,,0,,0,,0,,0,,NONE.
,,ZIRCONIUM COMOUNDS,9.1219999999999999e+01,1.3401666301249726e+00,1,5.0000000000000000e+00,0,as Zr; except zirconium tetrachloride,,0,,0,,0,,0,,NONE.,1.3401666301249726e+00,1,5.0000000000000000e+00,0,as Zr; except zirconium tetrachloride,2.6803332602499452e+00,1,1.0000000000000000e+01,0,,0,,0,,VALUE FOR ZIRCONIUM COMPOUNDS EXCEPT ZIRCONIUM TETRACHLORIDE.
7440746,7440-74-6,INDIUM,1.1481999999999999e+02,,0,,0,,,0,,0,,0,,0,,,2.1294199616791503e-02,1,1.0000000000000001e-01,0,,,0,,0,,0,,0,,NONE.
7446095,7446-09-5,SULFUR DIOXIDE,,5.0000000000000000e+00,0,1.3000000000000000e+01,0,,,0,,0,,0,,0,,NONE.,2.0000000000000000e+00,0,5.0000000000000000e+00,0,,5.0000000000000000e+00,0,1.3000000000000000e+01,0,,0,,0,,NONE.
7553562,7553-56-2,IODINE,2.5380000000000001e+02,,0,,0,,,0,,0,1.0000000000000001e-01,0,1.0000000000000000e+00,0,,NONE.,,0,,0,,,0,,0,1.0000000000000001e-01,0,1.0000000000000000e+00,0,,NONE.
7572294,7572-29-4,DICHLOROACETYLENE,,,0,,0,,,0,,0,,0,,0,,,,0,,0,,,0,,0,1.0000000000000001e-01,0,4.0000000000000002e-01,0,,LOWEST FEASIBLE CONCENTRATION.
7580678,7580-67-8,LITHIUM HYDRIDE,6.9400000000000004e+00,8.8076368876080696e-02,1,2.5000000000000001e-02,0,,,0,,0,,0,,0,,NONE.,8.8076368876080696e-02,1,2.5000000000000001e-02,0,,,0,,0,,0,,0,,NONE.
7616946,7616-94-6,PERCHLORYL FLUORIDE,,3.0000000000000000e+00,0,1.3500000000000000e+01,0,,,0,,0,,0,,0,,NONE.,3.0000000000000000e+00,0,1.4000000000000000e+01,0,,6.0000000000000000e+00,0,2.8000000000000000e+01,0,,0,,0,,NONE.
7631869,7631-86-9,"SILICA, AMORPHOUS",6.0100000000000001e+01,,0,,0,,,0,,0,,0,,0,,,2.4409317803660562e+00,1,6.0000000000000000e+00,0,,,0,,0,,0,,0,,SYN - SILICA - AMORPHOUS SILICA GEL.
7631905,7631-90-5,SODIUM BISULFITE,1.0409999999999999e+02,,0,,0,,,0,,0,,0,,0,,,1.1743515850144093e+00,1,5.0000000000000000e+00,0,,,0,,0,,0,,0,,NONE.
7637072,7637-07-2,BORON TRIFLUORIDE,6.7810000000000002e+01,,0,,0,,,0,,0,1.0000000000000000e+00,0,3.0000000000000000e+00,0,,NONE.,,0,,0,,,0,,0,1.0000000000000000e+00,0,3.0000000000000000e+00,0,,NONE.
7646857,7646-85-7,ZINC CHLORIDE FUME,1.3630000000000001e+02,1.7938371239911957e-01,1,1.0000000000000000e+00,0,,,0,,0,,0,,0,,NONE.,1.7938371239911957e-01,1,1.0000000000000000e+00,0,,3.5876742479823914e-01,1,2.0000000000000000e+00,0,,0,,0,,NONE.
10028156,10028-15-6,OZONE,4.8000000000000000e+01,1.0000000000000001e-01,0,2.0000000000000001e-01,0,,,0,,0,,0,,0,,NONE.,,0,,0,,,0,,0,1.0000000000000001e-01,0,2.0000000000000001e-01,0,,NONE.
10035106,10035-10-6,HYDROGEN BROMIDE,8.0920000000000002e+01,3.0000000000000000e+00,0,1.0000000000000000e+01,0,,,0,,0,,0,,0,,NONE.,,0,,0,,,0,,0,3.0000000000000000e+00,0,1.0000000000000000e+01,0,,NONE.
10049044,10049-04-4,CHLORINE DIOXIDE,6.7450000000000003e+01,1.0000000000000001e-01,0,2.9999999999999999e-01,0,,,0,,0,,0,,0,,NONE.,1.0000000000000001e-01,0,2.9999999999999999e-01,0,,2.9999999999999999e-01,0,9.0000000000000002e-01,0,,0,,0,,NONE.
10102439,10102-43-9,NITRIC OXIDE,,2.5000000000000000e+01,0,3.0000000000000000e+01,0,,,0,,0,,0,,0,,NONE.,2.5000000000000000e+01,0,3.0000000000000000e+01,0,,,0,,0,,0,,0,,NONE.
10102440,10102-44-0,NITROGEN DIOXIDE,,,0,,0,,,0,,0,5.0000000000000000e+00,0,9.0000000000000000e+00,0,,NONE.,,0,,0,,1.0000000000000000e+00,0,1.8000000000000000e+00,0,,0,,0,,NONE.
10210681,10210-68-1,COBALT CARBONYL,5.8930000000000000e+01,,0,,0,as Co,,0,,0,,0,,0,,,4.1489903275072126e-02,1,1.0000000000000001e-01,0,as Co,,0,,0,,0,,0,,NONE.
10294334,10294-33-4,BORON TRIBROMIDE,,,0,,0,,,0,,0,,0,,0,,,,0,,0,,,0,,0,1.0000000000000000e+00,0,1.0000000000000000e+01,0,,NONE.
10361372,10361-37-2,BARIUM CHLORIDE,1.3733000000000001e+02,8.9019150950265774e-02,1,5.0000000000000000e-01,0,as Ba,,0,,0,,0,,0,,NONE.,8.9019150950265774e-02,1,5.0000000000000000e-01,0,as Ba,,0,,0,,0,,0,,NONE.
11097691,11097-69-1,"CHLORODIPHENYL, 54% CHLORINE",3.2600000000000000e+02,3.7499999999999999e-02,1,5.0000000000000000e-01,0,,,0,,0,,0,,0,,SYN - AROCLOR 1254; PCB,7.4999999999999993e-05,1,1.0000000000000000e-03,0,,,0,,0,,0,,0,,SYN - AROCLOR 1254; PCB.  LOWEST FEASIBLE CONCENTRATION.
12001262,12001-26-2,MICA (SILICATES),7.9700000000000000e+02,,0,,0,,,0,,0,,0,,0,20, VALUE FROM PEL TABLE Z-3:  UNITS ARE MILLIONS OF PARTICLES PER CUBIC FOOT OF AIR.,9.2032622333751563e-02,1,3.0000000000000000e+00,0,,,0,,0,,0,,0,,THE VALUE IS FOR RESPIRABLE FRACTIONS.
7440484,7440-48-4,COBALT,5.8930000000000000e+01,4.1489903275072126e-02,1,1.0000000000000001e-01,0,metal dust,,0,,0,,0,,0,,NONE.,2.0744951637536063e-02,1,5.0000000000000003e-02,0,metal dust,,0,,0,,0,,0,,NONE.
12079651,12079-65-1,MANGANESE CYCLOPENTADIENYL TRICARBONYL,5.4939999999999998e+01,,0,,0,as Mn,,0,,0,2.2251547142337098e+00,1,5.0000000000000000e+00,0,,NONE.,4.4503094284674194e-02,1,1.0000000000000001e-01,0,as Mn,,0,,0,,0,,0,,NONE.
12108133,12108-13-3,METHYLCYCLOPENTADIENYL MANGANESE TRICARBONYL,2.1809999999999999e+02,,0,,0,,,0,,0,5.6052269601100413e-01,1,5.0000000000000000e+00,0,,SYN - 2-METHYLCYCLOPENTADIENYL MANGANESE TRICARBONYL.,2.2420907840440169e-02,1,2.0000000000000001e-01,0,,,0,,0,,0,,0,,SYN - 2-METHYLCYCLOPENTADIENYL MANGANESE TRICARBONYL.
12125029,12125-02-9,AMMONIUM CHLORIDE,5.3500000000000000e+01,,0,,0,,,0,,0,,0,,0,,,4.5700934579439254e+00,1,1.0000000000000000e+01,0,,9.1401869158878508e+00,1,2.0000000000000000e+01,0,,0,,0,,NONE.
12179043,12179-04-3,"BORATES, TETRA, SODIUM SALTS (PENTAHYDRATE)",2.9139999999999998e+02,,0,,0,,,0,,0,,0,,0,,,8.3905284831846269e-02,1,1.0000000000000000e+00,0,,,0,,0,,0,,0,,NONE.
12604589,12604-58-9,FERROVANADIUM DUST,1.0680000000000000e+02,2.2893258426966293e-01,1,1.0000000000000000e+00,0,,,0,,0,,0,,0,,NONE.,2.2893258426966293e-01,1,1.0000000000000000e+00,0,,6.8679775280898869e-01,1,3.0000000000000000e+00,0,,0,,0,,NONE.
13121705,13121-70-5,CYHEXATIN,3.8516000000000003e+02,2.0313635891577524e-02,1,3.2000000000000001e-01,0,,,0,,0,,0,,0,,`,3.1740056080589885e-01,1,5.0000000000000000e+00,0,,,0,,0,,0,,0,,NONE.
13397245,13397-24-5,GYPSUM,1.7219999999999999e+02,7.0993031358885017e-01,1,5.0000000000000000e+00,0,respirable fraction,,0,,0,,0,,0,,NONE.,7.0993031358885017e-01,1,5.0000000000000000e+00,0,respirable fraction,,0,,0,,0,,0,,NONE.
13463393,13463-39-3,NICKEL CARBONYL,5.8710000000000001e+01,1.0000000000000000e-03,0,7.0000000000000001e-03,0,as Ni,,0,,0,,0,,0,,NONE.,1.0000000000000000e-03,0,7.0000000000000001e-03,0,as Ni,,0,,0,,0,,0,,NONE.
13463406,13463-40-6,IRON PENTACARBONYL,5.5850000000000001e+01,,0,,0,as Fe,,0,,0,,0,,0,,,1.0000000000000001e-01,0,2.3000000000000001e-01,0,as Fe,2.0000000000000001e-01,0,4.5000000000000001e-01,0,,0,,0,,NONE.
13463677,13463-67-7,TITANIUM DIOXIDE,7.9866000000000000e+01,4.5920667117421683e+00,1,1.5000000000000000e+01,0,,,0,,0,,0,,0,,NONE.,,0,,0,,,0,,0,,0,,0,,LOWEST FEASIBLE CONCENTRATION.
,,INDIUM COMPOUNDS,1.1481999999999999e+02,,0,,0,as In,,0,,0,,0,,0,,,2.1294199616791503e-02,1,1.0000000000000001e-01,0,as Sn,,0,,0,,0,,0,,NONE.
,,TELLURIUM COMPOUNDS,1.2759999999999999e+02,1.9161442006269597e-02,1,1.0000000000000001e-01,0,as Te; except tellurium hexafluoride and bismuth telluride,,0,,0,,0,,0,,NONE.,1.9161442006269597e-02,1,1.0000000000000001e-01,0,as Te; except tellurium hexafluoride and bismuth telluride,,0,,0,,0,,0,,NONE.
13838169,13838-16-9,ENFLURANE,,,0,,0,,,0,,0,,0,,0,,,,0,,0,,,0,,0,2.0000000000000000e+00,0,1.5100000000000000e+01,0,,VALUES BASED ON 60 MINUTES.  REL FOR EXPOSURE TO WASTE ANESTHETIC GAS.
14464461,14464-46-1,"SILICA, CRYSTALLINE CRISTOBALITE",6.0079999999999998e+01,,0,,0,,,0,,0,,0,,0,,TABLE Z-3 MINERAL DUSTS: USE 1/2 THE VALUE CALCULATED FROM THE FORMULA FOR QUARTZ.,2.0347869507323573e-02,1,5.0000000000000003e-02,0,as respirable dust,,0,,0,,0,,0,,LOWEST FEASIBLE CONCENTRATION.
14484641,14484-64-1,FERBAM,4.1650999999999999e+02,8.8053107968596189e-01,1,1.5000000000000000e+01,0,,,0,,0,,0,,0,,NONE.,5.8702071979064130e-01,1,1.0000000000000000e+01,0,,,0,,0,,0,,0,,NONE.
79049,79-04-9,CHLOROACETYL CHLORIDE,1.1294000000000000e+02,,0,,0,,,0,,0,,0,,0,,,5.0000000000000003e-02,0,2.0000000000000001e-01,0,,,0,,0,,0,,0,,NONE.
79061,79-06-1,ACRYLAMIDE,7.1090000000000003e+01,1.0317906878604584e-01,1,2.9999999999999999e-01,0,,,0,,0,,0,,0,,NONE.,1.0317906878604585e-02,1,2.9999999999999999e-02,0,,,0,,0,,0,,0,,NONE.
79094,79-09-4,PROPIONIC ACID,7.4090000000000003e+01,,0,,0,,,0,,0,,0,,0,,,1.0000000000000000e+01,0,3.0000000000000000e+01,0,,1.5000000000000000e+01,0,4.5000000000000000e+01,0,,0,,0,,NONE.
79107,79-10-7,ACRYLIC ACID,7.2069999999999993e+01,,0,,0,,,0,,0,,0,,0,,,2.0000000000000000e+00,0,6.0000000000000000e+00,0,,,0,,0,,0,,0,,NONE.
79209,79-20-9,METHYL ACETATE,7.4090000000000003e+01,2.0000000000000000e+02,0,6.1000000000000000e+02,0,,,0,,0,,0,,0,,NONE.,2.0000000000000000e+02,0,6.1000000000000000e+02,0,,2.5000000000000000e+02,0,7.6000000000000000e+02,0,,0,,0,,NONE.
79243,79-24-3,NITROETHANE,7.5079999999999998e+01,1.0000000000000000e+02,0,3.1000000000000000e+02,0,,,0,,0,,0,,0,,NONE.,1.0000000000000000e+02,0,3.1000000000000000e+02,0,,,0,,0,,0,,0,,NONE.
79276,79-27-6,ACETYLENE TETRABROMIDE,3.4568000000000001e+02,1.0000000000000000e+00,0,1.4000000000000000e+01,0,,,0,,0,,0,,0,,NONE.,,0,,0,,,0,,0,,0,,0,,NONE.
79345,79-34-5,"1,1,2,2-TETRACHLOROETHANE",1.6784000000000000e+02,5.0000000000000000e+00,0,3.5000000000000000e+01,0,,,0,,0,,0,,0,,NONE.,1.0000000000000000e+00,0,7.0000000000000000e+00,0,,,0,,0,,0,,0,,LOWEST FEASIBLE CONCENTRATION.
79414,79-41-4,METHACRYLIC ACID,8.6099999999999994e+01,,0,,0,,,0,,0,,0,,0,,,2.0000000000000000e+01,0,7.0000000000000000e+01,0,,,0,,0,,0,,0,,NONE.
79469,79-46-9,2-NITROPROPANE,8.9109999999999999e+01,2.5000000000000000e+01,0,9.0000000000000000e+01,0,,,0,,0,,0,,0,,NONE.,,0,,0,,,0,,0,,0,,0,,LOWEST FEASIBLE CONCENTRATION (1.4 PPM LIMIT OF QUANTITATION).
80626,80-62-6,METHYL METHACRYLATE,1.0013000000000000e+02,1.0000000000000000e+02,0,4.1000000000000000e+02,0,,,0,,0,,0,,0,,NONE.,1.0000000000000000e+02,0,4.1000000000000000e+02,0,,,0,,0,,0,,0,,NONE.
81812,81-81-2,WARFARIN,3.0835000000000002e+02,7.9293011188584402e-03,1,1.0000000000000001e-01,0,,,0,,0,,0,,0,,NONE.,7.9293011188584402e-03,1,1.0000000000000001e-01,0,,,0,,0,,0,,0,,NONE.
83261,83-26-1,PINDONE,2.3027000000000001e+02,1.0617970208885222e-02,1,1.0000000000000001e-01,0,,,0,,0,,0,,0,,"SYN - 2-PIVALYL-1,3-INDANDIONE; PIVAL.",1.0617970208885222e-02,1,1.0000000000000001e-01,0,,,0,,0,,0,,0,,"SYN - 2-PIVALYL-1,3-INDANDIONE; PIVAL."
83794,83-79-4,ROTENONE,3.9443000000000001e+02,3.0994092741424334e-01,1,5.0000000000000000e+00,0,,,0,,0,,0,,0,,NONE.,3.0994092741424334e-01,1,5.0000000000000000e+00,0,,,0,,0,,0,,0,,NONE.
84151,84-15-1,O-TERPHENYLS,,,0,,0,,,0,,0,1.0000000000000000e+00,0,9.0000000000000000e+00,0,,NONE.,,0,,0,,,0,,0,5.0000000000000000e-01,0,5.0000000000000000e+00,0,,NONE.
84662,84-66-2,DIETHYL PHTHALATE,2.2225999999999999e+02,,0,,0,,,0,,0,,0,,0,,,5.5003149464591017e-01,1,5.0000000000000000e+00,0,,,0,,0,,0,,0,,NONE.
84742,84-74-2,DIBUTYL PHTHALATE,2.7838000000000000e+02,4.3914792729362745e-01,1,5.0000000000000000e+00,0,,,0,,0,,0,,0,,NONE.,4.3914792729362745e-01,1,5.0000000000000000e+00,0,,,0,,0,,0,,0,,NONE.
85007,85-00-7,DIQUAT DIBROMIDE,3.4405000000000001e+02,,0,,0,,,0,,0,,0,,0,,,3.5532626071791890e-02,1,5.0000000000000000e-01,0,,,0,,0,,0,,0,,NONE.
85449,85-44-9,PHTHALIC ANHYDRIDE,1.4812000000000000e+02,2.0000000000000000e+00,0,1.2000000000000000e+01,0,,,0,,0,,0,,0,,NONE.,1.0000000000000000e+00,0,6.0000000000000000e+00,0,,,0,,0,,0,,0,,NONE.
86500,86-50-0,AZINPHOS-METHYL,3.1733999999999997e+02,1.5409340139913030e-02,1,2.0000000000000001e-01,0,,,0,,0,,0,,0,,NONE.,1.5409340139913030e-02,1,2.0000000000000001e-01,0,,,0,,0,,0,,0,,NONE.
86884,86-88-4,ANTU,2.0228000000000000e+02,3.6261617559818070e-02,1,2.9999999999999999e-01,0,,,0,,0,,0,,0,,SYN - A-NAPHTHYLTHIOUREA.,3.6261617559818070e-02,1,2.9999999999999999e-01,0,,,0,,0,,0,,0,,SYN - A-NAPHTHYLTHIOUREA.
87683,87-68-3,HEXACHLOROBUTADIENE,2.6074000000000001e+02,,0,,0,,,0,,0,,0,,0,,,2.0000000000000000e-02,0,2.3999999999999999e-01,0,,,0,,0,,0,,0,,LOWEST FEASIBLE CONCENTRATION.
87865,87-86-5,PENTACHLOROPHENOL,2.6631999999999999e+02,4.5903424451787321e-02,1,5.0000000000000000e-01,0,,,0,,0,,0,,0,,NONE.,4.5903424451787321e-02,1,5.0000000000000000e-01,0,,,0,,0,,0,,0,,NONE.
88722,88-72-2,NITROTOLUENE O-ISOMER,1.3715000000000001e+02,5.0000000000000000e+00,0,3.0000000000000000e+01,0,,,0,,0,,0,,0,,NONE.,2.0000000000000000e+00,0,1.1000000000000000e+01,0,,,0,,0,,0,,0,,NONE.
88891,88-89-1,PICRIC ACID,2.2912000000000000e+02,1.0671263966480448e-02,1,1.0000000000000001e-01,0,,,0,,0,,0,,0,,NONE.,1.0671263966480448e-02,1,1.0000000000000001e-01,0,,3.2013791899441334e-02,1,2.9999999999999999e-01,0,,0,,0,,NONE.
89725,89-72-5,O-SEC-BUTYLPHENOL,1.5024000000000001e+02,,0,,0,,,0,,0,,0,,0,,,5.0000000000000000e+00,0,3.0000000000000000e+01,0,,,0,,0,,0,,0,,NONE.
90040,90-04-0,O-ANISIDINE,1.2317000000000000e+02,9.9253064869692292e-02,1,5.0000000000000000e-01,0,,,0,,0,,0,,0,,,9.9253064869692292e-02,1,5.0000000000000000e-01,0,,,0,,0,,0,,0,,NONE.
91203,91-20-3,NAPHTHALENE,1.2818000000000001e+02,1.0000000000000000e+01,0,5.0000000000000000e+01,0,,,0,,0,,0,,0,,NONE.,1.0000000000000000e+01,0,5.0000000000000000e+01,0,,1.5000000000000000e+01,0,7.5000000000000000e+01,0,,0,,0,,NONE.
92068,92-06-8,M-TERPHENYL,2.3031999999999999e+02,,0,,0,,,0,,0,1.0000000000000000e+00,0,9.0000000000000000e+00,0,,NONE.,,0,,0,,,0,,0,5.0000000000000000e-01,0,5.0000000000000000e+00,0,,NONE.
92524,92-52-4,DIPHENYL,1.5422000000000000e+02,2.0000000000000001e-01,0,1.0000000000000000e+00,0,,,0,,0,,0,,0,,SYN - BIPHENYL.,2.0000000000000001e-01,0,1.0000000000000000e+00,0,,,0,,0,,0,,0,,SYN - BIPHENYL.
92842,92-84-2,PHENOTHIOAZINE,1.9927000000000001e+02,,0,,0,,,0,,0,,0,,0,,,6.1348923571034275e-01,1,5.0000000000000000e+00,0,,,0,,0,,0,,0,,NONE.
92944,92-94-4,P-TERPHENYL,,,0,,0,,,0,,0,1.0000000000000000e+00,0,9.0000000000000000e+00,0,,NONE.,,0,,0,,,0,,0,5.0000000000000000e-01,0,5.0000000000000000e+00,0,,NONE.
93765,93-76-5,"2,4,5-TRICHLOROPHENOXYACETIC ACID",2.5547999999999999e+02,9.5702207609206202e-01,1,1.0000000000000000e+01,0,,,0,,0,,0,,0,,NONE.,9.5702207609206202e-01,1,1.0000000000000000e+01,0,,,0,,0,,0,,0,,NONE.
94360,94-36-0,BENZOYL PEROXIDE,2.4224000000000001e+02,5.0466479524438568e-01,1,5.0000000000000000e+00,0,,,0,,0,,0,,0,,NONE.,5.0466479524438568e-01,1,5.0000000000000000e+00,0,,,0,,0,,0,,0,,NONE.
94757,94-75-7,"2,4-DICHLOROPHENOXYACETIC ACID",2.2103999999999999e+02,1.1061346362649294e+00,1,1.0000000000000000e+01,0,,,0,,0,,0,,0,,NONE.,1.1061346362649294e+00,1,1.0000000000000000e+01,0,,,0,,0,,0,,0,,NONE.
95136,95-13-6,INDENE,1.1617000000000000e+02,,0,,0,,,0,,0,,0,,0,,,1.0000000000000000e+01,0,4.5000000000000000e+01,0,,,0,,0,,0,,0,,NONE.
95476,95-47-6,O-XYLENE,1.0618000000000001e+02,1.0000000000000000e+02,0,4.3500000000000000e+02,0,,,0,,0,,0,,0,,NONE.,1.0000000000000000e+02,0,4.3500000000000000e+02,0,,1.5000000000000000e+02,0,6.5500000000000000e+02,0,,0,,0,,NONE.
95487,95-48-7,O-CRESOL,1.0815000000000001e+02,5.0000000000000000e+00,0,2.2000000000000000e+01,0,,,0,,0,,0,,0,,NONE.,2.2999999999999998e+00,0,1.0000000000000000e+01,0,,,0,,0,,0,,0,,NONE.
95498,95-49-8,O-CHLOROTOLUENE,1.2659000000000000e+02,,0,,0,,,0,,0,,0,,0,,,5.0000000000000000e+01,0,2.5000000000000000e+02,0,,7.5000000000000000e+01,0,3.7500000000000000e+02,0,,0,,0,,NONE.
95501,95-50-1,O-DICHLOROBENZENE,1.4700000000000000e+02,,0,,0,,,0,,0,5.0000000000000000e+01,0,3.0000000000000000e+02,0,,NONE.,,0,,0,,,0,,0,5.0000000000000000e+01,0,3.0000000000000000e+02,0,,NONE.
95534,95-53-4,O-TOLUIDINE,1.0717000000000000e+02,5.0000000000000000e+00,0,2.2000000000000000e+01,0,,,0,,0,,0,,0,,NONE.,,0,,0,,,0,,0,,0,,0,,LOWEST FEASIBLE CONCENTRATION.
95636,95-63-6,"1,2,4-TRIMETHYLBENZENE",1.2020999999999999e+02,,0,,0,,,0,,0,,0,,0,,,2.5000000000000000e+01,0,1.2500000000000000e+02,0,,,0,,0,,0,,0,,NONE.
96128,96-12-8,"1,2-DIBROMO-3-CHLOROPROPANE",2.3634999999999999e+02,1.0000000000000000e-03,0,9.6666666666666672e-03,1,,,0,,0,,0,,0,,SEE 29 CRF 1910.1044.,,0,,0,,,0,,0,,0,,0,,LOWEST FEASIBLE CONCENTRATION.
96184,96-18-4,"1,2,3-TRICHLOROPROPANE",1.4743000000000001e+02,5.0000000000000000e+01,0,3.0000000000000000e+02,0,,,0,,0,,0,,0,,NONE.,1.0000000000000000e+01,0,6.0000000000000000e+01,0,,,0,,0,,0,,0,,LOWEST FEASIBLE CONCENTRATION.
96220,96-22-0,DIETHYL KETONE,8.6150000000000006e+01,,0,,0,,,0,,0,,0,,0,,,2.0000000000000000e+02,0,7.0500000000000000e+02,0,,,0,,0,,0,,0,,NONE.
96333,96-33-3,METHYL ACRYLATE,8.6099999999999994e+01,1.0000000000000000e+01,0,3.5000000000000000e+01,0,,,0,,0,,0,,0,,NONE.,1.0000000000000000e+01,0,3.5000000000000000e+01,0,,,0,,0,,0,,0,,NONE.
96695,96-69-5,"4,4'-THIOBIS(6-TERT-BUTYL-M-CRESOL)",3.5857999999999998e+02,3.4092810530425571e-01,1,5.0000000000000000e+00,0,respirable fraction,,0,,0,,0,,0,,NONE.,3.4092810530425571e-01,1,5.0000000000000000e+00,0,respirable fraction,,0,,0,,0,,0,,NONE.
97778,97-77-8,DISULFIRAM,2.9656000000000000e+02,,0,,0,,,0,,0,,0,,0,,,1.6489074723496089e-01,1,2.0000000000000000e+00,0,,,0,,0,,0,,0,,NONE.
98000,98-00-0,FURFURYL ALCOHOL,,5.0000000000000000e+01,0,2.0000000000000000e+02,0,,,0,,0,,0,,0,,NONE.,1.0000000000000000e+01,0,4.0000000000000000e+01,0,,1.5000000000000000e+01,0,6.0000000000000000e+01,0,,0,,0,,NONE.
98011,98-01-1,FURFURAL,9.6090000000000003e+01,5.0000000000000000e+00,0,2.0000000000000000e+01,0,,,0,,0,,0,,0,,NONE.,,0,,0,,,0,,0,,0,,0,,
98511,98-51-1,P-TERT-BUTYLTOLUENE,1.4827000000000001e+02,1.0000000000000000e+01,0,6.0000000000000000e+01,0,,,0,,0,,0,,0,,NONE.,1.0000000000000000e+01,0,6.0000000000000000e+01,0,,2.0000000000000000e+01,0,1.2000000000000000e+02,0,,0,,0,,NONE.
98828,98-82-8,CUMENE,1.2020999999999999e+02,5.0000000000000000e+01,0,2.4500000000000000e+02,0,,,0,,0,,0,,0,,NONE.,5.0000000000000000e+01,0,2.4500000000000000e+02,0,,,0,,0,,0,,0,,NONE.
98839,98-83-9,ALPHA-METHYL STYRENE,,,0,,0,,,0,,0,1.0000000000000000e+02,0,4.8000000000000000e+02,0,,NONE.,5.0000000000000000e+01,0,2.4000000000000000e+02,0,,1.0000000000000000e+02,0,4.8500000000000000e+02,0,,0,,0,,NONE.
98953,98-95-3,NITROBENZENE,1.2312000000000000e+02,1.0000000000000000e+00,0,5.0000000000000000e+00,0,,,0,,0,,0,,0,,NONE.,1.0000000000000000e+00,0,5.0000000000000000e+00,0,,,0,,0,,0,,0,,NONE.
99081,99-08-1,NITROTOLUENE M-ISOMER,1.3715000000000001e+02,5.0000000000000000e+00,0,3.0000000000000000e+01,0,,,0,,0,,0,,0,,NONE.,2.0000000000000000e+00,0,1.1000000000000000e+01,0,,,0,,0,,0,,0,,NONE.
99650,99-65-0,M-DINITROBENZENE,1.6812000000000000e+02,1.4543183440399712e-01,1,1.0000000000000000e+00,0,,,0,,0,,0,,0,,SYN - OTHER ISOMERS:  CAS NUMBERS:  000528-29-0; 000100-25-4.,1.4543183440399712e-01,1,1.0000000000000000e+00,0,,,0,,0,,0,,0,,SYN - OTHER ISOMERS:  CAS NUMBERS:  000528-29-0; 000100-25-4.
99990,99-99-0,NITROTOLUENE P-ISOMER,1.3715000000000001e+02,5.0000000000000000e+00,0,3.0000000000000000e+01,0,,,0,,0,,0,,0,,NONE.,2.0000000000000000e+00,0,1.1000000000000000e+01,0,,,0,,0,,0,,0,,NONE.
100005,100-00-5,P-NITROCHLOROBENZENE,1.5756000000000000e+02,1.5517897943640518e-01,1,1.0000000000000000e+00,0,,,0,,0,,0,,0,,NONE.,,0,,0,,,0,,0,,0,,0,,LOWEST FEASIBLE CONCENTRATION (0.25 MG/M3 LIMIT OF QUANTITATION).
100016,100-01-6,P-NITROANILINE,1.3813999999999999e+02,1.0000000000000000e+00,0,6.0000000000000000e+00,0,,,0,,0,,0,,0,,NONE.,5.3098306066309542e-01,1,3.0000000000000000e+00,0,,,0,,0,,0,,0,,NONE.
100254,100-25-4,P-DINITROBENZENE,1.6812000000000000e+02,1.4543183440399712e-01,1,1.0000000000000000e+00,0,,,0,,0,,0,,0,,"OTHER ISOMERS:  CAS NUMBERS:  000528-29-0, 000099-65-0.",1.4543183440399712e-01,1,1.0000000000000000e+00,0,,,0,,0,,0,,0,,"OTHER ISOMERS:  CAS NUMBERS:  000528-29-0, 000099-65-0."
100378,100-37-8,2-DIETHYLAMINOETHANOL,1.1722000000000000e+02,1.0000000000000000e+01,0,5.0000000000000000e+01,0,,,0,,0,,0,,0,,NONE.,1.0000000000000000e+01,0,5.0000000000000000e+01,0,,,0,,0,,0,,0,,NONE.
100414,100-41-4,ETHYL BENZENE,1.0618000000000001e+02,1.0000000000000000e+02,0,4.3500000000000000e+02,0,,,0,,0,,0,,0,,NONE.,1.0000000000000000e+02,0,4.3500000000000000e+02,0,,1.2500000000000000e+02,0,5.4500000000000000e+02,0,,0,,0,,NONE.
100425,100-42-5,STYRENE,1.0416000000000000e+02,1.0000000000000000e+02,0,4.2601226993865032e+02,1,,6.0000000000000000e+02,0,2.5560736196319017e+03,1,2.0000000000000000e+02,0,8.5202453987730064e+02,1,,"SYN - PHENYLETHYLENE, VINYL BENZENE. VALUES IN PEL TABLE Z-2: ACCEPTABLE MAXIMUM PEAK ABOVE THE ACCEPTABLE CEILING CONCENTRATION FOR AN 8-HOUR SHIFT: 600 PPM/5 MINUTES IN ANY 3 HOURS.",5.0000000000000000e+01,0,2.1500000000000000e+02,0,,1.0000000000000000e+02,0,4.2500000000000000e+02,0,,0,,0,,"SYN - PHENYLETHYLENE, VINYL BENZENE. A. OSHA - VALUES IN PEL TABLE Z-2: ACCEPTABLE MAXIMUM PEAK ABOVE THE ACCEPTABLE CEILING CONCENTRATION FOR AN 8-HOUR SHIFT: 600 PPM/5 MINUTES IN ANY 3 HOURS."
7647010,7647-01-0,HYDROGEN CHLORIDE,3.6460000000000001e+01,,0,,0,,,0,,0,5.0000000000000000e+00,0,7.0000000000000000e+00,0,,NONE.,,0,,0,,,0,,0,5.0000000000000000e+00,0,7.0000000000000000e+00,0,,NONE.
7664382,7664-38-2,PHOSPHORIC ACID,9.8000000000000000e+01,2.4948979591836734e-01,1,1.0000000000000000e+00,0,,,0,,0,,0,,0,,NONE.,2.4948979591836734e-01,1,1.0000000000000000e+00,0,,7.4846938775510197e-01,1,3.0000000000000000e+00,0,,0,,0,,NONE.
7664393,7664-39-3,HYDROGEN FLUORIDE,1.9000000000000000e+01,3.0000000000000000e+00,0,2.3312883435582821e+00,1,as F,,0,,0,,0,,0,,NONE.,3.0000000000000000e+00,0,2.5000000000000000e+00,0,as F,6.0000000000000000e+00,0,5.0000000000000000e+00,0,,0,,0,,VALUES BASED ON 15 MINUTES.
7664417,7664-41-7,AMMONIA,1.7039999999999999e+01,5.0000000000000000e+01,0,3.5000000000000000e+01,0,,,0,,0,,0,,0,,NONE.,2.5000000000000000e+01,0,1.8000000000000000e+01,0,,3.5000000000000000e+01,0,2.7000000000000000e+01,0,,0,,0,,NONE.
7664939,7664-93-9,SULFURIC ACID,9.8079999999999998e+01,2.4928629690048940e-01,1,1.0000000000000000e+00,0,,,0,,0,,0,,0,,NONE.,2.4928629690048940e-01,1,1.0000000000000000e+00,0,,,0,,0,,0,,0,,NONE.
7681494,7681-49-4,SODIUM FLUORIDE,1.9000000000000000e+01,,0,,0,as F,,0,,0,,0,,0,,,3.2171052631578947e+00,1,2.5000000000000000e+00,0,as F,,0,,0,,0,,0,,NONE.
7681574,7681-57-4,SODIUM METABISULFITE,1.9009999999999999e+02,,0,,0,,,0,,0,,0,,0,,,6.4308258811152030e-01,1,5.0000000000000000e+00,0,,,0,,0,,0,,0,,NONE.
7697372,7697-37-2,NITRIC ACID,6.3020000000000003e+01,2.0000000000000000e+00,0,5.0000000000000000e+00,0,,,0,,0,,0,,0,,NONE.,2.0000000000000000e+00,0,5.0000000000000000e+00,0,,4.0000000000000000e+00,0,1.0000000000000000e+01,0,,0,,0,,NONE.
7719097,7719-09-7,THIONYL CHLORIDE,,,0,,0,,,0,,0,,0,,0,,,,0,,0,,,0,,0,1.0000000000000000e+00,0,5.0000000000000000e+00,0,,NONE.
7719122,7719-12-2,PHOSPHORUS TRICHLORIDE,1.3731999999999999e+02,5.0000000000000000e-01,0,3.0000000000000000e+00,0,,,0,,0,,0,,0,,NONE.,2.0000000000000001e-01,0,1.5000000000000000e+00,0,,5.0000000000000000e-01,0,3.0000000000000000e+00,0,,0,,0,,NONE.
7722841,7722-84-1,HYDROGEN PEROXIDE,3.4020000000000003e+01,1.0000000000000000e+00,0,1.3999999999999999e+00,0,,,0,,0,,0,,0,,NONE.,1.0000000000000000e+00,0,1.3999999999999999e+00,0,,,0,,0,,0,,0,,NONE.
7722885,7722-88-5,TETRASODIUM PYROPHOSPHATE (ANHYDRIDE),2.6589999999999998e+02,,0,,0,,,0,,0,,0,,0,,,4.5975930801053033e-01,1,5.0000000000000000e+00,0,,,0,,0,,0,,0,,NONE.
7723140,7723-14-0,PHOSPHORUS (YELLOW),3.0969999999999999e+01,7.8947368421052641e-02,1,1.0000000000000001e-01,0,,,0,,0,,0,,0,,NONE.,7.8947368421052641e-02,1,1.0000000000000001e-01,0,,,0,,0,,0,,0,,NONE.
7726956,7726-95-6,BROMINE,1.5981999999999999e+02,1.0000000000000001e-01,0,6.9999999999999996e-01,0,,,0,,0,,0,,0,,NONE.,1.0000000000000001e-01,0,6.9999999999999996e-01,0,,2.9999999999999999e-01,0,2.0000000000000000e+00,0,,0,,0,,NONE.
7727437,7727-43-7,BARIUM SULFATE,2.3338999999999999e+02,5.2380136252624365e-01,1,5.0000000000000000e+00,0,respirable fraction,,0,,0,,0,,0,,NONE.,5.2380136252624365e-01,1,5.0000000000000000e+00,0,respirable fraction,,0,,0,,0,,0,,LOWEST FEASIBLE CONCENTRATION.
,,CHROMIC ACID AND CHROMATES,9.9989999999999995e+01,,0,,0,as CrO3,,0,,0,2.4452445244524456e-02,1,1.0000000000000001e-01,0,,NONE.,2.4452445244524455e-04,1,1.0000000000000000e-03,0,as CrO3,,0,,0,,0,,0,,"CARCINOGENIC CR(VI), 0.001 MG CR(VI)/M3 10-HR TWA.  LOWEST FEASIBLE CONCENTRATION."
7773060,7773-06-0,AMMONIUM SULFAMATE,1.1414000000000000e+02,1.0710530926931838e+00,1,5.0000000000000000e+00,0,respirable fraction,,0,,0,,0,,0,,NONE.,1.0710530926931838e+00,1,5.0000000000000000e+00,0,respirable fraction,,0,,0,,0,,0,,NONE.
7778189,7778-18-9,CALCIUM SULFATE,1.3609999999999999e+02,8.9823659074210138e-01,1,5.0000000000000000e+00,0,respirable fraction,,0,,0,,0,,0,,NONE.,8.9823659074210138e-01,1,5.0000000000000000e+00,0,respirable fraction,,0,,0,,0,,0,,NONE.
7778441,7778-44-1,CALCIUM ARSENATE,7.4920000000000002e+01,3.2634810464495460e-03,1,1.0000000000000000e-02,0,as As,,0,,0,,0,,0,,NONE.,,0,,0,as As,,0,,0,6.5269620928990924e-05,1,2.0000000000000001e-04,0,,VALUE BASED ON 15 MINUTES.
7782414,7782-41-4,FLUORINE,3.8000000000000000e+01,1.0000000000000001e-01,0,2.0000000000000001e-01,0,,,0,,0,,0,,0,,NONE.,1.0000000000000001e-01,0,2.0000000000000001e-01,0,,,0,,0,,0,,0,,NONE.
7782425,7782-42-5,GRAPHITE,1.2010000000000000e+01,,0,,0,natural,,0,,0,,0,,0,15,UNITS ARE MPPCF.,5.0895087427144050e+00,1,2.5000000000000000e+00,0,natural,,0,,0,,0,,0,,NONE.
,,SELENIUM COMPOUNDS,7.8959999999999994e+01,6.1930091185410346e-02,1,2.0000000000000001e-01,0,as Se; except selenium hexafluoride,,0,,0,,0,,0,,NONE.,6.1930091185410346e-02,1,2.0000000000000001e-01,0,as Se; except selenium hexafluoride,,0,,0,,0,,0,,NONE.
7782505,7782-50-5,CHLORINE,7.0900000000000006e+01,,0,,0,,,0,,0,1.0000000000000000e+00,0,3.0000000000000000e+00,0,,NONE.,5.0000000000000000e-01,0,1.4500000000000000e+00,0,,,0,,0,,0,,0,,VALUE BASED ON 15 MINUTES.
7782652,7782-65-2,GERMANIUM TETRAHYDRIDE,,,0,,0,,,0,,0,,0,,0,,,2.0000000000000001e-01,0,5.9999999999999998e-01,0,,,0,,0,,0,,0,,NONE.
7783064,7783-06-4,HYDROGEN SULFIDE,3.4079999999999998e+01,,0,,0,,5.0000000000000000e+01,0,6.9693251533742327e+01,1,2.0000000000000000e+01,0,2.7877300613496928e+01,1,,"VALUES FROM PEL TABLE Z-2: ACCEPTABLE MAXIMUM PEAK ABOVE THE ACCEPTABLE CEILING CONCENTRATION FOR AN 8-HOUR SHIFT: 50 PPM/10 MINUTES ONCE, ONLY IF NO OTHER MEASURABLE EXPOSURE OCCURS. B. NIOSH - VALUE BASED ON 10 MINUTE",,0,,0,,,0,,0,1.0000000000000000e+01,0,1.5000000000000000e+01,0,,NONE.
7783075,7783-07-5,HYDROGEN SELENIDE,7.9000000000000000e+01,5.0000000000000003e-02,0,2.0000000000000001e-01,0,as Se,,0,,0,,0,,0,,NONE.,5.0000000000000003e-02,0,2.0000000000000001e-01,0,as Se,,0,,0,,0,,0,,NONE.
7783417,7783-41-7,OXYGEN DIFLUORIDE,,5.0000000000000003e-02,0,1.0000000000000001e-01,0,,,0,,0,,0,,0,,NONE.,,0,,0,,,0,,0,5.0000000000000003e-02,0,1.0000000000000001e-01,0,,NONE.
7783542,7783-54-2,NITROGEN TRIFLUORIDE,,1.0000000000000000e+01,0,2.9000000000000000e+01,0,,,0,,0,,0,,0,,NONE.,1.0000000000000000e+01,0,2.9000000000000000e+01,0,,,0,,0,,0,,0,,NONE.
7783600,7783-60-0,SULFUR TETRAFLUORIDE,,,0,,0,,,0,,0,,0,,0,,,,0,,0,,,0,,0,1.0000000000000001e-01,0,4.0000000000000002e-01,0,,NONE.
7783791,7783-79-1,SELENIUM HEXAFLUORIDE,7.8959999999999994e+01,5.0000000000000003e-02,0,4.0000000000000002e-01,0,as Se,,0,,0,,0,,0,,NONE.,5.0000000000000003e-02,0,1.6147239263803681e-01,1,as Se,,0,,0,,0,,0,,NONE.
7783804,7783-80-4,TELLURIUM HEXAFLUORIDE,2.4161000000000001e+02,2.0000000000000000e-02,0,2.0000000000000001e-01,0,,,0,,0,,0,,0,,NONE.,2.0000000000000000e-02,0,2.0000000000000001e-01,0,,,0,,0,,0,,0,,NONE.
7784421,7784-42-1,ARSINE,7.7945300000000003e+01,5.0000000000000003e-02,0,2.0000000000000001e-01,0,,,0,,0,,0,,0,,NONE.,,0,,0,,,0,,0,6.2736303535941226e-04,1,2.0000000000000000e-03,0,,VALUE BASED ON 15 MINUTES.
7786347,7786-34-7,PHOSDRIN,2.2416999999999999e+02,1.0906901012624350e-02,1,1.0000000000000001e-01,0,,,0,,0,,0,,0,,SYN - MEVINPHOS.,1.0000000000000000e-02,0,1.0000000000000001e-01,0,,2.9999999999999999e-02,0,2.9999999999999999e-01,0,,0,,0,,SYN - MEVINPHOS.
7789302,7789-30-2,BROMINE PENTAFLUORIDE,,,0,,0,,,0,,0,,0,,0,,,1.0000000000000001e-01,0,6.9999999999999996e-01,0,,,0,,0,,0,,0,,NONE.
7790912,7790-91-2,CHLORINE TRIFLUORIDE,,,0,,0,,,0,,0,1.0000000000000001e-01,0,4.0000000000000002e-01,0,,NONE.,,0,,0,,,0,,0,1.0000000000000001e-01,0,4.0000000000000002e-01,0,,NONE.
7803512,7803-51-2,PHOSPHINE,3.4000000000000000e+01,2.9999999999999999e-01,0,4.0000000000000002e-01,0,,,0,,0,,0,,0,,NONE.,2.9999999999999999e-01,0,4.0000000000000002e-01,0,,1.0000000000000000e+00,0,1.0000000000000000e+00,0,,0,,0,,NONE.
7803523,7803-52-3,STIBINE,,1.0000000000000001e-01,0,5.0000000000000000e-01,0,,,0,,0,,0,,0,,NONE.,1.0000000000000001e-01,0,5.0000000000000000e-01,0,,,0,,0,,0,,0,,NONE.
7803625,7803-62-5,SILICON TETRAHYDRIDE,,,0,,0,,,0,,0,,0,,0,,,5.0000000000000000e+00,0,7.0000000000000000e+00,0,,,0,,0,,0,,0,,SYN - SILANE.
8001352,8001-35-2,CHLORINATED CAMPHENE,4.1380000000000001e+02,2.9543257612373124e-02,1,5.0000000000000000e-01,0,,,0,,0,,0,,0,,NONE.,,0,,0,,,0,,0,,0,,0,,LOWEST FEASIBLE CONCENTRATION (0.01 MG/M3 LIMIT OF QUANTITATION).
8002059,8002-05-9,PETROLEUM DISTILLATES,9.9000000000000000e+01,5.0000000000000000e+02,0,2.0000000000000000e+03,0,,,0,,0,,0,,0,,NONE.,8.6439393939393938e+01,1,3.5000000000000000e+02,0,,,0,,0,4.4454545454545456e+02,1,1.8000000000000000e+03,0,,VALUE IS BASED ON 15 MINUTES.
8002742,8002-74-2,PARAFFIN WAX FUME,,,0,,0,,,0,,0,,0,,0,,,,0,2.0000000000000000e+00,0,,,0,,0,,0,,0,,NONE.
8003347,8003-34-7,PYRETHRUM,3.2814600000000002e+02,3.7254758552595491e-01,1,5.0000000000000000e+00,0,,,0,,0,,0,,0,,NONE.,3.7254758552595491e-01,1,5.0000000000000000e+00,0,,,0,,0,,0,,0,,NONE.
8004135,8004-13-5,PHENYL ETHER-BIPHENYL MIXTURE,,1.0000000000000000e+00,0,7.0000000000000000e+00,0,,,0,,0,,0,,0,,SYN - PHENYL ETHER-DIPHENYL MIXTURE (VAPOR).,1.0000000000000000e+00,0,7.0000000000000000e+00,0,,,0,,0,,0,,0,,SYN - PHENYL ETHER-DIPHENYL MIXTURE (VAPOR).
8006642,8006-64-2,TURPENTINE,,1.0000000000000000e+02,0,5.6000000000000000e+02,0,,,0,,0,,0,,0,,NONE.,1.0000000000000000e+02,0,5.6000000000000000e+02,0,,,0,,0,,0,,0,,NONE.
8008206,8008-20-6,KEROSENE,1.7000000000000000e+02,,0,,0,,,0,,0,,0,,0,,,1.4382352941176471e+01,1,1.0000000000000000e+02,0,,,0,,0,,0,,0,,NONE.
8012951,8012-95-1,"OIL MIST, MINERAL",,,0,5.0000000000000000e+00,0,,,0,,0,,0,,0,,NONE.,,0,5.0000000000000000e+00,0,,,0,1.0000000000000000e+01,0,,0,,0,,NONE.
8022002,8022-00-2,METHYL DEMETON,4.6060000000000002e+02,,0,,0,,,0,,0,,0,,0,,,2.6541467650890140e-02,1,5.0000000000000000e-01,0,,,0,,0,,0,,0,,NONE.
8030306,8030-30-6,NAPHTHA (COAL TAR),,1.0000000000000000e+02,0,4.0000000000000000e+02,0,,,0,,0,,0,,0,,NONE.,1.0000000000000000e+02,0,4.0000000000000000e+02,0,,,0,,0,,0,,0,,NONE.
8032324,8032-32-4,VM & P NAPHTHA,,,0,,0,,,0,,0,,0,,0,,,,0,3.5000000000000000e+02,0,,,0,,0,,0,1.8000000000000000e+03,0,,VALUE BASED ON 15 MINUTES.
8052413,8052-41-3,STODDARD SOLVENT,,5.0000000000000000e+02,0,2.9000000000000000e+03,0,,,0,,0,,0,,0,,NONE.,,0,3.5000000000000000e+02,0,,,0,,0,,0,1.8000000000000000e+03,0,,VALUE BASED ON 15 MINUTES.
8052424,8052-42-4,ASPHALT (PETROLEUM) FUMES,,,0,,0,,,0,,0,,0,,0,,,,0,,0,,,0,,0,,0,5.0000000000000000e+00,0,,VALUE BASED ON 15 MINUTES; MEASURED AS TOTAL PARTICULATES.
8065483,8065-48-3,DEMETON,5.1672000000000003e+02,4.7317696237807712e-03,1,1.0000000000000001e-01,0,,,0,,0,,0,,0,,SYN - SYSTOX.,4.7317696237807712e-03,1,1.0000000000000001e-01,0,,,0,,0,,0,,0,,SYN - SYSTOX.
9004346,9004-34-6,CELLULOSE,,,0,5.0000000000000000e+00,0,respirable fraction,,0,,0,,0,,0,,NONE.,,0,5.0000000000000000e+00,0,respirable fraction,,0,,0,,0,,0,,NONE.
9005258,9005-25-8,STARCH,,,0,5.0000000000000000e+00,0,respirable fraction,,0,,0,,0,,0,,NONE.,,0,5.0000000000000000e+00,0,respirable fraction,,0,,0,,0,,0,,NONE.
10022318,10022-31-8,BARIUM NITRATE,1.3733000000000001e+02,8.9019150950265774e-02,1,5.0000000000000000e-01,0,as Ba,,0,,0,,0,,0,,NONE.,8.9019150950265774e-02,1,5.0000000000000000e-01,0,as Ba,,0,,0,,0,,0,,NONE.
10024972,10024-97-2,NITROUS OXIDE,,,0,,0,,,0,,0,,0,,0,,,2.5000000000000000e+01,0,4.6000000000000000e+01,0,,,0,,0,,0,,0,,TWA FOR THE DURATION OF THE EXPOSURE.  REL FOR EXPOSURE TO WASTE ANESTHETIC EXPOSURE.
10025679,10025-67-9,SULFUR MONOCHLORIDE,,1.0000000000000000e+00,0,6.0000000000000000e+00,0,,,0,,0,,0,,0,,NONE.,,0,,0,,,0,,0,1.0000000000000000e+00,0,6.0000000000000000e+00,0,,NONE.
10025873,10025-87-3,PHOSPHORUS OXYCHLORIDE,1.5331999999999999e+02,,0,,0,,,0,,0,,0,,0,,,1.0000000000000001e-01,0,5.9999999999999998e-01,0,,5.0000000000000000e-01,0,3.0000000000000000e+00,0,,0,,0,,NONE.
10026138,10026-13-8,PHOSPHORUS PENTACHLORIDE,2.0822000000000000e+02,1.1742387858995293e-01,1,1.0000000000000000e+00,0,,,0,,0,,0,,0,,NONE.,1.1742387858995293e-01,1,1.0000000000000000e+00,0,,,0,,0,,0,,0,,NONE.
14807966,14807-96-6,"TALC, CONTAINING NO ASBESTOS FIBERS",7.8099999999999994e+01,,0,,0,,,0,,0,,0,,0,20,"TABLE Z-3 MINERAL DUSTS: UNITS ARE MILLIONS OF PARTICLES PER CUBIC FOOT OF AIR; CONTAINING <1% QUARTZ; IF 1% QUARTZ OR MORE, USE QUARTZ LIMIT; VALUE IS FOR RESPIRABLE DUST.",6.2612035851472470e-01,1,2.0000000000000000e+00,0,,,0,,0,,0,,0,,VALUE IS FOR RESPIRABLE FRACTION.
14808607,14808-60-7,"SILICA, CRYSTALLINE QUARTZ",6.0090000000000003e+01,,0,,0,,,0,,0,,0,,0,,RESPIRABLE: 250/%SIO2+5 MILLIONS OF PARTICLES PER CUBIC FOOT OF AIR (MPPCFA); % OF CRYSTALLINE SILICA BASED ON AIRBORNE SAMPLES. RESPIRABLE: 10MG/M3/%SIO2+2 (DETERMINED FROM THE FRACTION PASSING A SIZE-SELECTOR); TOTAL DUSTS: 30MG,2.0344483275087370e-02,1,5.0000000000000003e-02,0,as respirable dust,,0,,0,,0,,0,,LOWEST FEASIBLE CONCENTRATION.
14977618,14977-61-8,CHROMYL CHLORIDE,1.5490000000000001e+02,,0,,0,,,0,,0,,0,,0,,,1.5784377017430599e-04,1,1.0000000000000000e-03,0,,,0,,0,,0,,0,,LOWEST FEASIBLE CONCENTRATION.
15096523,15096-52-3,SODIUM ALUMINUM FLUORIDE,1.9000000000000000e+01,3.2171052631578947e+00,1,2.5000000000000000e+00,0,as F,,0,,0,,0,,0,,NONE.,3.2171052631578947e+00,1,2.5000000000000000e+00,0,as F,,0,,0,,0,,0,,NONE.
15468323,15468-32-3,"SILICA, CRYSTALLINE TRIDYMITE",6.0079999999999998e+01,,0,,0,,,0,,0,,0,,0,,TABLE Z-3 MINERAL DUSTS: USE 1/2 THE VALUE CALCULATED FROM THE FORMULA FOR QUARTZ.,2.0347869507323573e-02,1,5.0000000000000003e-02,0,as respirable dust,,0,,0,,0,,0,,LOWEST FEASIBLE CONCENTRATION.
16219753,16219-75-3,ETHYLIDENE NORBORENE,1.2020999999999999e+02,,0,,0,,,0,,0,,0,,0,,,,0,,0,,,0,,0,5.0000000000000000e+00,0,2.5000000000000000e+01,0,,NONE.
16752775,16752-77-5,METHOMYL,1.6222999999999999e+02,,0,,0,,,0,,0,,0,,0,,,3.7677988041669236e-01,1,2.5000000000000000e+00,0,,,0,,0,,0,,0,,SYN - LANATE.
16842038,16842-03-8,COBALT HYDROCARBONYL,5.8930000000000000e+01,,0,,0,as Co,,0,,0,,0,,0,,,4.1489903275072126e-02,1,1.0000000000000001e-01,0,as Co,,0,,0,,0,,0,,NONE.
17702419,17702-41-9,DECABORANE,,5.0000000000000003e-02,0,2.9999999999999999e-01,0,,,0,,0,,0,,0,,NONE.,5.0000000000000003e-02,0,2.9999999999999999e-01,0,,1.4999999999999999e-01,0,9.0000000000000002e-01,0,,0,,0,,NONE.
17804352,17804-35-2,BENOMYL,2.9036000000000001e+02,4.2102906736465073e-01,1,5.0000000000000000e+00,0,respirable fraction,,0,,0,,0,,0,,NONE.,,0,,0,,,0,,0,,0,,0,,
18282105,18282-10-5,TIN (IV) OXIDE,1.1869000000000000e+02,,0,,0,as Sn,,0,,0,,0,,0,,,4.1199764091330354e-01,1,2.0000000000000000e+00,0,as Sn,,0,,0,,0,,0,,NONE.
19287457,19287-45-7,DIBORANE,,1.0000000000000001e-01,0,1.0000000000000001e-01,0,,,0,,0,,0,,0,,NONE.,1.0000000000000001e-01,0,1.0000000000000001e-01,0,,,0,,0,,0,,0,,NONE.
19624227,19624-22-7,PENTABORANE,,5.0000000000000001e-03,0,1.0000000000000000e-02,0,,,0,,0,,0,,0,,NONE.,5.0000000000000001e-03,0,1.0000000000000000e-02,0,,1.4999999999999999e-02,0,2.9999999999999999e-02,0,,0,,0,,NONE.
20816120,20816-12-0,OSMIUM TETROXIDE,1.9019999999999999e+02,2.5709779179810725e-04,1,2.0000000000000000e-03,0,as Os,,0,,0,,0,,0,,NONE.,2.0000000000000001e-04,0,2.0000000000000000e-03,0,as Os,5.9999999999999995e-04,0,6.0000000000000001e-03,0,,0,,0,,NONE.
21087649,21087-64-9,METRIBUZIN,2.1428000000000000e+02,,0,,0,,,0,,0,,0,,0,,,5.7051521373903302e-01,1,5.0000000000000000e+00,0,,,0,,0,,0,,0,,NONE.
21351791,21351-79-1,CESIUM HYDROXIDE,1.4991000000000000e+02,,0,,0,,,0,,0,,0,,0,,,3.2619571743045828e-01,1,2.0000000000000000e+00,0,,,0,,0,,0,,0,,NONE.
21651194,21651-19-4,TIN (II) OXIDE,1.1869000000000000e+02,,0,,0,as Sn,,0,,0,,0,,0,,,4.1199764091330354e-01,1,2.0000000000000000e+00,0,as Sn,,0,,0,,0,,0,,NONE.
22224926,22224-92-6,FENAMIPHOS,3.0338999999999999e+02,,0,,0,,,0,,0,,0,,0,,,8.0589340452882439e-03,1,1.0000000000000001e-01,0,,,0,,0,,0,,0,,SYN - NEMACUR.
25013154,25013-15-4,VINYL TOLUENE,1.1819000000000000e+02,1.0000000000000000e+02,0,4.8000000000000000e+02,0,,,0,,0,,0,,0,,SYN - VINYLTOLUENE.,1.0000000000000000e+02,0,4.8000000000000000e+02,0,,,0,,0,,0,,0,,SYN - VINYLTOLUENE.
25321146,25321-14-6,DINITROTOLUENE,1.8215000000000001e+02,2.0134504529234146e-01,1,1.5000000000000000e+00,0,,,0,,0,,0,,0,,NONE.,2.0134504529234146e-01,1,1.5000000000000000e+00,0,,,0,,0,,0,,0,,LOWEST FEASIBLE CONCENTRATION.
25639423,25639-42-3,METHYLCYCLOHEXANOL,,1.0000000000000000e+02,0,4.7000000000000000e+02,0,,,0,,0,,0,,0,,NONE.,5.0000000000000000e+01,0,2.3500000000000000e+02,0,,,0,,0,,0,,0,,NONE.
26499650,26499-65-0,PLASTER OF PARIS,1.4519999999999999e+02,8.4194214876033069e-01,1,5.0000000000000000e+00,0,respirable fraction,,0,,0,,0,,0,,NONE.,8.4194214876033069e-01,1,5.0000000000000000e+00,0,respirable fraction,,0,,0,,0,,0,,NONE.
26628228,26628-22-8,SODIUM AZIDE,4.3000000000000000e+01,,0,,0,as HN3,,0,,0,,0,,0,,,,0,,0,as HN3,,0,,0,1.0000000000000001e-01,0,1.7586912065439672e-01,1,,NONE.
26952216,26952-21-6,ISOOCTYL ALCOHOL,1.3025999999999999e+02,,0,,0,,,0,,0,,0,,0,,,5.0000000000000000e+01,0,2.7000000000000000e+02,0,,,0,,0,,0,,0,,NONE.
104949,104-94-9,P-ANISIDINE,1.2315000000000001e+02,9.9269183922046283e-02,1,5.0000000000000000e-01,0,,,0,,0,,0,,0,,NONE.,9.9269183922046283e-02,1,5.0000000000000000e-01,0,,,0,,0,,0,,0,,NONE.
55720995,55720-99-5,CHLORINATED DIPHENYL OXIDE,3.7700000000000000e+02,3.2427055702917769e-02,1,5.0000000000000000e-01,0,,,0,,0,,0,,0,,NONE.,3.2427055702917769e-02,1,5.0000000000000000e-01,0,,,0,,0,,0,,0,,NONE.
34590948,34590-94-8,DIPROPYLENE GLYCOL METHYL ETHER,1.4822999999999999e+02,1.0000000000000000e+02,0,6.0000000000000000e+02,0,,,0,,0,,0,,0,,NONE.,1.0000000000000000e+02,0,6.0000000000000000e+02,0,,1.5000000000000000e+02,0,9.0000000000000000e+02,0,,0,,0,,NONE.
35400432,35400-43-2,SULPROFOS,3.2245999999999998e+02,,0,,0,,,0,,0,,0,,0,,,7.5823357935868016e-02,1,1.0000000000000000e+00,0,,,0,,0,,0,,0,,SYN - BOLSTAR.
53469219,53469-21-9,"CHLORODIPHENYL, 42% CHLORINE",2.5800000000000000e+02,9.4767441860465110e-02,1,1.0000000000000000e+00,0,,,0,,0,,0,,0,,SYN - AROCLOR; PCB.,9.4767441860465110e-05,1,1.0000000000000000e-03,0,,,0,,0,,0,,0,,SYN - AROCLOR; PCB.  LOWEST FEASIBLE CONCENTRATION.
61788327,61788-32-7,HYDROGENATED TERPHENYLS,,,0,,0,,,0,,0,,0,,0,,,5.0000000000000000e-01,0,5.0000000000000000e+00,0,,,0,,0,,0,,0,,NONE.
65996932,65996-93-2,"COAL TAR PITCH VOLATILES, BENZENE SOLUBLES",,,0,2.0000000000000001e-01,0,,,0,,0,,0,,0,,NONE.,,0,1.0000000000000001e-01,0,,,0,,0,,0,,0,,CYCLOHEXANE EXTRACTABLE FRACTION.
7439965,7439-96-5,MANGANESE,5.4939999999999998e+01,,0,,0,,,0,,0,2.2251547142337098e+00,1,5.0000000000000000e+00,0,,NONE.,4.4503094284674188e-01,1,1.0000000000000000e+00,0,,1.3350928285402257e+00,1,3.0000000000000000e+00,0,,0,,0,,NONE.
65997151,65997-15-1,PORTLAND CEMENT,,,0,5.0000000000000000e+00,0,respirable fraction,,0,,0,,0,,0,,NONE.,,0,5.0000000000000000e+00,0,respirable fraction,,0,,0,,0,,0,,NONE.
68476857,68476-85-7,L.P.G. (LIQUEFIED PETROLEUM GAS),,1.0000000000000000e+03,0,1.8000000000000000e+03,0,,,0,,0,,0,,0,,NONE.,1.0000000000000000e+03,0,1.8000000000000000e+03,0,,,0,,0,,0,,0,,NONE.
68956683,68956-68-3,VEGETABLE OIL MIST,,,0,5.0000000000000000e+00,0,respirable fraction,,0,,0,,0,,0,,,,0,5.0000000000000000e+00,0,respirable fraction,,0,,0,,0,,0,,NONE.
93763703,93763-70-3,PERLITE,,,0,5.0000000000000000e+00,0,respirable fraction,,0,,0,,0,,0,,NONE.,,0,5.0000000000000000e+00,0,respirable fraction,,0,,0,,0,,0,,NONE.
,,PARTICULATES NOT OTHERWISE CLASSIFIED,,,0,5.0000000000000000e+00,0,respirable fraction,,0,,0,,0,,0,,NONE.,,0,,0,,,0,,0,,0,,0,,
,,COAL DUST >=5% SiO2,,,0,1.0000000000000000e+01,0,,,0,,0,,0,,0,,NONE.,,0,,0,,,0,,0,,0,,0,,
105602,105-60-2,CAPROLACTAM,1.1316000000000000e+02,,0,,0,,,0,,0,,0,,0,,,2.1606574761399788e-01,1,1.0000000000000000e+00,0,dust/vapor,6.4819724284199365e-01,1,3.0000000000000000e+00,0,,0,,0,,NONE.
,,"BISMUTH TELLURIDE, DOPED",8.0083000000000004e+02,,0,,0,as Bi2Te3,,0,,0,,0,,0,,,1.5265412134910031e-01,1,5.0000000000000000e+00,0,as Bi2Te3,,0,,0,,0,,0,,
7439987,7439-98-7,MOLYBDENUM,9.5939999999999998e+01,3.8227016885553473e+00,1,1.5000000000000000e+01,0,,,0,,0,,0,,0,,NONE.,,0,,0,,,0,,0,,0,,0,,
,,"RHODIUM, SOLUBLE COMPOUNDS",1.0291000000000000e+02,2.3758624040423672e-04,1,1.0000000000000000e-03,0,as Rh,,0,,0,,0,,0,,NONE.,2.3758624040423672e-04,1,1.0000000000000000e-03,0,as Rh,,0,,0,,0,,0,,NONE.
,,TUNGSTEN; INSOLUBLE COMPOUNDS,1.8384999999999999e+02,,0,,0,as W,,0,,0,,0,,0,,,6.6494424802828400e-01,1,5.0000000000000000e+00,0,as W,,0,,0,,0,,0,,
,,"RHODIUM, INSOLUBLE COMPOUNDS",1.0291000000000000e+02,2.3758624040423674e-02,1,1.0000000000000001e-01,0,as Rh; also applies to metal fume,,0,,0,,0,,0,,NONE.,2.3758624040423674e-02,1,1.0000000000000001e-01,0,as Rh; also applies to metal fume,,0,,0,,0,,0,,NONE.
,,"TIN, INORGANIC COMPOUNDS",1.1869000000000000e+02,4.1199764091330354e-01,1,2.0000000000000000e+00,0,as Sn; except tin oxides,,0,,0,,0,,0,,,4.1199764091330354e-01,1,2.0000000000000000e+00,0,as Sn; except tin oxides,,0,,0,,0,,0,,
,,"TIN, ORGANIC COMPOUNDS",1.1869000000000000e+02,2.0599882045665180e-02,1,1.0000000000000001e-01,0,as Sn; except cyhexatin,,0,,0,,0,,0,,,2.0599882045665180e-02,1,1.0000000000000001e-01,0,as Sn; except cyhexatin,,0,,0,,0,,0,,
,,"ARSENIC, INORGANIC COMPOUNDS",7.4920000000000002e+01,3.2634810464495460e-03,1,1.0000000000000000e-02,0,"as As, except Arsine",,0,,0,,0,,0,,,,0,,0,as As,,0,,0,,0,,0,,
,,"ARSENIC, ORGANIC COMPOUNDS",7.4920000000000002e+01,1.6317405232247731e-01,1,5.0000000000000000e-01,0,as As,,0,,0,,0,,0,,,,0,,0,as As,,0,,0,,0,,0,,
,,"URANIUM, INSOLUBLE COMPUNDS",2.3803000000000000e+02,2.5679536192916859e-02,1,2.5000000000000000e-01,0,as U,,0,,0,,0,,0,,,2.0543628954333489e-02,1,2.0000000000000001e-01,0,as U,,0,,0,,0,,0,,
,,"URANIUM, SOLUBLE COMPUNDS",2.3803000000000000e+02,5.1359072385833721e-03,1,5.0000000000000003e-02,0,as U,,0,,0,,0,,0,,,5.1359072385833721e-03,1,5.0000000000000003e-02,0,as U,,0,,0,,0,,0,,
,,MERCURY COMPOUNDS [EXCEPT (ORGANO) ALKYLS],2.0059000000000000e+02,,0,,0,as Hg,,0,,0,,0,,0,,,6.0945211625704175e-03,1,5.0000000000000003e-02,0,as Hg,,0,,0,,0,,0,,
,,"PLATINUM , SOLUBLE SALTS",1.9508000000000001e+02,2.5066639327455401e-04,1,2.0000000000000000e-03,0,as Pt,,0,,0,,0,,0,,,2.5066639327455401e-04,1,2.0000000000000000e-03,0,as Pt,,0,,0,,0,,0,,
,,TUNGSTEN; SOLUBLE COMPOUNDS,1.8384999999999999e+02,,0,,0,as W,,0,,0,,0,,0,,,1.3298884960565679e-01,1,1.0000000000000000e+00,0,as W,,0,,0,,0,,0,,
,,"MOLYBDENUM, INSOLUBLE COMPOUNDS",9.5939999999999998e+01,3.8227016885553473e+00,1,1.5000000000000000e+01,0,as Mo,,0,,0,,0,,0,,,,0,,0,as Mo,,0,,0,,0,,0,,
,,"NICKEL, SOLUBLE COMPOUNDS",5.8710000000000001e+01,4.1645375574859478e-01,1,1.0000000000000000e+00,0,as Ni,,0,,0,,0,,0,,,,0,,0,as Ni,,0,,0,,0,,0,,
,,"NICKEL, INSOLUBLE COMPOUNDS",5.8710000000000001e+01,4.1645375574859478e-01,1,1.0000000000000000e+00,0,as Ni,,0,,0,,0,,0,,,,0,,0,as Ni,,0,,0,,0,,0,,
,,NICKEL COMPOUNDS,5.8710000000000001e+01,4.1645375574859478e-01,1,1.0000000000000000e+00,0,as Ni,,0,,0,,0,,0,,,6.2468063362289212e-03,1,1.4999999999999999e-02,0,as Ni,,0,,0,,0,,0,,
,,"SILVER, SOLUBLE COMPOUNDS",1.0787000000000000e+02,2.2666172244368218e-03,1,1.0000000000000000e-02,0,as Ag,,0,,0,,0,,0,,,2.2666172244368218e-03,1,1.0000000000000000e-02,0,as Ag,,0,,0,,0,,0,,
,,"CHROMIUM, INSOLUBLE SALTS",5.2000000000000000e+01,4.7019230769230769e-01,1,1.0000000000000000e+00,0,,,0,,0,,0,,0,,,,0,,0,,,0,,0,,0,,0,,
