ExpParmsAN,OutputID,ParmID,ParmValue,ParmType,ParmVC
99,0,1,1.10000000e+01,1,-1000
99,0,2,2.50000000e+02,141,-1000
99,0,10,6.99999988e-01,142,-1000
99,0,11,6.99999988e-01,142,-1000
99,0,16,2.50000000e+02,141,-1000
99,0,32,0.00000000e+00,1,0
99,0,33,3.83600006e+02,1,0
99,0,36,8.40000000e+02,20,-1302
99,0,37,6.99999988e-01,1,-1302
99,0,39,1.00000000e+00,142,-1300
99,0,41,4.00000000e+01,1,-1300
99,0,42,7.00000000e+01,1,-1300
99,0,47,4.00000000e+01,1,-1300
99,0,48,7.00000000e+01,1,-1300
99,0,60,1.00000000e+00,1,-1300
99,0,75,2.50000000e+02,1,93
99,0,77,6.99999988e-01,1,94
99,0,83,5.48000000e+02,1,0
99,0,84,5.48000000e+02,1,0
99,0,85,0.00000000e+00,1,0
99,0,86,0.00000000e+00,1,0
99,0,88,5.48000000e+02,1,0
99,0,89,0.00000000e+00,1,0
99,0,91,1.90000000e+01,3,-1300
99,0,93,2.50000000e+02,141,-1209
99,0,94,6.99999988e-01,142,-1202
99,0,98,2.50000000e+02,141,-1300
99,0,99,5.48000000e+02,1,0
99,0,105,6.23850769e+02,141,-1208
99,0,106,0.00000000e+00,1,0
99,0,107,3.83600006e+02,1,0
99,0,108,0.00000000e+00,1,0
99,0,109,3.83600006e+02,1,0
99,0,123,0.00000000e+00,1,0
99,0,124,0.00000000e+00,142,-1000
99,1,1,1.10000000e+01,1,-1000
99,1,2,2.50000000e+02,141,-1000
99,1,10,6.99999988e-01,142,-1000
99,1,11,6.99999988e-01,142,-1000
99,1,16,2.50000000e+02,141,-1000
99,1,32,0.00000000e+00,1,0
99,1,33,3.83600006e+02,1,0
99,1,36,8.40000000e+02,20,-1302
99,1,37,2.09999990e+00,1,-1302
99,1,39,1.00000000e+00,142,-1300
99,1,41,4.00000000e+01,1,-1300
99,1,42,7.00000000e+01,1,-1300
99,1,47,4.00000000e+01,1,-1300
99,1,48,7.00000000e+01,1,-1300
99,1,60,1.00000000e+00,1,-1300
99,1,75,2.50000000e+02,1,93
99,1,77,6.99999988e-01,1,94
99,1,83,5.48000000e+02,1,0
99,1,84,5.48000000e+02,1,0
99,1,85,0.00000000e+00,1,0
99,1,86,0.00000000e+00,1,0
99,1,88,5.48000000e+02,1,0
99,1,89,0.00000000e+00,1,0
99,1,91,1.90000000e+01,3,-1300
99,1,93,2.50000000e+02,141,-1209
99,1,94,6.99999988e-01,142,-1202
99,1,98,2.50000000e+02,141,-1300
99,1,99,5.48000000e+02,1,0
99,1,105,6.23850769e+02,141,-1208
99,1,106,0.00000000e+00,1,0
99,1,107,3.83600006e+02,1,0
99,1,108,0.00000000e+00,1,0
99,1,109,3.83600006e+02,1,0
99,1,123,0.00000000e+00,1,0
99,1,124,0.00000000e+00,142,-1000
100,0,1,1.10000000e+01,1,-1000
100,0,2,2.50000000e+02,141,-1000
100,0,10,6.99999988e-01,142,-1000
100,0,11,6.99999988e-01,142,-1000
100,0,16,2.50000000e+02,141,-1000
100,0,32,0.00000000e+00,1,0
100,0,33,3.83600006e+02,1,0
100,0,36,8.40000000e+02,20,-1302
100,0,37,1.29999995e+00,1,-1302
100,0,39,1.00000000e+00,142,-1300
100,0,41,4.00000000e+01,1,-1300
100,0,42,7.00000000e+01,1,-1300
100,0,47,4.00000000e+01,1,-1300
100,0,48,7.00000000e+01,1,-1300
100,0,60,1.00000000e+00,1,-1300
100,0,75,2.50000000e+02,1,2
100,0,77,6.99999988e-01,1,11
100,0,83,5.48000000e+02,1,0
100,0,84,5.48000000e+02,1,0
100,0,85,0.00000000e+00,1,0
100,0,86,0.00000000e+00,1,0
100,0,88,5.48000000e+02,1,0
100,0,89,0.00000000e+00,1,0
100,0,91,1.00000000e+00,1,999
100,0,93,2.50000000e+02,141,-1209
100,0,94,6.99999988e-01,142,-1202
100,0,98,2.50000000e+02,141,-1300
100,0,99,5.48000000e+02,1,0
100,0,105,0.00000000e+00,141,-1208
100,0,106,0.00000000e+00,1,0
100,0,107,3.83600006e+02,1,0
100,0,108,0.00000000e+00,1,0
100,0,109,3.83600006e+02,1,0
100,0,123,0.00000000e+00,1,0
100,0,124,0.00000000e+00,142,-1000
100,1,1,1.10000000e+01,1,-1000
100,1,2,2.50000000e+02,141,-1000
100,1,10,6.99999988e-01,142,-1000
100,1,11,6.99999988e-01,142,-1000
100,1,16,2.50000000e+02,141,-1000
100,1,32,0.00000000e+00,1,0
100,1,33,3.83600006e+02,1,0
100,1,36,8.40000000e+02,20,-1302
100,1,37,1.03000002e+01,1,-1302
100,1,39,1.00000000e+00,142,-1300
100,1,41,4.00000000e+01,1,-1300
100,1,42,7.00000000e+01,1,-1300
100,1,47,4.00000000e+01,1,-1300
100,1,48,7.00000000e+01,1,-1300
100,1,60,1.00000000e+00,1,-1300
100,1,75,2.50000000e+02,1,2
100,1,77,6.99999988e-01,1,11
100,1,83,5.48000000e+02,1,0
100,1,84,5.48000000e+02,1,0
100,1,85,0.00000000e+00,1,0
100,1,86,0.00000000e+00,1,0
100,1,88,5.48000000e+02,1,0
100,1,89,0.00000000e+00,1,0
100,1,91,1.90000000e+01,3,999
100,1,93,2.50000000e+02,141,-1209
100,1,94,6.99999988e-01,142,-1202
100,1,98,2.50000000e+02,141,-1300
100,1,99,5.48000000e+02,1,0
100,1,105,0.00000000e+00,141,-1208
100,1,106,0.00000000e+00,1,0
100,1,107,3.83600006e+02,1,0
100,1,108,0.00000000e+00,1,0
100,1,109,3.83600006e+02,1,0
100,1,123,0.00000000e+00,1,0
100,1,124,0.00000000e+00,142,-1000
101,0,1,1.10000000e+01,1,-1000
101,0,2,2.50000000e+02,141,-1000
101,0,10,6.99999988e-01,142,-1000
101,0,11,6.99999988e-01,142,-1000
101,0,16,2.50000000e+02,141,-1000
101,0,32,0.00000000e+00,1,0
101,0,33,3.83600006e+02,1,0
101,0,39,1.00000000e+00,142,-1300
101,0,41,4.00000000e+01,1,-1300
101,0,42,7.00000000e+01,1,-1300
101,0,44,1.25000000e+00,1,-1300
101,0,46,8.00000000e+00,1,-1302
101,0,47,4.00000000e+01,1,-1300
101,0,48,7.00000000e+01,1,-1300
101,0,57,2.00000000e+00,1,-1302
101,0,59,6.99999988e-01,1,10
101,0,65,0.00000000e+00,21,-1
101,0,68,2.50000000e-01,1,-1302
101,0,75,2.50000000e+02,1,2
101,0,83,5.48000000e+02,1,0
101,0,84,5.48000000e+02,1,0
101,0,85,0.00000000e+00,1,0
101,0,86,0.00000000e+00,1,0
101,0,88,5.48000000e+02,1,0
101,0,89,0.00000000e+00,1,0
101,0,91,1.00000000e+00,1,-1300
101,0,93,2.50000000e+02,141,-1209
101,0,94,6.99999988e-01,142,-1202
101,0,98,2.50000000e+02,141,-1300
101,0,99,5.48000000e+02,1,0
101,0,105,0.00000000e+00,141,-1208
101,0,106,0.00000000e+00,1,0
101,0,107,3.83600006e+02,1,0
101,0,108,0.00000000e+00,1,0
101,0,109,3.83600006e+02,1,0
101,0,113,1.00000000e+00,1,1300
101,0,123,0.00000000e+00,1,0
101,0,124,0.00000000e+00,142,-1000
101,1,1,1.10000000e+01,1,-1000
101,1,2,2.50000000e+02,141,-1000
101,1,10,6.99999988e-01,142,-1000
101,1,11,6.99999988e-01,142,-1000
101,1,16,2.50000000e+02,141,-1000
101,1,32,0.00000000e+00,1,0
101,1,33,3.83600006e+02,1,0
101,1,39,1.00000000e+00,142,-1300
101,1,41,4.00000000e+01,1,-1300
101,1,42,7.00000000e+01,1,-1300
101,1,44,1.25000000e+00,1,-1300
101,1,46,8.00000000e+00,1,-1302
101,1,47,4.00000000e+01,1,-1300
101,1,48,7.00000000e+01,1,-1300
101,1,57,2.00000000e+00,1,-1302
101,1,59,6.99999988e-01,1,10
101,1,65,2.29999995e+00,21,-1
101,1,68,2.50000000e-01,1,-1302
101,1,75,2.50000000e+02,1,2
101,1,83,5.48000000e+02,1,0
101,1,84,5.48000000e+02,1,0
101,1,85,0.00000000e+00,1,0
101,1,86,0.00000000e+00,1,0
101,1,88,5.48000000e+02,1,0
101,1,89,0.00000000e+00,1,0
101,1,91,1.90000000e+01,3,-1300
101,1,93,2.50000000e+02,141,-1209
101,1,94,6.99999988e-01,142,-1202
101,1,98,2.50000000e+02,141,-1300
101,1,99,5.48000000e+02,1,0
101,1,105,0.00000000e+00,141,-1208
101,1,106,0.00000000e+00,1,0
101,1,107,3.83600006e+02,1,0
101,1,108,0.00000000e+00,1,0
101,1,109,3.83600006e+02,1,0
101,1,113,1.00000000e+00,1,1300
101,1,123,0.00000000e+00,1,0
101,1,124,0.00000000e+00,142,-1000
102,0,1,1.10000000e+01,1,-1000
102,0,2,2.50000000e+02,141,-1000
102,0,10,6.99999988e-01,142,-1000
102,0,11,6.99999988e-01,142,-1000
102,0,16,2.50000000e+02,141,-1000
102,0,32,0.00000000e+00,1,0
102,0,33,3.83600006e+02,1,0
102,0,36,8.40000000e+02,20,-1302
102,0,37,6.99999988e-01,1,-1302
102,0,39,1.00000000e+00,142,-1300
102,0,41,4.00000000e+01,1,-1300
102,0,42,7.00000000e+01,1,-1300
102,0,47,4.00000000e+01,1,-1300
102,0,48,7.00000000e+01,1,-1300
102,0,60,1.00000000e+00,1,-1300
102,0,75,2.50000000e+02,1,93
102,0,77,6.99999988e-01,1,94
102,0,83,5.48000000e+02,1,0
102,0,84,5.48000000e+02,1,0
102,0,85,0.00000000e+00,1,0
102,0,86,0.00000000e+00,1,0
102,0,88,5.48000000e+02,1,0
102,0,89,0.00000000e+00,1,0
102,0,91,1.90000000e+01,3,-1300
102,0,93,2.50000000e+02,141,-1209
102,0,94,6.99999988e-01,142,-1202
102,0,98,2.50000000e+02,141,-1300
102,0,99,5.48000000e+02,1,0
102,0,105,6.23850769e+02,141,-1208
102,0,106,0.00000000e+00,1,0
102,0,107,3.83600006e+02,1,0
102,0,108,0.00000000e+00,1,0
102,0,109,3.83600006e+02,1,0
102,0,123,0.00000000e+00,1,0
102,0,124,0.00000000e+00,142,-1000
102,1,1,1.10000000e+01,1,-1000
102,1,2,2.50000000e+02,141,-1000
102,1,10,6.99999988e-01,142,-1000
102,1,11,6.99999988e-01,142,-1000
102,1,16,2.50000000e+02,141,-1000
102,1,32,0.00000000e+00,1,0
102,1,33,3.83600006e+02,1,0
102,1,36,8.40000000e+02,20,-1302
102,1,37,2.09999990e+00,1,-1302
102,1,39,1.00000000e+00,142,-1300
102,1,41,4.00000000e+01,1,-1300
102,1,42,7.00000000e+01,1,-1300
102,1,47,4.00000000e+01,1,-1300
102,1,48,7.00000000e+01,1,-1300
102,1,60,1.00000000e+00,1,-1300
102,1,75,2.50000000e+02,1,93
102,1,77,6.99999988e-01,1,94
102,1,83,5.48000000e+02,1,0
102,1,84,5.48000000e+02,1,0
102,1,85,0.00000000e+00,1,0
102,1,86,0.00000000e+00,1,0
102,1,88,5.48000000e+02,1,0
102,1,89,0.00000000e+00,1,0
102,1,91,1.90000000e+01,3,-1300
102,1,93,2.50000000e+02,141,-1209
102,1,94,6.99999988e-01,142,-1202
102,1,98,2.50000000e+02,141,-1300
102,1,99,5.48000000e+02,1,0
102,1,105,6.23850769e+02,141,-1208
102,1,106,0.00000000e+00,1,0
102,1,107,3.83600006e+02,1,0
102,1,108,0.00000000e+00,1,0
102,1,109,3.83600006e+02,1,0
102,1,123,0.00000000e+00,1,0
102,1,124,0.00000000e+00,142,-1000
103,0,1,1.10000000e+01,1,-1000
103,0,2,2.50000000e+02,141,-1000
103,0,4,1.00000001e-01,1,-1302
103,0,5,2.00000000e+02,1,-1102
103,0,8,2.98000000e+02,1,-1300
103,0,16,2.50000000e+02,141,-1000
103,0,32,0.00000000e+00,1,0
103,0,33,3.83600006e+02,1,0
103,0,40,1.00000000e+00,1,998
103,0,41,4.00000000e+01,1,-1300
103,0,42,7.00000000e+01,1,-1300
103,0,44,1.25000000e+00,1,-1300
103,0,46,1.24770150e-01,1,-1302
103,0,47,4.00000000e+01,1,-1300
103,0,48,7.00000000e+01,1,-1300
103,0,50,2.07283028e-05,21,-1
103,0,51,5.00000000e-01,1,-1302
103,0,53,3.00000000e+03,1,-1302
103,0,63,2.44500008e+01,1,-1300
103,0,65,2.86324676e-02,21,-1
103,0,66,3.50031932e-03,21,-1
103,0,75,2.50000000e+02,1,998
103,0,83,5.48000000e+02,1,0
103,0,84,5.48000000e+02,1,0
103,0,85,0.00000000e+00,1,0
103,0,86,0.00000000e+00,1,0
103,0,88,5.48000000e+02,1,0
103,0,89,0.00000000e+00,1,0
103,0,91,1.90000000e+01,3,999
103,0,93,2.50000000e+02,141,-1209
103,0,98,2.50000000e+02,141,-1300
103,0,99,5.48000000e+02,1,0
103,0,105,6.23850769e+02,141,-1208
103,0,106,0.00000000e+00,1,0
103,0,107,3.83600006e+02,1,0
103,0,108,0.00000000e+00,1,0
103,0,109,3.83600006e+02,1,0
103,0,118,1.00000000e+00,143,-1000
103,0,119,1.00000000e+00,143,-1000
103,0,120,1.00000000e+00,143,-1000
103,0,123,0.00000000e+00,1,0
103,1,1,1.10000000e+01,1,-1000
103,1,2,2.50000000e+02,141,-1000
103,1,4,1.00000001e-01,1,-1302
103,1,5,2.00000000e+02,1,-1102
103,1,8,2.98000000e+02,1,-1300
103,1,16,2.50000000e+02,141,-1000
103,1,32,0.00000000e+00,1,0
103,1,33,3.83600006e+02,1,0
103,1,40,1.00000000e+00,1,998
103,1,41,4.00000000e+01,1,-1300
103,1,42,7.00000000e+01,1,-1300
103,1,44,1.25000000e+00,1,-1300
103,1,46,1.24770150e-01,1,-1302
103,1,47,4.00000000e+01,1,-1300
103,1,48,7.00000000e+01,1,-1300
103,1,50,2.07283028e-05,21,-1
103,1,51,1.00000001e-01,1,-1302
103,1,53,5.00000000e+02,1,-1302
103,1,63,2.44500008e+01,1,-1300
103,1,65,8.58974040e-01,21,-1
103,1,66,1.05009578e-01,21,-1
103,1,75,2.50000000e+02,1,998
103,1,83,5.48000000e+02,1,0
103,1,84,5.48000000e+02,1,0
103,1,85,0.00000000e+00,1,0
103,1,86,0.00000000e+00,1,0
103,1,88,5.48000000e+02,1,0
103,1,89,0.00000000e+00,1,0
103,1,91,1.90000000e+01,3,999
103,1,93,2.50000000e+02,141,-1209
103,1,98,2.50000000e+02,141,-1300
103,1,99,5.48000000e+02,1,0
103,1,105,6.23850769e+02,141,-1208
103,1,106,0.00000000e+00,1,0
103,1,107,3.83600006e+02,1,0
103,1,108,0.00000000e+00,1,0
103,1,109,3.83600006e+02,1,0
103,1,118,1.00000000e+00,143,-1000
103,1,119,1.00000000e+00,143,-1000
103,1,120,1.00000000e+00,143,-1000
103,1,123,0.00000000e+00,1,0
104,0,1,1.10000000e+01,1,-1000
104,0,2,2.50000000e+02,141,-1000
104,0,10,6.99999988e-01,142,-1000
104,0,11,6.99999988e-01,142,-1000
104,0,16,2.50000000e+02,141,-1000
104,0,32,0.00000000e+00,1,0
104,0,33,3.83600006e+02,1,0
104,0,36,8.40000000e+02,20,-1302
104,0,37,1.29999995e+00,1,-1302
104,0,39,1.00000000e+00,142,-1300
104,0,41,4.00000000e+01,1,-1300
104,0,42,7.00000000e+01,1,-1300
104,0,47,4.00000000e+01,1,-1300
104,0,48,7.00000000e+01,1,-1300
104,0,60,1.00000000e+00,1,-1300
104,0,75,2.50000000e+02,1,2
104,0,77,6.99999988e-01,1,11
104,0,83,5.48000000e+02,1,0
104,0,84,5.48000000e+02,1,0
104,0,85,0.00000000e+00,1,0
104,0,86,0.00000000e+00,1,0
104,0,88,5.48000000e+02,1,0
104,0,89,0.00000000e+00,1,0
104,0,91,1.00000000e+00,1,999
104,0,93,2.50000000e+02,141,-1209
104,0,94,6.99999988e-01,142,-1202
104,0,98,2.50000000e+02,141,-1300
104,0,99,5.48000000e+02,1,0
104,0,105,0.00000000e+00,141,-1208
104,0,106,0.00000000e+00,1,0
104,0,107,3.83600006e+02,1,0
104,0,108,0.00000000e+00,1,0
104,0,109,3.83600006e+02,1,0
104,0,123,0.00000000e+00,1,0
104,0,124,0.00000000e+00,142,-1000
104,1,1,1.10000000e+01,1,-1000
104,1,2,2.50000000e+02,141,-1000
104,1,10,6.99999988e-01,142,-1000
104,1,11,6.99999988e-01,142,-1000
104,1,16,2.50000000e+02,141,-1000
104,1,32,0.00000000e+00,1,0
104,1,33,3.83600006e+02,1,0
104,1,36,8.40000000e+02,20,-1302
104,1,37,1.03000002e+01,1,-1302
104,1,39,1.00000000e+00,142,-1300
104,1,41,4.00000000e+01,1,-1300
104,1,42,7.00000000e+01,1,-1300
104,1,47,4.00000000e+01,1,-1300
104,1,48,7.00000000e+01,1,-1300
104,1,60,1.00000000e+00,1,-1300
104,1,75,2.50000000e+02,1,2
104,1,77,6.99999988e-01,1,11
104,1,83,5.48000000e+02,1,0
104,1,84,5.48000000e+02,1,0
104,1,85,0.00000000e+00,1,0
104,1,86,0.00000000e+00,1,0
104,1,88,5.48000000e+02,1,0
104,1,89,0.00000000e+00,1,0
104,1,91,1.90000000e+01,3,999
104,1,93,2.50000000e+02,141,-1209
104,1,94,6.99999988e-01,142,-1202
104,1,98,2.50000000e+02,141,-1300
104,1,99,5.48000000e+02,1,0
104,1,105,0.00000000e+00,141,-1208
104,1,106,0.00000000e+00,1,0
104,1,107,3.83600006e+02,1,0
104,1,108,0.00000000e+00,1,0
104,1,109,3.83600006e+02,1,0
104,1,123,0.00000000e+00,1,0
104,1,124,0.00000000e+00,142,-1000
105,0,1,1.10000000e+01,1,-1000
105,0,2,2.50000000e+02,141,-1000
105,0,10,6.99999988e-01,142,-1000
105,0,11,6.99999988e-01,142,-1000
105,0,16,2.50000000e+02,141,-1000
105,0,32,0.00000000e+00,1,0
105,0,33,3.83600006e+02,1,0
105,0,39,1.00000000e+00,142,-1300
105,0,41,4.00000000e+01,1,-1300
105,0,42,7.00000000e+01,1,-1300
105,0,44,1.25000000e+00,1,-1300
105,0,46,8.00000000e+00,1,-1302
105,0,47,4.00000000e+01,1,-1300
105,0,48,7.00000000e+01,1,-1300
105,0,57,2.00000000e+00,1,-1302
105,0,59,6.99999988e-01,1,10
105,0,65,0.00000000e+00,21,-1
105,0,68,2.50000000e-01,1,-1302
105,0,75,2.50000000e+02,1,2
105,0,83,5.48000000e+02,1,0
105,0,84,5.48000000e+02,1,0
105,0,85,0.00000000e+00,1,0
105,0,86,0.00000000e+00,1,0
105,0,88,5.48000000e+02,1,0
105,0,89,0.00000000e+00,1,0
105,0,91,1.00000000e+00,1,-1300
105,0,93,2.50000000e+02,141,-1209
105,0,94,6.99999988e-01,142,-1202
105,0,98,2.50000000e+02,141,-1300
105,0,99,5.48000000e+02,1,0
105,0,105,0.00000000e+00,141,-1208
105,0,106,0.00000000e+00,1,0
105,0,107,3.83600006e+02,1,0
105,0,108,0.00000000e+00,1,0
105,0,109,3.83600006e+02,1,0
105,0,113,1.00000000e+00,1,1300
105,0,123,0.00000000e+00,1,0
105,0,124,0.00000000e+00,142,-1000
105,1,1,1.10000000e+01,1,-1000
105,1,2,2.50000000e+02,141,-1000
105,1,10,6.99999988e-01,142,-1000
105,1,11,6.99999988e-01,142,-1000
105,1,16,2.50000000e+02,141,-1000
105,1,32,0.00000000e+00,1,0
105,1,33,3.83600006e+02,1,0
105,1,39,1.00000000e+00,142,-1300
105,1,41,4.00000000e+01,1,-1300
105,1,42,7.00000000e+01,1,-1300
105,1,44,1.25000000e+00,1,-1300
105,1,46,8.00000000e+00,1,-1302
105,1,47,4.00000000e+01,1,-1300
105,1,48,7.00000000e+01,1,-1300
105,1,57,2.00000000e+00,1,-1302
105,1,59,6.99999988e-01,1,10
105,1,65,2.29999995e+00,21,-1
105,1,68,2.50000000e-01,1,-1302
105,1,75,2.50000000e+02,1,2
105,1,83,5.48000000e+02,1,0
105,1,84,5.48000000e+02,1,0
105,1,85,0.00000000e+00,1,0
105,1,86,0.00000000e+00,1,0
105,1,88,5.48000000e+02,1,0
105,1,89,0.00000000e+00,1,0
105,1,91,1.90000000e+01,3,-1300
105,1,93,2.50000000e+02,141,-1209
105,1,94,6.99999988e-01,142,-1202
105,1,98,2.50000000e+02,141,-1300
105,1,99,5.48000000e+02,1,0
105,1,105,0.00000000e+00,141,-1208
105,1,106,0.00000000e+00,1,0
105,1,107,3.83600006e+02,1,0
105,1,108,0.00000000e+00,1,0
105,1,109,3.83600006e+02,1,0
105,1,113,1.00000000e+00,1,1300
105,1,123,0.00000000e+00,1,0
105,1,124,0.00000000e+00,142,-1000
106,0,1,3.00000000e+00,1,-1000
106,0,2,2.50000000e+02,141,-1000
106,0,10,4.00000019e-03,142,-1000
106,0,11,2.00000003e-01,142,-1000
106,0,16,2.50000000e+02,141,-1000
106,0,32,4.10000000e+03,1,0
106,0,33,1.63999996e+01,1,0
106,0,36,8.40000000e+02,20,-1302
106,0,37,6.99999988e-01,1,-1302
106,0,39,1.00000000e+00,142,-1300
106,0,41,4.00000000e+01,1,-1300
106,0,42,7.00000000e+01,1,-1300
106,0,47,4.00000000e+01,1,-1300
106,0,48,7.00000000e+01,1,-1300
106,0,60,1.00000000e+00,1,-1300
106,0,75,2.50000000e+02,1,93
106,0,77,2.00000003e-01,1,94
106,0,83,8.20000000e+01,1,0
106,0,84,8.20000000e+01,1,0
106,0,85,4.10000000e+03,1,0
106,0,86,4.10000000e+03,1,0
106,0,88,8.20000000e+01,1,0
106,0,89,4.10000000e+03,1,0
106,0,91,2.90000000e+01,3,999
106,0,93,2.50000000e+02,141,-1209
106,0,94,2.00000003e-01,142,-1202
106,0,98,2.50000000e+02,141,-1300
106,0,99,8.20000000e+01,1,0
106,0,105,8.00608444e+01,141,-1208
106,0,106,1.63999996e+01,1,0
106,0,107,1.63999996e+01,1,0
106,0,108,1.63999996e+01,1,0
106,0,109,1.63999996e+01,1,0
106,0,123,1.63999996e+01,1,0
106,0,124,0.00000000e+00,142,-1000
106,1,1,3.00000000e+00,1,-1000
106,1,2,2.50000000e+02,141,-1000
106,1,10,4.00000019e-03,142,-1000
106,1,11,2.00000003e-01,142,-1000
106,1,16,2.50000000e+02,141,-1000
106,1,32,4.10000000e+03,1,0
106,1,33,1.63999996e+01,1,0
106,1,36,8.40000000e+02,20,-1302
106,1,37,2.09999990e+00,1,-1302
106,1,39,1.00000000e+00,142,-1300
106,1,41,4.00000000e+01,1,-1300
106,1,42,7.00000000e+01,1,-1300
106,1,47,4.00000000e+01,1,-1300
106,1,48,7.00000000e+01,1,-1300
106,1,60,1.00000000e+00,1,-1300
106,1,75,2.50000000e+02,1,93
106,1,77,2.00000003e-01,1,94
106,1,83,8.20000000e+01,1,0
106,1,84,8.20000000e+01,1,0
106,1,85,4.10000000e+03,1,0
106,1,86,4.10000000e+03,1,0
106,1,88,8.20000000e+01,1,0
106,1,89,4.10000000e+03,1,0
106,1,91,2.90000000e+01,3,999
106,1,93,2.50000000e+02,141,-1209
106,1,94,2.00000003e-01,142,-1202
106,1,98,2.50000000e+02,141,-1300
106,1,99,8.20000000e+01,1,0
106,1,105,8.00608444e+01,141,-1208
106,1,106,1.63999996e+01,1,0
106,1,107,1.63999996e+01,1,0
106,1,108,1.63999996e+01,1,0
106,1,109,1.63999996e+01,1,0
106,1,123,1.63999996e+01,1,0
106,1,124,0.00000000e+00,142,-1000
107,0,1,3.00000000e+00,1,-1000
107,0,2,2.50000000e+02,141,-1000
107,0,4,1.00000001e-01,1,-1302
107,0,5,2.00000000e+02,1,-1102
107,0,8,2.98000000e+02,1,-1300
107,0,16,2.50000000e+02,141,-1000
107,0,32,4.10000000e+03,1,0
107,0,33,1.63999996e+01,1,0
107,0,40,1.00000000e+00,1,998
107,0,41,4.00000000e+01,1,-1300
107,0,42,7.00000000e+01,1,-1300
107,0,44,1.25000000e+00,1,-1300
107,0,46,1.60121694e-02,1,-1302
107,0,47,4.00000000e+01,1,-1300
107,0,48,7.00000000e+01,1,-1300
107,0,50,2.07283028e-05,21,-1
107,0,51,5.00000000e-01,1,-1302
107,0,53,3.00000000e+03,1,-1302
107,0,63,2.44500008e+01,1,-1300
107,0,65,2.86324676e-02,21,-1
107,0,66,3.50031932e-03,21,-1
107,0,75,2.50000000e+02,1,998
107,0,83,8.20000000e+01,1,0
107,0,84,8.20000000e+01,1,0
107,0,85,4.10000000e+03,1,0
107,0,86,4.10000000e+03,1,0
107,0,88,8.20000000e+01,1,0
107,0,89,4.10000000e+03,1,0
107,0,91,2.90000000e+01,3,-1300
107,0,93,2.50000000e+02,141,-1209
107,0,98,2.50000000e+02,141,-1300
107,0,99,8.20000000e+01,1,0
107,0,105,8.00608444e+01,141,-1208
107,0,106,1.63999996e+01,1,0
107,0,107,1.63999996e+01,1,0
107,0,108,1.63999996e+01,1,0
107,0,109,1.63999996e+01,1,0
107,0,118,1.00000000e+00,143,-1000
107,0,119,1.00000000e+00,143,-1000
107,0,120,1.00000000e+00,143,-1000
107,0,123,1.63999996e+01,1,0
107,1,1,3.00000000e+00,1,-1000
107,1,2,2.50000000e+02,141,-1000
107,1,4,1.00000001e-01,1,-1302
107,1,5,2.00000000e+02,1,-1102
107,1,8,2.98000000e+02,1,-1300
107,1,16,2.50000000e+02,141,-1000
107,1,32,4.10000000e+03,1,0
107,1,33,1.63999996e+01,1,0
107,1,40,1.00000000e+00,1,998
107,1,41,4.00000000e+01,1,-1300
107,1,42,7.00000000e+01,1,-1300
107,1,44,1.25000000e+00,1,-1300
107,1,46,1.60121694e-02,1,-1302
107,1,47,4.00000000e+01,1,-1300
107,1,48,7.00000000e+01,1,-1300
107,1,50,2.07283028e-05,21,-1
107,1,51,1.00000001e-01,1,-1302
107,1,53,5.00000000e+02,1,-1302
107,1,63,2.44500008e+01,1,-1300
107,1,65,8.58974040e-01,21,-1
107,1,66,1.05009578e-01,21,-1
107,1,75,2.50000000e+02,1,998
107,1,83,8.20000000e+01,1,0
107,1,84,8.20000000e+01,1,0
107,1,85,4.10000000e+03,1,0
107,1,86,4.10000000e+03,1,0
107,1,88,8.20000000e+01,1,0
107,1,89,4.10000000e+03,1,0
107,1,91,2.90000000e+01,3,-1300
107,1,93,2.50000000e+02,141,-1209
107,1,98,2.50000000e+02,141,-1300
107,1,99,8.20000000e+01,1,0
107,1,105,8.00608444e+01,141,-1208
107,1,106,1.63999996e+01,1,0
107,1,107,1.63999996e+01,1,0
107,1,108,1.63999996e+01,1,0
107,1,109,1.63999996e+01,1,0
107,1,118,1.00000000e+00,143,-1000
107,1,119,1.00000000e+00,143,-1000
107,1,120,1.00000000e+00,143,-1000
107,1,123,1.63999996e+01,1,0
108,0,1,3.00000000e+00,1,-1000
108,0,2,2.50000000e+02,141,-1000
108,0,10,4.00000019e-03,142,-1000
108,0,11,2.00000003e-01,142,-1000
108,0,16,2.50000000e+02,141,-1000
108,0,32,4.10000000e+03,1,0
108,0,33,1.63999996e+01,1,0
108,0,39,1.00000000e+00,142,-1300
108,0,41,4.00000000e+01,1,-1300
108,0,42,7.00000000e+01,1,-1300
108,0,47,4.00000000e+01,1,-1300
108,0,48,7.00000000e+01,1,-1300
108,0,58,3.10000000e+03,20,-1302
108,0,60,1.00000000e+00,1,-1300
108,0,75,2.50000000e+02,1,2
108,0,77,2.00000003e-01,1,11
108,0,83,8.20000000e+01,1,0
108,0,84,8.20000000e+01,1,0
108,0,85,4.10000000e+03,1,0
108,0,86,4.10000000e+03,1,0
108,0,88,8.20000000e+01,1,0
108,0,89,4.10000000e+03,1,0
108,0,91,1.00000000e+00,1,-1300
108,0,93,2.50000000e+02,141,-1209
108,0,94,2.00000003e-01,142,-1202
108,0,98,2.50000000e+02,141,-1300
108,0,99,8.20000000e+01,1,0
108,0,105,0.00000000e+00,141,-1208
108,0,106,1.63999996e+01,1,0
108,0,107,1.63999996e+01,1,0
108,0,108,1.63999996e+01,1,0
108,0,109,1.63999996e+01,1,0
108,0,123,1.63999996e+01,1,0
108,0,124,0.00000000e+00,142,-1000
108,1,1,3.00000000e+00,1,-1000
108,1,2,2.50000000e+02,141,-1000
108,1,10,4.00000019e-03,142,-1000
108,1,11,2.00000003e-01,142,-1000
108,1,16,2.50000000e+02,141,-1000
108,1,32,4.10000000e+03,1,0
108,1,33,1.63999996e+01,1,0
108,1,39,1.00000000e+00,142,-1300
108,1,41,4.00000000e+01,1,-1300
108,1,42,7.00000000e+01,1,-1300
108,1,47,4.00000000e+01,1,-1300
108,1,48,7.00000000e+01,1,-1300
108,1,58,3.10000000e+03,20,-1302
108,1,60,1.00000000e+00,1,-1300
108,1,75,2.50000000e+02,1,2
108,1,77,4.00000019e-03,3,10
108,1,83,8.20000000e+01,1,0
108,1,84,8.20000000e+01,1,0
108,1,85,4.10000000e+03,1,0
108,1,86,4.10000000e+03,1,0
108,1,88,8.20000000e+01,1,0
108,1,89,4.10000000e+03,1,0
108,1,91,2.90000000e+01,3,-1300
108,1,93,2.50000000e+02,141,-1209
108,1,94,2.00000003e-01,142,-1202
108,1,98,2.50000000e+02,141,-1300
108,1,99,8.20000000e+01,1,0
108,1,105,0.00000000e+00,141,-1208
108,1,106,1.63999996e+01,1,0
108,1,107,1.63999996e+01,1,0
108,1,108,1.63999996e+01,1,0
108,1,109,1.63999996e+01,1,0
108,1,123,1.63999996e+01,1,0
108,1,124,0.00000000e+00,142,-1000
109,0,1,3.00000000e+00,1,-1000
109,0,2,2.50000000e+02,141,-1000
109,0,10,4.00000019e-03,142,-1000
109,0,11,2.00000003e-01,142,-1000
109,0,16,2.50000000e+02,141,-1000
109,0,32,4.10000000e+03,1,0
109,0,33,1.63999996e+01,1,0
109,0,39,1.00000000e+00,142,-1300
109,0,41,4.00000000e+01,1,-1300
109,0,42,7.00000000e+01,1,-1300
109,0,44,1.25000000e+00,1,-1300
109,0,47,4.00000000e+01,1,-1300
109,0,48,7.00000000e+01,1,-1300
109,0,65,0.00000000e+00,21,-1
109,0,70,1.50000000e+01,20,-1302
109,0,71,8.00000000e+00,20,-1302
109,0,75,2.50000000e+02,1,2
109,0,78,2.00000003e-01,1,11
109,0,83,8.20000000e+01,1,0
109,0,84,8.20000000e+01,1,0
109,0,85,4.10000000e+03,1,0
109,0,86,4.10000000e+03,1,0
109,0,88,8.20000000e+01,1,0
109,0,89,4.10000000e+03,1,0
109,0,91,1.00000000e+00,1,999
109,0,93,2.50000000e+02,141,-1209
109,0,94,2.00000003e-01,142,-1202
109,0,98,2.50000000e+02,141,-1300
109,0,99,8.20000000e+01,1,0
109,0,105,0.00000000e+00,141,-1208
109,0,106,1.63999996e+01,1,0
109,0,107,1.63999996e+01,1,0
109,0,108,1.63999996e+01,1,0
109,0,109,1.63999996e+01,1,0
109,0,123,1.63999996e+01,1,0
109,0,124,0.00000000e+00,142,-1000
109,1,1,3.00000000e+00,1,-1000
109,1,2,2.50000000e+02,141,-1000
109,1,10,4.00000019e-03,142,-1000
109,1,11,2.00000003e-01,142,-1000
109,1,16,2.50000000e+02,141,-1000
109,1,32,4.10000000e+03,1,0
109,1,33,1.63999996e+01,1,0
109,1,39,1.00000000e+00,142,-1300
109,1,41,4.00000000e+01,1,-1300
109,1,42,7.00000000e+01,1,-1300
109,1,44,1.25000000e+00,1,-1300
109,1,47,4.00000000e+01,1,-1300
109,1,48,7.00000000e+01,1,-1300
109,1,65,6.00000024e-02,21,-1
109,1,70,1.50000000e+01,20,-1302
109,1,71,8.00000000e+00,20,-1302
109,1,75,2.50000000e+02,1,2
109,1,78,4.00000019e-03,3,10
109,1,83,8.20000000e+01,1,0
109,1,84,8.20000000e+01,1,0
109,1,85,4.10000000e+03,1,0
109,1,86,4.10000000e+03,1,0
109,1,88,8.20000000e+01,1,0
109,1,89,4.10000000e+03,1,0
109,1,91,2.90000000e+01,3,999
109,1,93,2.50000000e+02,141,-1209
109,1,94,2.00000003e-01,142,-1202
109,1,98,2.50000000e+02,141,-1300
109,1,99,8.20000000e+01,1,0
109,1,105,0.00000000e+00,141,-1208
109,1,106,1.63999996e+01,1,0
109,1,107,1.63999996e+01,1,0
109,1,108,1.63999996e+01,1,0
109,1,109,1.63999996e+01,1,0
109,1,123,1.63999996e+01,1,0
109,1,124,0.00000000e+00,142,-1000
110,0,1,1.53000000e+02,1,-1000
110,0,2,3.50000000e+02,141,-1000
110,0,10,2.05000004e-04,142,-1000
110,0,11,5.50000012e-01,142,-1000
110,0,16,3.50000000e+02,141,-1000
110,0,32,1.46000000e+03,1,0
110,0,33,2.99299985e-01,1,0
110,0,36,8.40000000e+02,20,-1302
110,0,37,6.99999988e-01,1,-1302
110,0,39,1.00000000e+00,142,-1300
110,0,41,4.00000000e+01,1,-1300
110,0,42,7.00000000e+01,1,-1300
110,0,47,4.00000000e+01,1,-1300
110,0,48,7.00000000e+01,1,-1300
110,0,60,1.00000000e+00,1,-1300
110,0,75,2.50000000e+02,1,98
110,0,77,5.50000012e-01,1,94
110,0,83,5.44200003e-01,1,0
110,0,84,5.44200003e-01,1,0
110,0,85,1.46000000e+03,1,0
110,0,86,1.46000000e+03,1,0
110,0,88,5.44200003e-01,1,0
110,0,89,1.46000000e+03,1,0
110,0,91,1.00000000e+00,1,-1300
110,0,93,3.50000000e+02,141,-1209
110,0,94,5.50000012e-01,142,-1202
110,0,98,2.50000000e+02,141,-1300
110,0,99,5.44200003e-01,1,0
110,0,105,9.13350046e-01,141,-1208
110,0,106,2.99299985e-01,1,0
110,0,107,2.99299985e-01,1,0
110,0,108,2.99299985e-01,1,0
110,0,109,2.99299985e-01,1,0
110,0,123,2.99299985e-01,1,0
110,0,124,0.00000000e+00,142,-1000
110,1,1,1.53000000e+02,1,-1000
110,1,2,3.50000000e+02,141,-1000
110,1,10,2.05000004e-04,142,-1000
110,1,11,5.50000012e-01,142,-1000
110,1,16,3.50000000e+02,141,-1000
110,1,32,1.46000000e+03,1,0
110,1,33,2.99299985e-01,1,0
110,1,36,8.40000000e+02,20,-1302
110,1,37,2.09999990e+00,1,-1302
110,1,39,1.00000000e+00,142,-1300
110,1,41,4.00000000e+01,1,-1300
110,1,42,7.00000000e+01,1,-1300
110,1,47,4.00000000e+01,1,-1300
110,1,48,7.00000000e+01,1,-1300
110,1,60,1.00000000e+00,1,-1300
110,1,75,2.50000000e+02,1,98
110,1,77,5.50000012e-01,1,94
110,1,83,5.44200003e-01,1,0
110,1,84,5.44200003e-01,1,0
110,1,85,1.46000000e+03,1,0
110,1,86,1.46000000e+03,1,0
110,1,88,5.44200003e-01,1,0
110,1,89,1.46000000e+03,1,0
110,1,91,8.00000000e+00,3,-1300
110,1,93,3.50000000e+02,141,-1209
110,1,94,5.50000012e-01,142,-1202
110,1,98,2.50000000e+02,141,-1300
110,1,99,5.44200003e-01,1,0
110,1,105,9.13350046e-01,141,-1208
110,1,106,2.99299985e-01,1,0
110,1,107,2.99299985e-01,1,0
110,1,108,2.99299985e-01,1,0
110,1,109,2.99299985e-01,1,0
110,1,123,2.99299985e-01,1,0
110,1,124,0.00000000e+00,142,-1000
111,0,1,1.50000000e+01,1,-1000
111,0,2,2.60000000e+02,141,-1000
111,0,10,0.00000000e+00,142,-1000
111,0,11,1.00000000e+00,142,-1000
111,0,16,2.60000000e+02,141,-1000
111,0,32,0.00000000e+00,1,0
111,0,33,2.62000008e+01,1,0
111,0,36,8.40000000e+02,20,-1302
111,0,37,6.99999988e-01,1,-1302
111,0,39,1.00000000e+00,142,-1300
111,0,41,4.00000000e+01,1,-1300
111,0,42,7.00000000e+01,1,-1300
111,0,47,4.00000000e+01,1,-1300
111,0,48,7.00000000e+01,1,-1300
111,0,60,1.00000000e+00,1,-1300
111,0,75,2.50000000e+02,1,98
111,0,77,1.00000000e+00,1,94
111,0,83,2.62000008e+01,1,0
111,0,84,2.62000008e+01,1,0
111,0,85,0.00000000e+00,1,0
111,0,86,0.00000000e+00,1,0
111,0,88,2.62000008e+01,1,0
111,0,89,0.00000000e+00,1,0
111,0,91,9.00000000e+00,3,-1300
111,0,93,2.60000000e+02,141,-1209
111,0,94,1.00000000e+00,142,-1202
111,0,98,2.50000000e+02,141,-1300
111,0,99,2.62000008e+01,1,0
111,0,105,3.20243378e+01,141,-1208
111,0,106,0.00000000e+00,1,0
111,0,107,2.62000008e+01,1,0
111,0,108,0.00000000e+00,1,0
111,0,109,2.62000008e+01,1,0
111,0,123,0.00000000e+00,1,0
111,0,124,0.00000000e+00,142,-1000
111,1,1,1.50000000e+01,1,-1000
111,1,2,2.60000000e+02,141,-1000
111,1,10,0.00000000e+00,142,-1000
111,1,11,1.00000000e+00,142,-1000
111,1,16,2.60000000e+02,141,-1000
111,1,32,0.00000000e+00,1,0
111,1,33,2.62000008e+01,1,0
111,1,36,8.40000000e+02,20,-1302
111,1,37,2.09999990e+00,1,-1302
111,1,39,1.00000000e+00,142,-1300
111,1,41,4.00000000e+01,1,-1300
111,1,42,7.00000000e+01,1,-1300
111,1,47,4.00000000e+01,1,-1300
111,1,48,7.00000000e+01,1,-1300
111,1,60,1.00000000e+00,1,-1300
111,1,75,2.50000000e+02,1,98
111,1,77,1.00000000e+00,1,94
111,1,83,2.62000008e+01,1,0
111,1,84,2.62000008e+01,1,0
111,1,85,0.00000000e+00,1,0
111,1,86,0.00000000e+00,1,0
111,1,88,2.62000008e+01,1,0
111,1,89,0.00000000e+00,1,0
111,1,91,9.00000000e+00,3,-1300
111,1,93,2.60000000e+02,141,-1209
111,1,94,1.00000000e+00,142,-1202
111,1,98,2.50000000e+02,141,-1300
111,1,99,2.62000008e+01,1,0
111,1,105,3.20243378e+01,141,-1208
111,1,106,0.00000000e+00,1,0
111,1,107,2.62000008e+01,1,0
111,1,108,0.00000000e+00,1,0
111,1,109,2.62000008e+01,1,0
111,1,123,0.00000000e+00,1,0
111,1,124,0.00000000e+00,142,-1000
112,0,1,4.00000000e+00,1,-1000
112,0,2,2.60000000e+02,141,-1000
112,0,10,0.00000000e+00,142,-1000
112,0,11,1.00000000e+00,142,-1000
112,0,16,2.60000000e+02,141,-1000
112,0,39,1.00000000e+00,142,-1300
112,0,41,4.00000000e+01,1,-1300
112,0,42,7.00000000e+01,1,-1300
112,0,47,4.00000000e+01,1,-1300
112,0,48,7.00000000e+01,1,-1300
112,0,58,3.10000000e+03,20,-1302
112,0,60,1.00000000e+00,1,-1300
112,0,75,2.50000000e+02,1,98
112,0,77,1.00000000e+00,1,94
112,0,91,1.00000000e+00,1,999
112,0,93,2.60000000e+02,141,-1209
112,0,94,1.00000000e+00,142,-1202
112,0,98,2.50000000e+02,141,-1300
112,0,105,1.20088387e+02,141,-1208
112,0,124,0.00000000e+00,142,-1000
112,1,1,4.00000000e+00,1,-1000
112,1,2,2.60000000e+02,141,-1000
112,1,10,0.00000000e+00,142,-1000
112,1,11,1.00000000e+00,142,-1000
112,1,16,2.60000000e+02,141,-1000
112,1,39,1.00000000e+00,142,-1300
112,1,41,4.00000000e+01,1,-1300
112,1,42,7.00000000e+01,1,-1300
112,1,47,4.00000000e+01,1,-1300
112,1,48,7.00000000e+01,1,-1300
112,1,58,3.10000000e+03,20,-1302
112,1,60,1.00000000e+00,1,-1300
112,1,75,2.50000000e+02,1,98
112,1,77,1.00000000e+00,1,94
112,1,91,9.00000000e+00,3,999
112,1,93,2.60000000e+02,141,-1209
112,1,94,1.00000000e+00,142,-1202
112,1,98,2.50000000e+02,141,-1300
112,1,105,1.20088387e+02,141,-1208
112,1,124,0.00000000e+00,142,-1000
113,0,1,4.00000000e+00,1,-1000
113,0,2,2.60000000e+02,141,-1000
113,0,10,0.00000000e+00,142,-1000
113,0,11,1.00000000e+00,142,-1000
113,0,16,2.60000000e+02,141,-1000
113,0,39,1.00000000e+00,142,-1300
113,0,41,4.00000000e+01,1,-1300
113,0,42,7.00000000e+01,1,-1300
113,0,44,1.25000000e+00,1,-1300
113,0,47,4.00000000e+01,1,-1300
113,0,48,7.00000000e+01,1,-1300
113,0,65,0.00000000e+00,21,-1
113,0,70,1.50000000e+01,20,-1302
113,0,71,8.00000000e+00,20,-1302
113,0,75,2.50000000e+02,1,98
113,0,78,1.00000000e+00,1,94
113,0,91,1.00000000e+00,1,-1300
113,0,93,2.60000000e+02,141,-1209
113,0,94,1.00000000e+00,142,-1202
113,0,98,2.50000000e+02,141,-1300
113,0,105,1.20088387e+02,141,-1208
113,0,124,0.00000000e+00,142,-1000
113,1,1,4.00000000e+00,1,-1000
113,1,2,2.60000000e+02,141,-1000
113,1,10,0.00000000e+00,142,-1000
113,1,11,1.00000000e+00,142,-1000
113,1,16,2.60000000e+02,141,-1000
113,1,39,1.00000000e+00,142,-1300
113,1,41,4.00000000e+01,1,-1300
113,1,42,7.00000000e+01,1,-1300
113,1,44,1.25000000e+00,1,-1300
113,1,47,4.00000000e+01,1,-1300
113,1,48,7.00000000e+01,1,-1300
113,1,65,1.50000000e+01,21,-1
113,1,70,1.50000000e+01,20,-1302
113,1,71,8.00000000e+00,20,-1302
113,1,75,2.50000000e+02,1,98
113,1,78,1.00000000e+00,1,94
113,1,91,9.00000000e+00,3,-1300
113,1,93,2.60000000e+02,141,-1209
113,1,94,1.00000000e+00,142,-1202
113,1,98,2.50000000e+02,141,-1300
113,1,105,1.20088387e+02,141,-1208
113,1,124,0.00000000e+00,142,-1000
114,0,1,4.00000000e+00,1,-1000
114,0,2,2.60000000e+02,141,-1000
114,0,10,0.00000000e+00,142,-1000
114,0,11,1.00000000e+00,142,-1000
114,0,16,2.60000000e+02,141,-1000
114,0,36,4.20000000e+02,20,-1302
114,0,37,6.99999988e-01,1,-1302
114,0,39,1.00000000e+00,142,-1300
114,0,41,4.00000000e+01,1,-1300
114,0,42,7.00000000e+01,1,-1300
114,0,47,4.00000000e+01,1,-1300
114,0,48,7.00000000e+01,1,-1300
114,0,60,1.00000000e+00,1,-1300
114,0,75,2.50000000e+02,1,98
114,0,77,1.00000000e+00,1,11
114,0,91,1.00000000e+00,1,-1300
114,0,93,0.00000000e+00,141,-1209
114,0,94,0.00000000e+00,142,-1202
114,0,98,2.50000000e+02,141,-1300
114,0,105,0.00000000e+00,141,-1208
114,0,124,0.00000000e+00,142,-1000
114,1,1,4.00000000e+00,1,-1000
114,1,2,2.60000000e+02,141,-1000
114,1,10,0.00000000e+00,142,-1000
114,1,11,1.00000000e+00,142,-1000
114,1,16,2.60000000e+02,141,-1000
114,1,36,4.20000000e+02,20,-1302
114,1,37,2.09999990e+00,1,-1302
114,1,39,1.00000000e+00,142,-1300
114,1,41,4.00000000e+01,1,-1300
114,1,42,7.00000000e+01,1,-1300
114,1,47,4.00000000e+01,1,-1300
114,1,48,7.00000000e+01,1,-1300
114,1,60,1.00000000e+00,1,-1300
114,1,75,2.50000000e+02,1,98
114,1,77,5.00000024e-04,3,999
114,1,91,9.00000000e+00,3,-1300
114,1,93,0.00000000e+00,141,-1209
114,1,94,0.00000000e+00,142,-1202
114,1,98,2.50000000e+02,141,-1300
114,1,105,0.00000000e+00,141,-1208
114,1,124,0.00000000e+00,142,-1000
115,0,1,1.50000000e+01,1,-1000
115,0,2,2.60000000e+02,141,-1000
115,0,10,0.00000000e+00,142,-1000
115,0,11,1.00000000e+00,142,-1000
115,0,16,2.60000000e+02,141,-1000
115,0,32,0.00000000e+00,1,0
115,0,33,2.62000008e+01,1,0
115,0,36,8.40000000e+02,20,-1302
115,0,37,6.99999988e-01,1,-1302
115,0,39,1.00000000e+00,142,-1300
115,0,41,4.00000000e+01,1,-1300
115,0,42,7.00000000e+01,1,-1300
115,0,47,4.00000000e+01,1,-1300
115,0,48,7.00000000e+01,1,-1300
115,0,60,1.00000000e+00,1,-1300
115,0,75,2.50000000e+02,1,98
115,0,77,1.00000000e+00,1,94
115,0,83,2.62000008e+01,1,0
115,0,84,2.62000008e+01,1,0
115,0,85,0.00000000e+00,1,0
115,0,86,0.00000000e+00,1,0
115,0,88,2.62000008e+01,1,0
115,0,89,0.00000000e+00,1,0
115,0,91,9.00000000e+00,3,-1300
115,0,93,2.60000000e+02,141,-1209
115,0,94,1.00000000e+00,142,-1202
115,0,98,2.50000000e+02,141,-1300
115,0,99,2.62000008e+01,1,0
115,0,105,3.20243378e+01,141,-1208
115,0,106,0.00000000e+00,1,0
115,0,107,2.62000008e+01,1,0
115,0,108,0.00000000e+00,1,0
115,0,109,2.62000008e+01,1,0
115,0,123,0.00000000e+00,1,0
115,0,124,0.00000000e+00,142,-1000
115,1,1,1.50000000e+01,1,-1000
115,1,2,2.60000000e+02,141,-1000
115,1,10,0.00000000e+00,142,-1000
115,1,11,1.00000000e+00,142,-1000
115,1,16,2.60000000e+02,141,-1000
115,1,32,0.00000000e+00,1,0
115,1,33,2.62000008e+01,1,0
115,1,36,8.40000000e+02,20,-1302
115,1,37,2.09999990e+00,1,-1302
115,1,39,1.00000000e+00,142,-1300
115,1,41,4.00000000e+01,1,-1300
115,1,42,7.00000000e+01,1,-1300
115,1,47,4.00000000e+01,1,-1300
115,1,48,7.00000000e+01,1,-1300
115,1,60,1.00000000e+00,1,-1300
115,1,75,2.50000000e+02,1,98
115,1,77,1.00000000e+00,1,94
115,1,83,2.62000008e+01,1,0
115,1,84,2.62000008e+01,1,0
115,1,85,0.00000000e+00,1,0
115,1,86,0.00000000e+00,1,0
115,1,88,2.62000008e+01,1,0
115,1,89,0.00000000e+00,1,0
115,1,91,9.00000000e+00,3,-1300
115,1,93,2.60000000e+02,141,-1209
115,1,94,1.00000000e+00,142,-1202
115,1,98,2.50000000e+02,141,-1300
115,1,99,2.62000008e+01,1,0
115,1,105,3.20243378e+01,141,-1208
115,1,106,0.00000000e+00,1,0
115,1,107,2.62000008e+01,1,0
115,1,108,0.00000000e+00,1,0
115,1,109,2.62000008e+01,1,0
115,1,123,0.00000000e+00,1,0
115,1,124,0.00000000e+00,142,-1000
116,0,1,1.50000000e+01,1,-1000
116,0,2,2.60000000e+02,141,-1000
116,0,4,1.00000001e-01,1,-1302
116,0,5,2.00000000e+02,1,-1102
116,0,8,2.98000000e+02,1,-1300
116,0,16,2.60000000e+02,141,-1000
116,0,32,0.00000000e+00,1,0
116,0,33,2.62000008e+01,1,0
116,0,40,1.00000000e+00,1,998
116,0,41,4.00000000e+01,1,-1300
116,0,42,7.00000000e+01,1,-1300
116,0,44,1.25000000e+00,1,-1300
116,0,46,6.15852652e-03,1,-1302
116,0,47,4.00000000e+01,1,-1300
116,0,48,7.00000000e+01,1,-1300
116,0,50,2.07283028e-05,21,-1
116,0,51,5.00000000e-01,1,-1302
116,0,53,3.00000000e+03,1,-1302
116,0,63,2.44500008e+01,1,-1300
116,0,65,2.86324676e-02,21,-1
116,0,66,3.50031932e-03,21,-1
116,0,75,2.50000000e+02,1,98
116,0,83,2.62000008e+01,1,0
116,0,84,2.62000008e+01,1,0
116,0,85,0.00000000e+00,1,0
116,0,86,0.00000000e+00,1,0
116,0,88,2.62000008e+01,1,0
116,0,89,0.00000000e+00,1,0
116,0,91,9.00000000e+00,3,999
116,0,93,2.60000000e+02,141,-1209
116,0,98,2.50000000e+02,141,-1300
116,0,99,2.62000008e+01,1,0
116,0,105,3.20243378e+01,141,-1208
116,0,106,0.00000000e+00,1,0
116,0,107,2.62000008e+01,1,0
116,0,108,0.00000000e+00,1,0
116,0,109,2.62000008e+01,1,0
116,0,118,1.00000000e+00,143,-1000
116,0,119,1.00000000e+00,143,-1000
116,0,120,1.00000000e+00,143,-1000
116,0,123,0.00000000e+00,1,0
116,1,1,1.50000000e+01,1,-1000
116,1,2,2.60000000e+02,141,-1000
116,1,4,1.00000001e-01,1,-1302
116,1,5,2.00000000e+02,1,-1102
116,1,8,2.98000000e+02,1,-1300
116,1,16,2.60000000e+02,141,-1000
116,1,32,0.00000000e+00,1,0
116,1,33,2.62000008e+01,1,0
116,1,40,1.00000000e+00,1,998
116,1,41,4.00000000e+01,1,-1300
116,1,42,7.00000000e+01,1,-1300
116,1,44,1.25000000e+00,1,-1300
116,1,46,6.15852652e-03,1,-1302
116,1,47,4.00000000e+01,1,-1300
116,1,48,7.00000000e+01,1,-1300
116,1,50,2.07283028e-05,21,-1
116,1,51,1.00000001e-01,1,-1302
116,1,53,5.00000000e+02,1,-1302
116,1,63,2.44500008e+01,1,-1300
116,1,65,8.58974040e-01,21,-1
116,1,66,1.05009578e-01,21,-1
116,1,75,2.50000000e+02,1,98
116,1,83,2.62000008e+01,1,0
116,1,84,2.62000008e+01,1,0
116,1,85,0.00000000e+00,1,0
116,1,86,0.00000000e+00,1,0
116,1,88,2.62000008e+01,1,0
116,1,89,0.00000000e+00,1,0
116,1,91,9.00000000e+00,3,999
116,1,93,2.60000000e+02,141,-1209
116,1,98,2.50000000e+02,141,-1300
116,1,99,2.62000008e+01,1,0
116,1,105,3.20243378e+01,141,-1208
116,1,106,0.00000000e+00,1,0
116,1,107,2.62000008e+01,1,0
116,1,108,0.00000000e+00,1,0
116,1,109,2.62000008e+01,1,0
116,1,118,1.00000000e+00,143,-1000
116,1,119,1.00000000e+00,143,-1000
116,1,120,1.00000000e+00,143,-1000
116,1,123,0.00000000e+00,1,0
173,0,1,1.00000000e+00,1,-1000
173,0,2,2.50000000e+02,141,-1000
173,0,10,2.50000000e-01,142,-1000
173,0,11,2.50000000e-01,142,-1000
173,0,16,2.50000000e+02,141,-1000
173,0,32,0.00000000e+00,1,0
173,0,33,3.95000011e-01,1,0
173,0,36,8.40000000e+02,20,-1302
173,0,37,6.99999988e-01,1,-1302
173,0,39,1.00000000e+00,142,-1300
173,0,41,4.00000000e+01,1,-1300
173,0,42,7.00000000e+01,1,-1300
173,0,47,4.00000000e+01,1,-1300
173,0,48,7.00000000e+01,1,-1300
173,0,60,1.00000000e+00,1,-1300
173,0,75,2.50000000e+02,1,93
173,0,77,2.50000000e-01,1,94
173,0,83,1.58000004e+00,1,0
173,0,84,1.58000004e+00,1,0
173,0,85,0.00000000e+00,1,0
173,0,86,0.00000000e+00,1,0
173,0,88,1.58000004e+00,1,0
173,0,89,0.00000000e+00,1,0
173,0,91,1.00000000e+00,1,-1300
173,0,93,2.50000000e+02,141,-1209
173,0,94,2.50000000e-01,142,-1202
173,0,98,2.50000000e+02,141,-1300
173,0,99,1.58000004e+00,1,0
173,0,105,0.00000000e+00,141,-1208
173,0,106,0.00000000e+00,1,0
173,0,107,3.95000011e-01,1,0
173,0,108,0.00000000e+00,1,0
173,0,109,3.95000011e-01,1,0
173,0,123,0.00000000e+00,1,0
173,0,124,0.00000000e+00,142,-1000
173,1,1,1.00000000e+00,1,-1000
173,1,2,2.50000000e+02,141,-1000
173,1,10,2.50000000e-01,142,-1000
173,1,11,2.50000000e-01,142,-1000
173,1,16,2.50000000e+02,141,-1000
173,1,32,0.00000000e+00,1,0
173,1,33,3.95000011e-01,1,0
173,1,36,8.40000000e+02,20,-1302
173,1,37,2.09999990e+00,1,-1302
173,1,39,1.00000000e+00,142,-1300
173,1,41,4.00000000e+01,1,-1300
173,1,42,7.00000000e+01,1,-1300
173,1,47,4.00000000e+01,1,-1300
173,1,48,7.00000000e+01,1,-1300
173,1,60,1.00000000e+00,1,-1300
173,1,75,2.50000000e+02,1,93
173,1,77,2.50000000e-01,1,94
173,1,83,1.58000004e+00,1,0
173,1,84,1.58000004e+00,1,0
173,1,85,0.00000000e+00,1,0
173,1,86,0.00000000e+00,1,0
173,1,88,1.58000004e+00,1,0
173,1,89,0.00000000e+00,1,0
173,1,91,8.00000000e+00,3,-1300
173,1,93,2.50000000e+02,141,-1209
173,1,94,2.50000000e-01,142,-1202
119,0,1,1.00000000e+00,1,-1000
119,0,2,2.50000000e+02,141,-1000
119,0,10,2.30000000e-02,142,-1000
119,0,11,2.30000004e-01,142,-1000
119,0,16,2.50000000e+02,141,-1000
119,0,32,4.15000000e+05,1,0
119,0,33,9.54500000e+03,1,0
119,0,36,8.40000000e+02,20,-1302
119,0,37,6.99999988e-01,1,-1302
119,0,39,1.00000000e+00,142,-1300
119,0,41,4.00000000e+01,1,-1300
119,0,42,7.00000000e+01,1,-1300
119,0,47,4.00000000e+01,1,-1300
119,0,48,7.00000000e+01,1,-1300
119,0,60,1.00000000e+00,1,-1300
119,0,75,2.50000000e+02,1,93
119,0,77,2.30000004e-01,1,94
119,0,83,4.15000000e+04,1,0
119,0,84,4.15000000e+04,1,0
119,0,85,4.15000000e+05,1,0
119,0,86,4.15000000e+05,1,0
119,0,88,4.15000000e+04,1,0
119,0,89,4.15000000e+05,1,0
119,0,91,1.00000000e+00,1,-1300
119,0,93,2.50000000e+02,141,-1209
119,0,94,2.30000004e-01,142,-1202
119,0,98,2.50000000e+02,141,-1300
119,0,99,4.15000000e+04,1,0
119,0,105,5.48216675e+02,141,-1208
119,0,106,9.54500000e+03,1,0
119,0,107,9.54500000e+03,1,0
119,0,108,9.54500000e+03,1,0
119,0,109,9.54500000e+03,1,0
119,0,123,9.54500000e+03,1,0
119,0,124,0.00000000e+00,142,-1000
119,1,1,1.00000000e+00,1,-1000
119,1,2,2.50000000e+02,141,-1000
119,1,10,2.30000000e-02,142,-1000
119,1,11,2.30000004e-01,142,-1000
119,1,16,2.50000000e+02,141,-1000
119,1,32,4.15000000e+05,1,0
119,1,33,9.54500000e+03,1,0
119,1,36,8.40000000e+02,20,-1302
119,1,37,2.09999990e+00,1,-1302
119,1,39,1.00000000e+00,142,-1300
119,1,41,4.00000000e+01,1,-1300
119,1,42,7.00000000e+01,1,-1300
119,1,47,4.00000000e+01,1,-1300
119,1,48,7.00000000e+01,1,-1300
119,1,60,1.00000000e+00,1,-1300
119,1,75,2.50000000e+02,1,93
119,1,77,2.30000004e-01,1,94
119,1,83,4.15000000e+04,1,0
119,1,84,4.15000000e+04,1,0
119,1,85,4.15000000e+05,1,0
119,1,86,4.15000000e+05,1,0
119,1,88,4.15000000e+04,1,0
119,1,89,4.15000000e+05,1,0
119,1,91,9.00000000e+01,3,-1300
119,1,93,2.50000000e+02,141,-1209
119,1,94,2.30000004e-01,142,-1202
119,1,98,2.50000000e+02,141,-1300
119,1,99,4.15000000e+04,1,0
119,1,105,5.48216675e+02,141,-1208
119,1,106,9.54500000e+03,1,0
119,1,107,9.54500000e+03,1,0
119,1,108,9.54500000e+03,1,0
119,1,109,9.54500000e+03,1,0
119,1,123,9.54500000e+03,1,0
119,1,124,0.00000000e+00,142,-1000
120,0,1,1.00000000e+00,1,-1000
120,0,2,2.50000000e+02,141,-1000
120,0,5,2.00000000e+02,1,-1102
120,0,10,2.30000000e-02,142,-1000
120,0,11,2.30000004e-01,142,-1000
120,0,16,2.50000000e+02,141,-1000
120,0,32,4.15000000e+05,1,0
120,0,33,9.54500000e+03,1,0
120,0,39,1.00000000e+00,142,-1300
120,0,41,4.00000000e+01,1,-1300
120,0,42,7.00000000e+01,1,-1300
120,0,44,1.25000000e+00,1,-1300
120,0,46,1.00000000e+00,1,-1302
120,0,47,4.00000000e+01,1,-1300
120,0,48,7.00000000e+01,1,-1300
120,0,54,0.00000000e+00,2,0
120,0,63,2.44500008e+01,1,-1300
120,0,64,0.00000000e+00,1,-1300
120,0,67,0.00000000e+00,1,999
120,0,75,2.50000000e+02,1,2
120,0,78,1.00000000e+00,1,39
120,0,83,4.15000000e+04,1,0
120,0,84,4.15000000e+04,1,0
120,0,85,4.15000000e+05,1,0
120,0,86,4.15000000e+05,1,0
120,0,88,4.15000000e+04,1,0
120,0,89,4.15000000e+05,1,0
120,0,91,1.00000000e+00,1,-1300
120,0,93,2.50000000e+02,141,-1209
120,0,94,2.30000004e-01,142,-1202
120,0,98,2.50000000e+02,141,-1300
120,0,99,4.15000000e+04,1,0
120,0,105,0.00000000e+00,141,-1208
120,0,106,9.54500000e+03,1,0
120,0,107,9.54500000e+03,1,0
120,0,108,9.54500000e+03,1,0
120,0,109,9.54500000e+03,1,0
120,0,123,9.54500000e+03,1,0
120,0,124,0.00000000e+00,142,-1000
120,1,1,1.00000000e+00,1,-1000
120,1,2,2.50000000e+02,141,-1000
120,1,5,2.00000000e+02,1,-1102
120,1,10,2.30000000e-02,142,-1000
120,1,11,2.30000004e-01,142,-1000
120,1,16,2.50000000e+02,141,-1000
120,1,32,4.15000000e+05,1,0
120,1,33,9.54500000e+03,1,0
120,1,39,1.00000000e+00,142,-1300
120,1,41,4.00000000e+01,1,-1300
120,1,42,7.00000000e+01,1,-1300
120,1,44,1.25000000e+00,1,-1300
120,1,46,8.00000000e+00,3,-1302
120,1,47,4.00000000e+01,1,-1300
120,1,48,7.00000000e+01,1,-1300
120,1,54,1.00000000e+00,2,0
120,1,63,2.44500008e+01,1,-1300
120,1,64,6.89999983e-02,3,-1300
120,1,67,0.00000000e+00,1,999
120,1,75,2.50000000e+02,1,2
120,1,78,2.30000000e-02,3,10
120,1,83,4.15000000e+04,1,0
120,1,84,4.15000000e+04,1,0
120,1,85,4.15000000e+05,1,0
120,1,86,4.15000000e+05,1,0
120,1,88,4.15000000e+04,1,0
120,1,89,4.15000000e+05,1,0
120,1,91,9.00000000e+01,3,-1300
120,1,93,2.50000000e+02,141,-1209
120,1,94,2.30000004e-01,142,-1202
120,1,98,2.50000000e+02,141,-1300
120,1,99,4.15000000e+04,1,0
120,1,105,0.00000000e+00,141,-1208
120,1,106,9.54500000e+03,1,0
120,1,107,9.54500000e+03,1,0
120,1,108,9.54500000e+03,1,0
120,1,109,9.54500000e+03,1,0
120,1,123,9.54500000e+03,1,0
120,1,124,0.00000000e+00,142,-1000
121,0,1,1.00000000e+00,1,-1000
121,0,2,2.50000000e+02,141,-1000
121,0,10,2.30000000e-02,142,-1000
121,0,11,2.30000004e-01,142,-1000
121,0,16,2.50000000e+02,141,-1000
121,0,32,4.15000000e+05,1,0
121,0,33,9.54500000e+03,1,0
121,0,39,1.00000000e+00,142,-1300
121,0,41,4.00000000e+01,1,-1300
121,0,42,7.00000000e+01,1,-1300
121,0,44,1.25000000e+00,1,-1300
121,0,46,8.00000000e+00,1,-1302
121,0,47,4.00000000e+01,1,-1300
121,0,48,7.00000000e+01,1,-1300
121,0,57,1.00000000e+00,1,-1302
121,0,59,2.30000000e-02,1,10
121,0,65,3.67999985e-03,21,-1
121,0,68,2.50000000e-01,1,-1302
121,0,75,2.50000000e+02,1,2
121,0,83,4.15000000e+04,1,0
121,0,84,4.15000000e+04,1,0
121,0,85,4.15000000e+05,1,0
121,0,86,4.15000000e+05,1,0
121,0,88,4.15000000e+04,1,0
121,0,89,4.15000000e+05,1,0
121,0,91,9.00000000e+01,3,-1300
121,0,93,2.50000000e+02,141,-1209
121,0,94,2.30000004e-01,142,-1202
121,0,98,2.50000000e+02,141,-1300
121,0,99,4.15000000e+04,1,0
121,0,105,0.00000000e+00,141,-1208
121,0,106,9.54500000e+03,1,0
173,1,98,2.50000000e+02,141,-1300
173,1,99,1.58000004e+00,1,0
173,1,105,0.00000000e+00,141,-1208
173,1,106,0.00000000e+00,1,0
173,1,107,3.95000011e-01,1,0
173,1,108,0.00000000e+00,1,0
173,1,109,3.95000011e-01,1,0
173,1,123,0.00000000e+00,1,0
173,1,124,0.00000000e+00,142,-1000
174,0,1,1.00000000e+00,1,-1000
174,0,2,2.50000000e+02,141,-1000
174,0,10,2.50000000e-01,142,-1000
174,0,11,2.50000000e-01,142,-1000
121,0,107,9.54500000e+03,1,0
121,0,108,9.54500000e+03,1,0
121,0,109,9.54500000e+03,1,0
121,0,113,9.20000002e-02,1,-1300
121,0,123,9.54500000e+03,1,0
121,0,124,0.00000000e+00,142,-1000
121,1,1,1.00000000e+00,1,-1000
121,1,2,2.50000000e+02,141,-1000
121,1,10,2.30000000e-02,142,-1000
121,1,11,2.30000004e-01,142,-1000
121,1,16,2.50000000e+02,141,-1000
121,1,32,4.15000000e+05,1,0
121,1,33,9.54500000e+03,1,0
121,1,39,1.00000000e+00,142,-1300
121,1,41,4.00000000e+01,1,-1300
121,1,42,7.00000000e+01,1,-1300
121,1,44,1.25000000e+00,1,-1300
121,1,46,8.00000000e+00,1,-1302
121,1,47,4.00000000e+01,1,-1300
121,1,48,7.00000000e+01,1,-1300
121,1,57,2.00000000e+00,1,-1302
121,1,59,2.30000000e-02,1,10
121,1,65,2.39199996e-02,21,-1
121,1,68,2.50000000e-01,1,-1302
121,1,75,2.50000000e+02,1,2
121,1,83,4.15000000e+04,1,0
121,1,84,4.15000000e+04,1,0
121,1,85,4.15000000e+05,1,0
121,1,86,4.15000000e+05,1,0
121,1,88,4.15000000e+04,1,0
121,1,89,4.15000000e+05,1,0
121,1,91,9.00000000e+01,3,-1300
121,1,93,2.50000000e+02,141,-1209
121,1,94,2.30000004e-01,142,-1202
121,1,98,2.50000000e+02,141,-1300
121,1,99,4.15000000e+04,1,0
121,1,105,0.00000000e+00,141,-1208
121,1,106,9.54500000e+03,1,0
121,1,107,9.54500000e+03,1,0
121,1,108,9.54500000e+03,1,0
121,1,109,9.54500000e+03,1,0
121,1,113,9.20000002e-02,1,-1300
121,1,123,9.54500000e+03,1,0
121,1,124,0.00000000e+00,142,-1000
122,0,1,1.00000000e+00,1,-1000
122,0,2,2.50000000e+02,141,-1000
122,0,10,2.30000000e-02,142,-1000
122,0,11,2.30000004e-01,142,-1000
122,0,16,2.50000000e+02,141,-1000
122,0,36,8.40000000e+02,20,-1302
122,0,37,6.99999988e-01,1,-1302
122,0,39,1.00000000e+00,142,-1300
122,0,41,4.00000000e+01,1,-1300
122,0,42,7.00000000e+01,1,-1300
122,0,47,4.00000000e+01,1,-1300
122,0,48,7.00000000e+01,1,-1300
122,0,60,1.00000000e+00,1,-1300
122,0,75,2.50000000e+02,1,2
122,0,77,2.30000004e-01,1,11
122,0,91,1.00000000e+00,1,-1300
122,0,93,2.50000000e+02,141,-1209
122,0,94,2.30000004e-01,142,-1202
122,0,98,2.50000000e+02,141,-1300
122,0,105,0.00000000e+00,141,-1208
122,0,124,0.00000000e+00,142,-1000
122,1,1,1.00000000e+00,1,-1000
122,1,2,2.50000000e+02,141,-1000
122,1,10,2.30000000e-02,142,-1000
122,1,11,2.30000004e-01,142,-1000
122,1,16,2.50000000e+02,141,-1000
122,1,36,8.40000000e+02,20,-1302
122,1,37,2.09999990e+00,1,-1302
122,1,39,1.00000000e+00,142,-1300
122,1,41,4.00000000e+01,1,-1300
122,1,42,7.00000000e+01,1,-1300
122,1,47,4.00000000e+01,1,-1300
122,1,48,7.00000000e+01,1,-1300
122,1,60,1.00000000e+00,1,-1300
122,1,75,2.50000000e+02,1,2
122,1,77,2.30000000e-02,3,10
122,1,91,9.00000000e+01,3,-1300
122,1,93,2.50000000e+02,141,-1209
122,1,94,2.30000004e-01,142,-1202
122,1,98,2.50000000e+02,141,-1300
122,1,105,0.00000000e+00,141,-1208
122,1,124,0.00000000e+00,142,-1000
123,0,1,1.00000000e+00,1,-1000
123,0,2,2.50000000e+02,141,-1000
123,0,5,2.00000000e+02,1,-1102
123,0,10,2.30000000e-02,142,-1000
123,0,11,2.30000004e-01,142,-1000
123,0,16,2.50000000e+02,141,-1000
123,0,32,4.15000000e+05,1,0
123,0,33,9.54500000e+03,1,0
123,0,39,1.00000000e+00,142,-1300
123,0,41,4.00000000e+01,1,-1300
123,0,42,7.00000000e+01,1,-1300
123,0,44,1.25000000e+00,1,-1300
123,0,46,1.00000000e+00,1,-1302
123,0,47,4.00000000e+01,1,-1300
123,0,48,7.00000000e+01,1,-1300
123,0,54,0.00000000e+00,2,0
123,0,63,2.44500008e+01,1,-1300
123,0,64,0.00000000e+00,1,-1300
123,0,67,0.00000000e+00,1,999
123,0,75,2.50000000e+02,1,2
123,0,78,1.00000000e+00,1,39
123,0,83,4.15000000e+04,1,0
123,0,84,4.15000000e+04,1,0
123,0,85,4.15000000e+05,1,0
123,0,86,4.15000000e+05,1,0
123,0,88,4.15000000e+04,1,0
123,0,89,4.15000000e+05,1,0
123,0,91,1.00000000e+00,1,-1300
123,0,93,2.50000000e+02,141,-1209
123,0,94,2.30000004e-01,142,-1202
123,0,98,2.50000000e+02,141,-1300
123,0,99,4.15000000e+04,1,0
123,0,105,0.00000000e+00,141,-1208
123,0,106,9.54500000e+03,1,0
123,0,107,9.54500000e+03,1,0
123,0,108,9.54500000e+03,1,0
123,0,109,9.54500000e+03,1,0
123,0,123,9.54500000e+03,1,0
123,0,124,0.00000000e+00,142,-1000
123,1,1,1.00000000e+00,1,-1000
123,1,2,2.50000000e+02,141,-1000
123,1,5,2.00000000e+02,1,-1102
123,1,10,2.30000000e-02,142,-1000
123,1,11,2.30000004e-01,142,-1000
123,1,16,2.50000000e+02,141,-1000
123,1,32,4.15000000e+05,1,0
123,1,33,9.54500000e+03,1,0
123,1,39,1.00000000e+00,142,-1300
123,1,41,4.00000000e+01,1,-1300
123,1,42,7.00000000e+01,1,-1300
123,1,44,1.25000000e+00,1,-1300
123,1,46,8.00000000e+00,3,-1302
123,1,47,4.00000000e+01,1,-1300
123,1,48,7.00000000e+01,1,-1300
123,1,54,1.00000000e+00,2,0
123,1,63,2.44500008e+01,1,-1300
123,1,64,6.89999983e-02,3,-1300
123,1,67,0.00000000e+00,1,999
123,1,75,2.50000000e+02,1,2
123,1,78,2.30000000e-02,3,10
123,1,83,4.15000000e+04,1,0
123,1,84,4.15000000e+04,1,0
123,1,85,4.15000000e+05,1,0
123,1,86,4.15000000e+05,1,0
123,1,88,4.15000000e+04,1,0
123,1,89,4.15000000e+05,1,0
123,1,91,9.00000000e+01,3,-1300
123,1,93,2.50000000e+02,141,-1209
123,1,94,2.30000004e-01,142,-1202
123,1,98,2.50000000e+02,141,-1300
123,1,99,4.15000000e+04,1,0
123,1,105,0.00000000e+00,141,-1208
123,1,106,9.54500000e+03,1,0
123,1,107,9.54500000e+03,1,0
123,1,108,9.54500000e+03,1,0
123,1,109,9.54500000e+03,1,0
123,1,123,9.54500000e+03,1,0
123,1,124,0.00000000e+00,142,-1000
124,0,1,1.00000000e+00,1,-1000
124,0,2,2.50000000e+02,141,-1000
124,0,10,2.30000000e-02,142,-1000
124,0,11,2.30000004e-01,142,-1000
124,0,16,2.50000000e+02,141,-1000
124,0,32,4.15000000e+05,1,0
124,0,33,9.54500000e+03,1,0
124,0,39,1.00000000e+00,142,-1300
124,0,41,4.00000000e+01,1,-1300
124,0,42,7.00000000e+01,1,-1300
124,0,44,1.25000000e+00,1,-1300
124,0,46,8.00000000e+00,1,-1302
124,0,47,4.00000000e+01,1,-1300
124,0,48,7.00000000e+01,1,-1300
124,0,57,1.00000000e+00,1,-1302
124,0,59,2.30000000e-02,1,10
124,0,65,3.67999985e-03,21,-1
124,0,68,2.50000000e-01,1,-1302
124,0,75,2.50000000e+02,1,2
124,0,83,4.15000000e+04,1,0
124,0,84,4.15000000e+04,1,0
124,0,85,4.15000000e+05,1,0
124,0,86,4.15000000e+05,1,0
124,0,88,4.15000000e+04,1,0
124,0,89,4.15000000e+05,1,0
124,0,91,9.00000000e+01,3,-1300
124,0,93,2.50000000e+02,141,-1209
124,0,94,2.30000004e-01,142,-1202
124,0,98,2.50000000e+02,141,-1300
124,0,99,4.15000000e+04,1,0
124,0,105,0.00000000e+00,141,-1208
124,0,106,9.54500000e+03,1,0
124,0,107,9.54500000e+03,1,0
124,0,108,9.54500000e+03,1,0
124,0,109,9.54500000e+03,1,0
124,0,113,9.20000002e-02,1,-1300
124,0,123,9.54500000e+03,1,0
124,0,124,0.00000000e+00,142,-1000
124,1,1,1.00000000e+00,1,-1000
124,1,2,2.50000000e+02,141,-1000
124,1,10,2.30000000e-02,142,-1000
124,1,11,2.30000004e-01,142,-1000
124,1,16,2.50000000e+02,141,-1000
124,1,32,4.15000000e+05,1,0
124,1,33,9.54500000e+03,1,0
124,1,39,1.00000000e+00,142,-1300
124,1,41,4.00000000e+01,1,-1300
124,1,42,7.00000000e+01,1,-1300
124,1,44,1.25000000e+00,1,-1300
124,1,46,8.00000000e+00,1,-1302
124,1,47,4.00000000e+01,1,-1300
124,1,48,7.00000000e+01,1,-1300
124,1,57,2.00000000e+00,1,-1302
124,1,59,2.30000000e-02,1,10
124,1,65,2.39199996e-02,21,-1
124,1,68,2.50000000e-01,1,-1302
124,1,75,2.50000000e+02,1,2
124,1,83,4.15000000e+04,1,0
124,1,84,4.15000000e+04,1,0
124,1,85,4.15000000e+05,1,0
124,1,86,4.15000000e+05,1,0
124,1,88,4.15000000e+04,1,0
124,1,89,4.15000000e+05,1,0
124,1,91,9.00000000e+01,3,-1300
124,1,93,2.50000000e+02,141,-1209
124,1,94,2.30000004e-01,142,-1202
124,1,98,2.50000000e+02,141,-1300
124,1,99,4.15000000e+04,1,0
124,1,105,0.00000000e+00,141,-1208
124,1,106,9.54500000e+03,1,0
124,1,107,9.54500000e+03,1,0
124,1,108,9.54500000e+03,1,0
124,1,109,9.54500000e+03,1,0
124,1,113,9.20000002e-02,1,-1300
124,1,123,9.54500000e+03,1,0
124,1,124,0.00000000e+00,142,-1000
125,0,1,1.00000000e+00,1,-1000
125,0,2,2.50000000e+02,141,-1000
125,0,10,2.30000000e-02,142,-1000
125,0,11,2.30000004e-01,142,-1000
125,0,16,2.50000000e+02,141,-1000
125,0,39,1.00000000e+00,142,-1300
125,0,41,4.00000000e+01,1,-1300
125,0,42,7.00000000e+01,1,-1300
125,0,47,4.00000000e+01,1,-1300
125,0,48,7.00000000e+01,1,-1300
125,0,58,3.10000000e+03,20,-1302
125,0,60,1.00000000e+00,1,-1300
125,0,75,2.50000000e+02,1,93
125,0,77,2.30000004e-01,1,94
125,0,91,1.00000000e+00,1,999
125,0,93,2.50000000e+02,141,-1209
125,0,94,2.30000004e-01,142,-1202
125,0,98,2.50000000e+02,141,-1300
125,0,105,4.98366797e+04,141,-1208
125,0,124,0.00000000e+00,142,-1000
125,1,1,1.00000000e+00,1,-1000
125,1,2,2.50000000e+02,141,-1000
125,1,10,2.30000000e-02,142,-1000
125,1,11,2.30000004e-01,142,-1000
125,1,16,2.50000000e+02,141,-1000
125,1,39,1.00000000e+00,142,-1300
125,1,41,4.00000000e+01,1,-1300
125,1,42,7.00000000e+01,1,-1300
125,1,47,4.00000000e+01,1,-1300
125,1,48,7.00000000e+01,1,-1300
125,1,58,3.10000000e+03,20,-1302
125,1,60,1.00000000e+00,1,-1300
125,1,75,2.50000000e+02,1,93
125,1,77,2.30000004e-01,1,94
125,1,91,9.00000000e+01,3,999
125,1,93,2.50000000e+02,141,-1209
125,1,94,2.30000004e-01,142,-1202
125,1,98,2.50000000e+02,141,-1300
125,1,105,4.98366797e+04,141,-1208
125,1,124,0.00000000e+00,142,-1000
126,0,1,1.00000000e+00,1,-1000
126,0,2,2.50000000e+02,141,-1000
126,0,10,2.30000000e-02,142,-1000
126,0,11,2.30000004e-01,142,-1000
126,0,16,2.50000000e+02,141,-1000
126,0,39,1.00000000e+00,142,-1300
126,0,41,4.00000000e+01,1,-1300
126,0,42,7.00000000e+01,1,-1300
126,0,44,1.25000000e+00,1,-1300
126,0,47,4.00000000e+01,1,-1300
126,0,48,7.00000000e+01,1,-1300
126,0,65,0.00000000e+00,21,-1
126,0,70,1.50000000e+01,20,-1302
126,0,71,8.00000000e+00,20,-1302
126,0,75,2.50000000e+02,1,93
126,0,78,2.30000004e-01,1,94
126,0,91,1.00000000e+00,1,-1300
126,0,93,2.50000000e+02,141,-1209
126,0,94,2.30000004e-01,142,-1202
126,0,98,2.50000000e+02,141,-1300
126,0,105,4.98366797e+04,141,-1208
126,0,124,0.00000000e+00,142,-1000
126,1,1,1.00000000e+00,1,-1000
126,1,2,2.50000000e+02,141,-1000
126,1,10,2.30000000e-02,142,-1000
126,1,11,2.30000004e-01,142,-1000
126,1,16,2.50000000e+02,141,-1000
126,1,39,1.00000000e+00,142,-1300
126,1,41,4.00000000e+01,1,-1300
126,1,42,7.00000000e+01,1,-1300
126,1,44,1.25000000e+00,1,-1300
126,1,47,4.00000000e+01,1,-1300
126,1,48,7.00000000e+01,1,-1300
126,1,65,3.45000005e+00,21,-1
126,1,70,1.50000000e+01,20,-1302
126,1,71,8.00000000e+00,20,-1302
126,1,75,2.50000000e+02,1,93
126,1,78,2.30000004e-01,1,94
126,1,91,9.00000000e+01,3,-1300
126,1,93,2.50000000e+02,141,-1209
126,1,94,2.30000004e-01,142,-1202
126,1,98,2.50000000e+02,141,-1300
126,1,105,4.98366797e+04,141,-1208
126,1,124,0.00000000e+00,142,-1000
127,0,1,1.00000000e+00,1,-1000
127,0,2,2.50000000e+02,141,-1000
127,0,10,9.99999978e-03,142,-1000
127,0,11,1.00000001e-01,142,-1000
127,0,16,2.50000000e+02,141,-1000
127,0,32,1.80000000e+05,1,0
127,0,33,1.80000000e+03,1,0
127,0,36,8.40000000e+02,20,-1302
127,0,37,6.99999988e-01,1,-1302
127,0,39,1.00000000e+00,142,-1300
127,0,41,4.00000000e+01,1,-1300
127,0,42,7.00000000e+01,1,-1300
127,0,47,4.00000000e+01,1,-1300
127,0,48,7.00000000e+01,1,-1300
127,0,60,1.00000000e+00,1,-1300
127,0,75,2.50000000e+02,1,93
127,0,77,1.00000001e-01,1,94
127,0,83,1.80000000e+04,1,0
127,0,84,1.80000000e+04,1,0
127,0,85,1.80000000e+05,1,0
127,0,86,1.80000000e+05,1,0
127,0,88,1.80000000e+04,1,0
127,0,89,1.80000000e+05,1,0
127,0,91,1.00000000e+00,1,-1300
127,0,93,2.50000000e+02,141,-1209
127,0,94,1.00000001e-01,142,-1202
127,0,98,2.50000000e+02,141,-1300
127,0,99,1.80000000e+04,1,0
127,0,105,2.37780716e+02,141,-1208
127,0,106,1.80000000e+03,1,0
127,0,107,1.80000000e+03,1,0
127,0,108,1.80000000e+03,1,0
127,0,109,1.80000000e+03,1,0
127,0,123,1.80000000e+03,1,0
127,0,124,0.00000000e+00,142,-1000
127,1,1,1.00000000e+00,1,-1000
127,1,2,2.50000000e+02,141,-1000
127,1,10,9.99999978e-03,142,-1000
127,1,11,1.00000001e-01,142,-1000
127,1,16,2.50000000e+02,141,-1000
127,1,32,1.80000000e+05,1,0
127,1,33,1.80000000e+03,1,0
127,1,36,8.40000000e+02,20,-1302
127,1,37,2.09999990e+00,1,-1302
127,1,39,1.00000000e+00,142,-1300
127,1,41,4.00000000e+01,1,-1300
127,1,42,7.00000000e+01,1,-1300
127,1,47,4.00000000e+01,1,-1300
127,1,48,7.00000000e+01,1,-1300
127,1,60,1.00000000e+00,1,-1300
127,1,75,2.50000000e+02,1,93
127,1,77,1.00000001e-01,1,94
127,1,83,1.80000000e+04,1,0
127,1,84,1.80000000e+04,1,0
127,1,85,1.80000000e+05,1,0
127,1,86,1.80000000e+05,1,0
127,1,88,1.80000000e+04,1,0
127,1,89,1.80000000e+05,1,0
127,1,91,9.00000000e+01,3,-1300
127,1,93,2.50000000e+02,141,-1209
127,1,94,1.00000001e-01,142,-1202
127,1,98,2.50000000e+02,141,-1300
127,1,99,1.80000000e+04,1,0
127,1,105,2.37780716e+02,141,-1208
127,1,106,1.80000000e+03,1,0
127,1,107,1.80000000e+03,1,0
127,1,108,1.80000000e+03,1,0
127,1,109,1.80000000e+03,1,0
127,1,123,1.80000000e+03,1,0
127,1,124,0.00000000e+00,142,-1000
128,0,1,1.00000000e+00,1,-1000
128,0,2,2.50000000e+02,141,-1000
128,0,5,2.00000000e+02,1,-1102
128,0,10,9.99999978e-03,142,-1000
128,0,11,1.00000001e-01,142,-1000
128,0,16,2.50000000e+02,141,-1000
128,0,32,1.80000000e+05,1,0
128,0,33,1.80000000e+03,1,0
128,0,39,1.00000000e+00,142,-1300
128,0,41,4.00000000e+01,1,-1300
128,0,42,7.00000000e+01,1,-1300
128,0,44,1.25000000e+00,1,-1300
128,0,46,1.00000000e+00,1,-1302
128,0,47,4.00000000e+01,1,-1300
128,0,48,7.00000000e+01,1,-1300
128,0,54,0.00000000e+00,2,0
128,0,63,2.44500008e+01,1,-1300
128,0,64,0.00000000e+00,1,-1300
128,0,67,0.00000000e+00,1,999
128,0,75,2.50000000e+02,1,2
128,0,78,1.00000000e+00,1,39
128,0,83,1.80000000e+04,1,0
128,0,84,1.80000000e+04,1,0
128,0,85,1.80000000e+05,1,0
128,0,86,1.80000000e+05,1,0
128,0,88,1.80000000e+04,1,0
128,0,89,1.80000000e+05,1,0
128,0,91,1.00000000e+00,1,-1300
128,0,93,2.50000000e+02,141,-1209
128,0,94,1.00000001e-01,142,-1202
128,0,98,2.50000000e+02,141,-1300
128,0,99,1.80000000e+04,1,0
128,0,105,0.00000000e+00,141,-1208
128,0,106,1.80000000e+03,1,0
128,0,107,1.80000000e+03,1,0
128,0,108,1.80000000e+03,1,0
128,0,109,1.80000000e+03,1,0
128,0,123,1.80000000e+03,1,0
128,0,124,0.00000000e+00,142,-1000
128,1,1,1.00000000e+00,1,-1000
128,1,2,2.50000000e+02,141,-1000
128,1,5,2.00000000e+02,1,-1102
128,1,10,9.99999978e-03,142,-1000
128,1,11,1.00000001e-01,142,-1000
128,1,16,2.50000000e+02,141,-1000
128,1,32,1.80000000e+05,1,0
128,1,33,1.80000000e+03,1,0
128,1,39,1.00000000e+00,142,-1300
128,1,41,4.00000000e+01,1,-1300
128,1,42,7.00000000e+01,1,-1300
128,1,44,1.25000000e+00,1,-1300
128,1,46,8.00000000e+00,3,-1302
128,1,47,4.00000000e+01,1,-1300
128,1,48,7.00000000e+01,1,-1300
128,1,54,1.00000000e+00,2,0
128,1,63,2.44500008e+01,1,-1300
128,1,64,6.89999983e-02,3,-1300
128,1,67,0.00000000e+00,1,999
128,1,75,2.50000000e+02,1,2
128,1,78,9.99999978e-03,3,10
128,1,83,1.80000000e+04,1,0
128,1,84,1.80000000e+04,1,0
128,1,85,1.80000000e+05,1,0
128,1,86,1.80000000e+05,1,0
128,1,88,1.80000000e+04,1,0
128,1,89,1.80000000e+05,1,0
128,1,91,9.00000000e+01,3,-1300
128,1,93,2.50000000e+02,141,-1209
128,1,94,1.00000001e-01,142,-1202
128,1,98,2.50000000e+02,141,-1300
128,1,99,1.80000000e+04,1,0
128,1,105,0.00000000e+00,141,-1208
128,1,106,1.80000000e+03,1,0
128,1,107,1.80000000e+03,1,0
128,1,108,1.80000000e+03,1,0
128,1,109,1.80000000e+03,1,0
128,1,123,1.80000000e+03,1,0
128,1,124,0.00000000e+00,142,-1000
129,0,1,1.00000000e+00,1,-1000
129,0,2,2.50000000e+02,141,-1000
129,0,10,9.99999978e-03,142,-1000
129,0,11,1.00000001e-01,142,-1000
129,0,16,2.50000000e+02,141,-1000
129,0,32,1.80000000e+05,1,0
129,0,33,1.80000000e+03,1,0
129,0,39,1.00000000e+00,142,-1300
129,0,41,4.00000000e+01,1,-1300
129,0,42,7.00000000e+01,1,-1300
129,0,44,1.25000000e+00,1,-1300
129,0,46,8.00000000e+00,1,-1302
129,0,47,4.00000000e+01,1,-1300
129,0,48,7.00000000e+01,1,-1300
129,0,57,1.00000000e+00,1,-1302
129,0,59,9.99999978e-03,1,10
129,0,65,1.59999996e-03,21,-1
129,0,68,2.50000000e-01,1,-1302
129,0,75,2.50000000e+02,1,2
129,0,83,1.80000000e+04,1,0
129,0,84,1.80000000e+04,1,0
129,0,85,1.80000000e+05,1,0
129,0,86,1.80000000e+05,1,0
129,0,88,1.80000000e+04,1,0
129,0,89,1.80000000e+05,1,0
129,0,91,9.00000000e+01,3,-1300
129,0,93,2.50000000e+02,141,-1209
129,0,94,1.00000001e-01,142,-1202
129,0,98,2.50000000e+02,141,-1300
129,0,99,1.80000000e+04,1,0
129,0,105,0.00000000e+00,141,-1208
129,0,106,1.80000000e+03,1,0
129,0,107,1.80000000e+03,1,0
129,0,108,1.80000000e+03,1,0
129,0,109,1.80000000e+03,1,0
129,0,113,3.99999991e-02,1,-1300
129,0,123,1.80000000e+03,1,0
129,0,124,0.00000000e+00,142,-1000
129,1,1,1.00000000e+00,1,-1000
129,1,2,2.50000000e+02,141,-1000
129,1,10,9.99999978e-03,142,-1000
129,1,11,1.00000001e-01,142,-1000
129,1,16,2.50000000e+02,141,-1000
129,1,32,1.80000000e+05,1,0
129,1,33,1.80000000e+03,1,0
129,1,39,1.00000000e+00,142,-1300
129,1,41,4.00000000e+01,1,-1300
129,1,42,7.00000000e+01,1,-1300
129,1,44,1.25000000e+00,1,-1300
129,1,46,8.00000000e+00,1,-1302
129,1,47,4.00000000e+01,1,-1300
129,1,48,7.00000000e+01,1,-1300
129,1,57,2.00000000e+00,1,-1302
129,1,59,9.99999978e-03,1,10
129,1,65,1.03999991e-02,21,-1
129,1,68,2.50000000e-01,1,-1302
129,1,75,2.50000000e+02,1,2
129,1,83,1.80000000e+04,1,0
129,1,84,1.80000000e+04,1,0
129,1,85,1.80000000e+05,1,0
129,1,86,1.80000000e+05,1,0
129,1,88,1.80000000e+04,1,0
129,1,89,1.80000000e+05,1,0
129,1,91,9.00000000e+01,3,-1300
129,1,93,2.50000000e+02,141,-1209
129,1,94,1.00000001e-01,142,-1202
129,1,98,2.50000000e+02,141,-1300
129,1,99,1.80000000e+04,1,0
129,1,105,0.00000000e+00,141,-1208
129,1,106,1.80000000e+03,1,0
129,1,107,1.80000000e+03,1,0
129,1,108,1.80000000e+03,1,0
129,1,109,1.80000000e+03,1,0
129,1,113,3.99999991e-02,1,-1300
129,1,123,1.80000000e+03,1,0
129,1,124,0.00000000e+00,142,-1000
130,0,1,1.00000000e+00,1,-1000
130,0,2,2.50000000e+02,141,-1000
130,0,10,9.99999978e-03,142,-1000
130,0,11,1.00000001e-01,142,-1000
130,0,16,2.50000000e+02,141,-1000
130,0,36,8.40000000e+02,20,-1302
130,0,37,6.99999988e-01,1,-1302
130,0,39,1.00000000e+00,142,-1300
130,0,41,4.00000000e+01,1,-1300
130,0,42,7.00000000e+01,1,-1300
130,0,47,4.00000000e+01,1,-1300
130,0,48,7.00000000e+01,1,-1300
130,0,60,1.00000000e+00,1,-1300
130,0,75,2.50000000e+02,1,2
130,0,77,1.00000001e-01,1,11
130,0,91,1.00000000e+00,1,-1300
130,0,93,2.50000000e+02,141,-1209
130,0,94,1.00000001e-01,142,-1202
130,0,98,2.50000000e+02,141,-1300
130,0,105,0.00000000e+00,141,-1208
130,0,124,0.00000000e+00,142,-1000
130,1,1,1.00000000e+00,1,-1000
130,1,2,2.50000000e+02,141,-1000
130,1,10,9.99999978e-03,142,-1000
130,1,11,1.00000001e-01,142,-1000
130,1,16,2.50000000e+02,141,-1000
130,1,36,8.40000000e+02,20,-1302
130,1,37,2.09999990e+00,1,-1302
130,1,39,1.00000000e+00,142,-1300
130,1,41,4.00000000e+01,1,-1300
130,1,42,7.00000000e+01,1,-1300
130,1,47,4.00000000e+01,1,-1300
130,1,48,7.00000000e+01,1,-1300
130,1,60,1.00000000e+00,1,-1300
160,0,75,2.50000000e+02,1,98
160,0,83,5.19000015e+01,1,0
160,0,84,5.19000015e+01,1,0
160,0,85,0.00000000e+00,1,0
160,0,86,0.00000000e+00,1,0
160,0,88,5.19000015e+01,1,0
160,0,89,0.00000000e+00,1,0
160,0,91,1.70000000e+01,1,-1300
160,0,93,2.60000000e+02,141,-1209
160,0,94,6.10000014e-01,142,-1202
160,0,98,2.50000000e+02,141,-1300
160,0,99,5.19000015e+01,1,0
160,0,105,0.00000000e+00,141,-1208
160,0,106,0.00000000e+00,1,0
160,0,107,3.16590004e+01,1,0
160,0,108,0.00000000e+00,1,0
160,0,109,3.16590004e+01,1,0
160,0,113,0.00000000e+00,1,-1300
160,0,123,0.00000000e+00,1,0
160,0,124,0.00000000e+00,142,-1000
160,1,1,1.20000000e+01,1,-1000
160,1,2,2.60000000e+02,141,-1000
160,1,10,0.00000000e+00,142,-1000
160,1,11,6.10000014e-01,142,-1000
160,1,16,2.60000000e+02,141,-1000
160,1,32,0.00000000e+00,1,0
160,1,33,3.16590004e+01,1,0
160,1,39,1.00000000e+00,142,-1300
160,1,41,4.00000000e+01,1,-1300
160,1,42,7.00000000e+01,1,-1300
160,1,44,1.25000000e+00,1,-1300
160,1,46,8.00000000e+00,1,-1302
160,1,47,4.00000000e+01,1,-1300
160,1,48,7.00000000e+01,1,-1300
160,1,57,2.00000000e+00,1,-1302
160,1,59,6.10000014e-01,3,11
160,1,65,2.29999995e+00,21,-1
160,1,68,2.50000000e-01,1,-1302
160,1,75,2.50000000e+02,1,98
160,1,83,5.19000015e+01,1,0
160,1,84,5.19000015e+01,1,0
160,1,85,0.00000000e+00,1,0
160,1,86,0.00000000e+00,1,0
160,1,88,5.19000015e+01,1,0
160,1,89,0.00000000e+00,1,0
160,1,91,9.00000000e+01,3,-1300
160,1,93,2.60000000e+02,141,-1209
160,1,94,6.10000014e-01,142,-1202
160,1,98,2.50000000e+02,141,-1300
160,1,99,5.19000015e+01,1,0
160,1,105,0.00000000e+00,141,-1208
160,1,106,0.00000000e+00,1,0
160,1,107,3.16590004e+01,1,0
160,1,108,0.00000000e+00,1,0
160,1,109,3.16590004e+01,1,0
160,1,113,1.00000000e+00,1,-1300
160,1,123,0.00000000e+00,1,0
160,1,124,0.00000000e+00,142,-1000
161,0,1,1.20000000e+01,1,-1000
161,0,2,2.60000000e+02,141,-1000
161,0,10,0.00000000e+00,142,-1000
161,0,11,6.10000014e-01,142,-1000
161,0,16,2.60000000e+02,141,-1000
161,0,32,0.00000000e+00,1,0
161,0,33,3.16590004e+01,1,0
161,0,36,8.40000000e+02,20,-1302
161,0,37,6.99999988e-01,1,-1302
161,0,39,1.00000000e+00,142,-1300
161,0,41,4.00000000e+01,1,-1300
161,0,42,7.00000000e+01,1,-1300
161,0,47,4.00000000e+01,1,-1300
161,0,48,7.00000000e+01,1,-1300
161,0,60,1.00000000e+00,1,-1300
161,0,75,2.50000000e+02,1,98
161,0,77,6.10000014e-01,1,94
161,0,83,5.19000015e+01,1,0
161,0,84,5.19000015e+01,1,0
161,0,85,0.00000000e+00,1,0
161,0,86,0.00000000e+00,1,0
161,0,88,5.19000015e+01,1,0
161,0,89,0.00000000e+00,1,0
161,0,91,9.00000000e+01,3,-1300
161,0,93,2.60000000e+02,141,-1209
161,0,94,6.10000014e-01,142,-1202
161,0,98,2.50000000e+02,141,-1300
161,0,99,5.19000015e+01,1,0
161,0,105,6.56236420e+01,141,-1208
161,0,106,0.00000000e+00,1,0
161,0,107,3.16590004e+01,1,0
161,0,108,0.00000000e+00,1,0
161,0,109,3.16590004e+01,1,0
161,0,123,0.00000000e+00,1,0
161,0,124,0.00000000e+00,142,-1000
161,1,1,1.20000000e+01,1,-1000
161,1,2,2.60000000e+02,141,-1000
161,1,10,0.00000000e+00,142,-1000
161,1,11,6.10000014e-01,142,-1000
161,1,16,2.60000000e+02,141,-1000
161,1,32,0.00000000e+00,1,0
161,1,33,3.16590004e+01,1,0
161,1,36,8.40000000e+02,20,-1302
161,1,37,2.09999990e+00,1,-1302
161,1,39,1.00000000e+00,142,-1300
161,1,41,4.00000000e+01,1,-1300
161,1,42,7.00000000e+01,1,-1300
161,1,47,4.00000000e+01,1,-1300
161,1,48,7.00000000e+01,1,-1300
161,1,60,1.00000000e+00,1,-1300
161,1,75,2.50000000e+02,1,98
161,1,77,6.10000014e-01,1,94
161,1,83,5.19000015e+01,1,0
161,1,84,5.19000015e+01,1,0
161,1,85,0.00000000e+00,1,0
161,1,86,0.00000000e+00,1,0
161,1,88,5.19000015e+01,1,0
161,1,89,0.00000000e+00,1,0
161,1,91,9.00000000e+01,3,-1300
161,1,93,2.60000000e+02,141,-1209
161,1,94,6.10000014e-01,142,-1202
161,1,98,2.50000000e+02,141,-1300
161,1,99,5.19000015e+01,1,0
161,1,105,6.56236420e+01,141,-1208
161,1,106,0.00000000e+00,1,0
161,1,107,3.16590004e+01,1,0
161,1,108,0.00000000e+00,1,0
161,1,109,3.16590004e+01,1,0
161,1,123,0.00000000e+00,1,0
161,1,124,0.00000000e+00,142,-1000
162,0,1,1.20000000e+01,1,-1000
162,0,2,2.60000000e+02,141,-1000
162,0,4,1.00000001e-01,1,-1302
162,0,5,2.00000000e+02,1,-1102
162,0,8,2.98000000e+02,1,-1300
162,0,16,2.60000000e+02,141,-1000
162,0,32,0.00000000e+00,1,0
162,0,33,3.16590004e+01,1,0
162,0,40,1.00000000e+00,1,998
162,0,41,4.00000000e+01,1,-1300
162,0,42,7.00000000e+01,1,-1300
162,0,44,1.25000000e+00,1,-1300
162,0,46,1.26199303e-02,1,-1302
162,0,47,4.00000000e+01,1,-1300
162,0,48,7.00000000e+01,1,-1300
162,0,50,2.07283028e-05,21,-1
162,0,51,5.00000000e-01,1,-1302
162,0,53,3.00000000e+03,1,-1302
162,0,63,2.44500008e+01,1,-1300
162,0,65,2.86324676e-02,21,-1
162,0,66,3.50031932e-03,21,-1
162,0,75,2.50000000e+02,1,98
162,0,83,5.19000015e+01,1,0
162,0,84,5.19000015e+01,1,0
162,0,85,0.00000000e+00,1,0
162,0,86,0.00000000e+00,1,0
162,0,88,5.19000015e+01,1,0
162,0,89,0.00000000e+00,1,0
162,0,91,9.00000000e+01,3,999
162,0,93,2.60000000e+02,141,-1209
162,0,98,2.50000000e+02,141,-1300
162,0,99,5.19000015e+01,1,0
162,0,105,6.56236420e+01,141,-1208
162,0,106,0.00000000e+00,1,0
162,0,107,3.16590004e+01,1,0
162,0,108,0.00000000e+00,1,0
162,0,109,3.16590004e+01,1,0
162,0,118,1.00000000e+00,143,-1000
162,0,119,1.00000000e+00,143,-1000
162,0,120,1.00000000e+00,143,-1000
162,0,123,0.00000000e+00,1,0
162,1,1,1.20000000e+01,1,-1000
162,1,2,2.60000000e+02,141,-1000
162,1,4,1.00000001e-01,1,-1302
162,1,5,2.00000000e+02,1,-1102
162,1,8,2.98000000e+02,1,-1300
162,1,16,2.60000000e+02,141,-1000
162,1,32,0.00000000e+00,1,0
162,1,33,3.16590004e+01,1,0
162,1,40,1.00000000e+00,1,998
162,1,41,4.00000000e+01,1,-1300
162,1,42,7.00000000e+01,1,-1300
162,1,44,1.25000000e+00,1,-1300
162,1,46,1.26199303e-02,1,-1302
162,1,47,4.00000000e+01,1,-1300
162,1,48,7.00000000e+01,1,-1300
162,1,50,2.07283028e-05,21,-1
162,1,51,1.00000001e-01,1,-1302
162,1,53,5.00000000e+02,1,-1302
162,1,63,2.44500008e+01,1,-1300
162,1,65,8.58974040e-01,21,-1
162,1,66,1.05009578e-01,21,-1
162,1,75,2.50000000e+02,1,98
162,1,83,5.19000015e+01,1,0
162,1,84,5.19000015e+01,1,0
162,1,85,0.00000000e+00,1,0
133,1,75,2.50000000e+02,1,93
133,1,77,1.00000001e-01,1,94
133,1,91,9.00000000e+01,3,999
133,1,93,2.50000000e+02,141,-1209
133,1,94,1.00000001e-01,142,-1202
133,1,98,2.50000000e+02,141,-1300
133,1,105,2.16159102e+04,141,-1208
133,1,124,0.00000000e+00,142,-1000
134,0,1,1.00000000e+00,1,-1000
134,0,2,2.50000000e+02,141,-1000
134,0,10,9.99999978e-03,142,-1000
134,0,11,1.00000001e-01,142,-1000
134,0,16,2.50000000e+02,141,-1000
134,0,39,1.00000000e+00,142,-1300
134,0,41,4.00000000e+01,1,-1300
134,0,42,7.00000000e+01,1,-1300
134,0,44,1.25000000e+00,1,-1300
134,0,47,4.00000000e+01,1,-1300
134,0,48,7.00000000e+01,1,-1300
134,0,65,0.00000000e+00,21,-1
134,0,70,1.50000000e+01,20,-1302
134,0,71,8.00000000e+00,20,-1302
134,0,75,2.50000000e+02,1,93
134,0,78,1.00000001e-01,1,94
134,0,91,1.00000000e+00,1,-1300
134,0,93,2.50000000e+02,141,-1209
134,0,94,1.00000001e-01,142,-1202
134,0,98,2.50000000e+02,141,-1300
134,0,105,2.16159102e+04,141,-1208
134,0,124,0.00000000e+00,142,-1000
134,1,1,1.00000000e+00,1,-1000
134,1,2,2.50000000e+02,141,-1000
134,1,10,9.99999978e-03,142,-1000
134,1,11,1.00000001e-01,142,-1000
134,1,16,2.50000000e+02,141,-1000
134,1,39,1.00000000e+00,142,-1300
134,1,41,4.00000000e+01,1,-1300
134,1,42,7.00000000e+01,1,-1300
134,1,44,1.25000000e+00,1,-1300
134,1,47,4.00000000e+01,1,-1300
134,1,48,7.00000000e+01,1,-1300
134,1,65,1.50000000e+00,21,-1
134,1,70,1.50000000e+01,20,-1302
134,1,71,8.00000000e+00,20,-1302
134,1,75,2.50000000e+02,1,93
134,1,78,1.00000001e-01,1,94
134,1,91,9.00000000e+01,3,-1300
134,1,93,2.50000000e+02,141,-1209
134,1,94,1.00000001e-01,142,-1202
134,1,98,2.50000000e+02,141,-1300
134,1,105,2.16159102e+04,141,-1208
134,1,124,0.00000000e+00,142,-1000
135,0,1,1.00000000e+00,1,-1000
135,0,2,3.65000000e+02,141,-1000
135,0,10,8.50000024e-01,142,-1000
135,0,11,1.00000000e+00,142,-1000
135,0,16,3.65000000e+02,141,-1000
135,0,32,4.70587988e+03,1,0
135,0,33,4.00000000e+03,1,0
135,0,36,8.40000000e+02,20,-1302
135,0,37,6.99999988e-01,1,-1302
135,0,39,1.00000000e+00,142,-1300
135,0,41,4.00000000e+01,1,-1300
135,0,42,7.00000000e+01,1,-1300
135,0,47,4.00000000e+01,1,-1300
135,0,48,7.00000000e+01,1,-1300
135,0,60,1.00000000e+00,1,-1300
135,0,75,2.50000000e+02,1,98
135,0,77,1.00000000e+00,1,94
135,0,83,4.00000000e+03,1,0
135,0,84,4.00000000e+03,1,0
135,0,85,4.70587988e+03,1,0
135,0,86,4.70587988e+03,1,0
135,0,88,4.00000000e+03,1,0
135,0,89,4.70587988e+03,1,0
135,0,91,2.20000000e+01,1,999
135,0,93,3.65000000e+02,141,-1209
135,0,94,1.00000000e+00,142,-1202
135,0,98,2.50000000e+02,141,-1300
135,0,99,4.00000000e+03,1,0
135,0,105,7.01333057e+03,141,-1208
135,0,106,4.00000000e+03,1,0
135,0,107,4.00000000e+03,1,0
135,0,108,4.00000000e+03,1,0
135,0,109,4.00000000e+03,1,0
135,0,123,4.00000000e+03,1,0
135,0,124,0.00000000e+00,142,-1000
135,1,1,1.00000000e+00,1,-1000
135,1,2,3.65000000e+02,141,-1000
135,1,10,8.50000024e-01,142,-1000
135,1,11,1.00000000e+00,142,-1000
135,1,16,3.65000000e+02,141,-1000
135,1,32,4.70587988e+03,1,0
135,1,33,4.00000000e+03,1,0
135,1,36,8.40000000e+02,20,-1302
135,1,37,2.09999990e+00,1,-1302
135,1,39,1.00000000e+00,142,-1300
135,1,41,4.00000000e+01,1,-1300
135,1,42,7.00000000e+01,1,-1300
135,1,47,4.00000000e+01,1,-1300
135,1,48,7.00000000e+01,1,-1300
135,1,60,1.00000000e+00,1,-1300
135,1,75,2.50000000e+02,1,98
135,1,77,1.00000000e+00,1,94
135,1,83,4.00000000e+03,1,0
135,1,84,4.00000000e+03,1,0
135,1,85,4.70587988e+03,1,0
135,1,86,4.70587988e+03,1,0
135,1,88,4.00000000e+03,1,0
135,1,89,4.70587988e+03,1,0
135,1,91,2.20000000e+01,3,999
135,1,93,3.65000000e+02,141,-1209
135,1,94,1.00000000e+00,142,-1202
135,1,98,2.50000000e+02,141,-1300
135,1,99,4.00000000e+03,1,0
135,1,105,7.01333057e+03,141,-1208
135,1,106,4.00000000e+03,1,0
135,1,107,4.00000000e+03,1,0
135,1,108,4.00000000e+03,1,0
135,1,109,4.00000000e+03,1,0
135,1,123,4.00000000e+03,1,0
135,1,124,0.00000000e+00,142,-1000
136,0,1,1.00000000e+00,1,-1000
136,0,2,3.65000000e+02,141,-1000
136,0,10,8.50000024e-01,142,-1000
136,0,11,1.00000000e+00,142,-1000
136,0,16,3.65000000e+02,141,-1000
136,0,36,8.40000000e+02,20,-1302
136,0,37,6.99999988e-01,1,-1302
136,0,39,1.00000000e+00,142,-1300
136,0,41,4.00000000e+01,1,-1300
136,0,42,7.00000000e+01,1,-1300
136,0,47,4.00000000e+01,1,-1300
136,0,48,7.00000000e+01,1,-1300
136,0,60,1.00000000e+00,1,-1300
136,0,75,2.50000000e+02,1,98
136,0,77,1.00000000e+00,1,11
136,0,91,1.00000000e+00,1,-1300
136,0,93,3.65000000e+02,141,-1209
136,0,94,1.00000000e+00,142,-1202
136,0,98,2.50000000e+02,141,-1300
136,0,105,0.00000000e+00,141,-1208
136,0,124,0.00000000e+00,142,-1000
136,1,1,1.00000000e+00,1,-1000
136,1,2,3.65000000e+02,141,-1000
136,1,10,8.50000024e-01,142,-1000
136,1,11,1.00000000e+00,142,-1000
136,1,16,3.65000000e+02,141,-1000
136,1,36,8.40000000e+02,20,-1302
136,1,37,2.09999990e+00,1,-1302
136,1,39,1.00000000e+00,142,-1300
136,1,41,4.00000000e+01,1,-1300
136,1,42,7.00000000e+01,1,-1300
136,1,47,4.00000000e+01,1,-1300
136,1,48,7.00000000e+01,1,-1300
136,1,60,1.00000000e+00,1,-1300
136,1,75,2.50000000e+02,1,98
136,1,77,8.50000024e-01,3,10
136,1,91,2.20000000e+01,3,-1300
136,1,93,3.65000000e+02,141,-1209
136,1,94,1.00000000e+00,142,-1202
136,1,98,2.50000000e+02,141,-1300
136,1,105,0.00000000e+00,141,-1208
136,1,124,0.00000000e+00,142,-1000
137,0,1,1.00000000e+00,1,-1000
137,0,2,3.65000000e+02,141,-1000
137,0,10,8.50000024e-01,142,-1000
137,0,11,1.00000000e+00,142,-1000
137,0,16,3.65000000e+02,141,-1000
137,0,39,1.00000000e+00,142,-1300
137,0,41,4.00000000e+01,1,-1300
137,0,42,7.00000000e+01,1,-1300
137,0,47,4.00000000e+01,1,-1300
137,0,48,7.00000000e+01,1,-1300
137,0,58,3.10000000e+03,20,-1302
137,0,60,1.00000000e+00,1,-1300
137,0,75,2.50000000e+02,1,98
137,0,77,1.00000000e+00,1,94
137,0,91,1.00000000e+00,1,999
137,0,93,3.65000000e+02,141,-1209
137,0,94,1.00000000e+00,142,-1202
137,0,98,2.50000000e+02,141,-1300
137,0,105,6.43171914e+04,141,-1208
137,0,124,0.00000000e+00,142,-1000
137,1,1,1.00000000e+00,1,-1000
137,1,2,3.65000000e+02,141,-1000
137,1,10,8.50000024e-01,142,-1000
137,1,11,1.00000000e+00,142,-1000
137,1,16,3.65000000e+02,141,-1000
137,1,39,1.00000000e+00,142,-1300
137,1,41,4.00000000e+01,1,-1300
137,1,42,7.00000000e+01,1,-1300
137,1,47,4.00000000e+01,1,-1300
137,1,48,7.00000000e+01,1,-1300
137,1,58,3.10000000e+03,20,-1302
137,1,60,1.00000000e+00,1,-1300
137,1,75,2.50000000e+02,1,98
137,1,77,1.00000000e+00,1,94
137,1,91,2.20000000e+01,3,999
137,1,93,3.65000000e+02,141,-1209
137,1,94,1.00000000e+00,142,-1202
137,1,98,2.50000000e+02,141,-1300
137,1,105,6.43171914e+04,141,-1208
137,1,124,0.00000000e+00,142,-1000
138,0,1,1.00000000e+00,1,-1000
138,0,2,3.65000000e+02,141,-1000
138,0,10,8.50000024e-01,142,-1000
138,0,11,1.00000000e+00,142,-1000
138,0,16,3.65000000e+02,141,-1000
138,0,39,1.00000000e+00,142,-1300
138,0,41,4.00000000e+01,1,-1300
138,0,42,7.00000000e+01,1,-1300
138,0,44,1.25000000e+00,1,-1300
138,0,47,4.00000000e+01,1,-1300
138,0,48,7.00000000e+01,1,-1300
138,0,65,0.00000000e+00,21,-1
138,0,70,1.50000000e+01,20,-1302
138,0,71,8.00000000e+00,20,-1302
138,0,75,2.50000000e+02,1,98
138,0,78,1.00000000e+00,1,94
138,0,91,1.00000000e+00,1,-1300
138,0,93,3.65000000e+02,141,-1209
138,0,94,1.00000000e+00,142,-1202
138,0,98,2.50000000e+02,141,-1300
138,0,105,6.43171914e+04,141,-1208
138,0,124,0.00000000e+00,142,-1000
138,1,1,1.00000000e+00,1,-1000
138,1,2,3.65000000e+02,141,-1000
138,1,10,8.50000024e-01,142,-1000
138,1,11,1.00000000e+00,142,-1000
138,1,16,3.65000000e+02,141,-1000
138,1,39,1.00000000e+00,142,-1300
138,1,41,4.00000000e+01,1,-1300
138,1,42,7.00000000e+01,1,-1300
138,1,44,1.25000000e+00,1,-1300
138,1,47,4.00000000e+01,1,-1300
138,1,48,7.00000000e+01,1,-1300
138,1,65,1.50000000e+01,21,-1
138,1,70,1.50000000e+01,20,-1302
138,1,71,8.00000000e+00,20,-1302
138,1,75,2.50000000e+02,1,98
138,1,78,1.00000000e+00,1,94
138,1,91,2.20000000e+01,3,-1300
138,1,93,3.65000000e+02,141,-1209
138,1,94,1.00000000e+00,142,-1202
138,1,98,2.50000000e+02,141,-1300
138,1,105,6.43171914e+04,141,-1208
138,1,124,0.00000000e+00,142,-1000
139,0,1,1.00000000e+00,1,-1000
139,0,2,3.65000000e+02,141,-1000
139,0,10,8.50000024e-01,142,-1000
139,0,11,1.00000000e+00,142,-1000
139,0,16,3.65000000e+02,141,-1000
139,0,32,4.70587988e+03,1,0
139,0,33,4.00000000e+03,1,0
139,0,36,8.40000000e+02,20,-1302
139,0,37,6.99999988e-01,1,-1302
139,0,39,1.00000000e+00,142,-1300
139,0,41,4.00000000e+01,1,-1300
139,0,42,7.00000000e+01,1,-1300
139,0,47,4.00000000e+01,1,-1300
139,0,48,7.00000000e+01,1,-1300
139,0,60,1.00000000e+00,1,-1300
139,0,75,2.50000000e+02,1,98
139,0,77,1.00000000e+00,1,94
139,0,83,4.00000000e+03,1,0
139,0,84,4.00000000e+03,1,0
139,0,85,4.70587988e+03,1,0
139,0,86,4.70587988e+03,1,0
139,0,88,4.00000000e+03,1,0
139,0,89,4.70587988e+03,1,0
139,0,91,2.20000000e+01,1,999
139,0,93,3.65000000e+02,141,-1209
139,0,94,1.00000000e+00,142,-1202
139,0,98,2.50000000e+02,141,-1300
139,0,99,4.00000000e+03,1,0
139,0,105,7.01333057e+03,141,-1208
139,0,106,4.00000000e+03,1,0
139,0,107,4.00000000e+03,1,0
139,0,108,4.00000000e+03,1,0
139,0,109,4.00000000e+03,1,0
139,0,123,4.00000000e+03,1,0
139,0,124,0.00000000e+00,142,-1000
139,1,1,1.00000000e+00,1,-1000
139,1,2,3.65000000e+02,141,-1000
139,1,10,8.50000024e-01,142,-1000
139,1,11,1.00000000e+00,142,-1000
139,1,16,3.65000000e+02,141,-1000
139,1,32,4.70587988e+03,1,0
139,1,33,4.00000000e+03,1,0
139,1,36,8.40000000e+02,20,-1302
139,1,37,2.09999990e+00,1,-1302
139,1,39,1.00000000e+00,142,-1300
139,1,41,4.00000000e+01,1,-1300
139,1,42,7.00000000e+01,1,-1300
139,1,47,4.00000000e+01,1,-1300
139,1,48,7.00000000e+01,1,-1300
139,1,60,1.00000000e+00,1,-1300
139,1,75,2.50000000e+02,1,98
139,1,77,1.00000000e+00,1,94
139,1,83,4.00000000e+03,1,0
139,1,84,4.00000000e+03,1,0
139,1,85,4.70587988e+03,1,0
139,1,86,4.70587988e+03,1,0
139,1,88,4.00000000e+03,1,0
139,1,89,4.70587988e+03,1,0
139,1,91,2.20000000e+01,3,999
139,1,93,3.65000000e+02,141,-1209
139,1,94,1.00000000e+00,142,-1202
139,1,98,2.50000000e+02,141,-1300
139,1,99,4.00000000e+03,1,0
139,1,105,7.01333057e+03,141,-1208
139,1,106,4.00000000e+03,1,0
139,1,107,4.00000000e+03,1,0
139,1,108,4.00000000e+03,1,0
139,1,109,4.00000000e+03,1,0
139,1,123,4.00000000e+03,1,0
139,1,124,0.00000000e+00,142,-1000
140,0,1,1.00000000e+00,1,-1000
140,0,2,3.65000000e+02,141,-1000
140,0,4,1.00000001e-01,1,-1302
140,0,5,2.00000000e+02,1,-1102
140,0,8,2.98000000e+02,1,-1300
140,0,16,3.65000000e+02,141,-1000
140,0,32,4.70587988e+03,1,0
140,0,33,4.00000000e+03,1,0
140,0,40,1.00000000e+00,1,998
140,0,41,4.00000000e+01,1,-1300
140,0,42,7.00000000e+01,1,-1300
140,0,44,1.25000000e+00,1,-1300
140,0,46,9.60730195e-01,1,-1302
140,0,47,4.00000000e+01,1,-1300
140,0,48,7.00000000e+01,1,-1300
140,0,50,2.07283028e-05,21,-1
140,0,51,5.00000000e-01,1,-1302
140,0,53,3.00000000e+03,1,-1302
140,0,63,2.44500008e+01,1,-1300
140,0,65,2.86324676e-02,21,-1
140,0,66,3.50031932e-03,21,-1
140,0,75,2.50000000e+02,1,98
140,0,83,4.00000000e+03,1,0
140,0,84,4.00000000e+03,1,0
140,0,85,4.70587988e+03,1,0
140,0,86,4.70587988e+03,1,0
140,0,88,4.00000000e+03,1,0
140,0,89,4.70587988e+03,1,0
140,0,91,2.20000000e+01,1,-1300
140,0,93,3.65000000e+02,141,-1209
140,0,98,2.50000000e+02,141,-1300
140,0,99,4.00000000e+03,1,0
140,0,105,7.01333057e+03,141,-1208
140,0,106,4.00000000e+03,1,0
140,0,107,4.00000000e+03,1,0
140,0,108,4.00000000e+03,1,0
140,0,109,4.00000000e+03,1,0
140,0,118,1.00000000e+00,143,-1000
140,0,119,1.00000000e+00,143,-1000
140,0,120,1.00000000e+00,143,-1000
140,0,123,4.00000000e+03,1,0
140,1,1,1.00000000e+00,1,-1000
140,1,2,3.65000000e+02,141,-1000
140,1,4,1.00000001e-01,1,-1302
140,1,5,2.00000000e+02,1,-1102
140,1,8,2.98000000e+02,1,-1300
140,1,16,3.65000000e+02,141,-1000
140,1,32,4.70587988e+03,1,0
140,1,33,4.00000000e+03,1,0
140,1,40,1.00000000e+00,1,998
140,1,41,4.00000000e+01,1,-1300
140,1,42,7.00000000e+01,1,-1300
140,1,44,1.25000000e+00,1,-1300
140,1,46,9.60730195e-01,1,-1302
140,1,47,4.00000000e+01,1,-1300
140,1,48,7.00000000e+01,1,-1300
140,1,50,2.07283028e-05,21,-1
140,1,51,1.00000001e-01,1,-1302
140,1,53,5.00000000e+02,1,-1302
140,1,63,2.44500008e+01,1,-1300
140,1,65,8.58974040e-01,21,-1
140,1,66,1.05009578e-01,21,-1
140,1,75,2.50000000e+02,1,98
140,1,83,4.00000000e+03,1,0
140,1,84,4.00000000e+03,1,0
140,1,85,4.70587988e+03,1,0
140,1,86,4.70587988e+03,1,0
140,1,88,4.00000000e+03,1,0
140,1,89,4.70587988e+03,1,0
140,1,91,2.20000000e+01,3,-1300
140,1,93,3.65000000e+02,141,-1209
140,1,98,2.50000000e+02,141,-1300
140,1,99,4.00000000e+03,1,0
140,1,105,7.01333057e+03,141,-1208
140,1,106,4.00000000e+03,1,0
140,1,107,4.00000000e+03,1,0
140,1,108,4.00000000e+03,1,0
140,1,109,4.00000000e+03,1,0
140,1,118,1.00000000e+00,143,-1000
140,1,119,1.00000000e+00,143,-1000
140,1,120,1.00000000e+00,143,-1000
140,1,123,4.00000000e+03,1,0
141,0,1,8.00000000e+00,1,-1000
141,0,2,2.50000000e+02,141,-1000
141,0,10,6.99999988e-01,142,-1000
141,0,11,1.00000000e+00,142,-1000
141,0,16,2.50000000e+02,141,-1000
141,0,32,7.42859985e+02,1,0
141,0,33,5.20000000e+02,1,0
141,0,36,8.40000000e+02,20,-1302
141,0,37,6.99999988e-01,1,-1302
141,0,39,1.00000000e+00,142,-1300
141,0,41,4.00000000e+01,1,-1300
141,0,42,7.00000000e+01,1,-1300
141,0,47,4.00000000e+01,1,-1300
141,0,48,7.00000000e+01,1,-1300
141,0,60,1.00000000e+00,1,-1300
141,0,75,2.50000000e+02,1,93
141,0,77,1.00000000e+00,1,94
141,0,83,5.20000000e+02,1,0
141,0,84,5.20000000e+02,1,0
141,0,85,7.42859985e+02,1,0
141,0,86,7.42859985e+02,1,0
141,0,88,5.20000000e+02,1,0
141,0,89,7.42859985e+02,1,0
141,0,91,3.90000000e+01,3,999
141,0,93,2.50000000e+02,141,-1209
141,0,94,1.00000000e+00,142,-1202
141,0,98,2.50000000e+02,141,-1300
141,0,99,5.20000000e+02,1,0
141,0,105,6.00456360e+02,141,-1208
141,0,106,5.20000000e+02,1,0
141,0,107,5.20000000e+02,1,0
141,0,108,5.20000000e+02,1,0
141,0,109,5.20000000e+02,1,0
141,0,123,5.20000000e+02,1,0
141,0,124,0.00000000e+00,142,-1000
141,1,1,8.00000000e+00,1,-1000
141,1,2,2.50000000e+02,141,-1000
141,1,10,6.99999988e-01,142,-1000
141,1,11,1.00000000e+00,142,-1000
141,1,16,2.50000000e+02,141,-1000
141,1,32,7.42859985e+02,1,0
141,1,33,5.20000000e+02,1,0
141,1,36,8.40000000e+02,20,-1302
141,1,37,2.09999990e+00,1,-1302
141,1,39,1.00000000e+00,142,-1300
141,1,41,4.00000000e+01,1,-1300
141,1,42,7.00000000e+01,1,-1300
141,1,47,4.00000000e+01,1,-1300
141,1,48,7.00000000e+01,1,-1300
141,1,60,1.00000000e+00,1,-1300
141,1,75,2.50000000e+02,1,93
141,1,77,1.00000000e+00,1,94
141,1,83,5.20000000e+02,1,0
141,1,84,5.20000000e+02,1,0
141,1,85,7.42859985e+02,1,0
141,1,86,7.42859985e+02,1,0
141,1,88,5.20000000e+02,1,0
141,1,89,7.42859985e+02,1,0
141,1,91,3.90000000e+01,3,999
141,1,93,2.50000000e+02,141,-1209
141,1,94,1.00000000e+00,142,-1202
141,1,98,2.50000000e+02,141,-1300
141,1,99,5.20000000e+02,1,0
141,1,105,6.00456360e+02,141,-1208
141,1,106,5.20000000e+02,1,0
141,1,107,5.20000000e+02,1,0
141,1,108,5.20000000e+02,1,0
141,1,109,5.20000000e+02,1,0
141,1,123,5.20000000e+02,1,0
141,1,124,0.00000000e+00,142,-1000
142,0,1,8.00000000e+00,1,-1000
142,0,2,2.50000000e+02,141,-1000
142,0,10,6.99999988e-01,142,-1000
142,0,11,1.00000000e+00,142,-1000
142,0,16,2.50000000e+02,141,-1000
142,0,36,1.07000000e+03,20,-1302
142,0,37,6.99999988e-01,1,-1302
142,0,39,1.00000000e+00,142,-1300
142,0,41,4.00000000e+01,1,-1300
142,0,42,7.00000000e+01,1,-1300
142,0,47,4.00000000e+01,1,-1300
142,0,48,7.00000000e+01,1,-1300
142,0,60,1.00000000e+00,1,-1300
142,0,75,2.50000000e+02,1,93
142,0,77,6.99999988e-01,1,94
142,0,91,1.00000000e+00,1,-1300
142,0,93,2.50000000e+02,141,-1209
142,0,94,6.99999988e-01,142,-1202
142,0,98,2.50000000e+02,141,-1300
142,0,105,8.57794739e+02,141,-1208
142,0,124,0.00000000e+00,142,-1000
142,1,1,8.00000000e+00,1,-1000
142,1,2,2.50000000e+02,141,-1000
142,1,10,6.99999988e-01,142,-1000
142,1,11,1.00000000e+00,142,-1000
142,1,16,2.50000000e+02,141,-1000
142,1,36,1.07000000e+03,20,-1302
142,1,37,2.09999990e+00,1,-1302
142,1,39,1.00000000e+00,142,-1300
142,1,41,4.00000000e+01,1,-1300
142,1,42,7.00000000e+01,1,-1300
142,1,47,4.00000000e+01,1,-1300
142,1,48,7.00000000e+01,1,-1300
142,1,60,1.00000000e+00,1,-1300
142,1,75,2.50000000e+02,1,93
142,1,77,6.99999988e-01,1,94
142,1,91,3.90000000e+01,3,-1300
142,1,93,2.50000000e+02,141,-1209
142,1,94,6.99999988e-01,142,-1202
142,1,98,2.50000000e+02,141,-1300
142,1,105,8.57794739e+02,141,-1208
142,1,124,0.00000000e+00,142,-1000
143,0,1,8.00000000e+00,1,-1000
143,0,2,2.50000000e+02,141,-1000
143,0,10,6.99999988e-01,142,-1000
143,0,11,1.00000000e+00,142,-1000
143,0,16,2.50000000e+02,141,-1000
143,0,32,7.42859985e+02,1,0
143,0,33,5.20000000e+02,1,0
143,0,39,1.00000000e+00,142,-1300
143,0,41,4.00000000e+01,1,-1300
143,0,42,7.00000000e+01,1,-1300
143,0,47,4.00000000e+01,1,-1300
143,0,48,7.00000000e+01,1,-1300
143,0,58,3.10000000e+03,20,-1302
143,0,60,1.00000000e+00,1,-1300
143,0,75,2.50000000e+02,1,93
143,0,77,1.00000000e+00,1,94
143,0,83,5.20000000e+02,1,0
143,0,84,5.20000000e+02,1,0
143,0,85,7.42859985e+02,1,0
143,0,86,7.42859985e+02,1,0
143,0,88,5.20000000e+02,1,0
143,0,89,7.42859985e+02,1,0
143,0,91,1.00000000e+00,1,-1300
143,0,93,2.50000000e+02,141,-1209
143,0,94,1.00000000e+00,142,-1202
143,0,98,2.50000000e+02,141,-1300
143,0,99,5.20000000e+02,1,0
143,0,105,5.43478271e+03,141,-1208
143,0,106,5.20000000e+02,1,0
143,0,107,5.20000000e+02,1,0
143,0,108,5.20000000e+02,1,0
143,0,109,5.20000000e+02,1,0
143,0,123,5.20000000e+02,1,0
143,0,124,0.00000000e+00,142,-1000
143,1,1,8.00000000e+00,1,-1000
143,1,2,2.50000000e+02,141,-1000
143,1,10,6.99999988e-01,142,-1000
143,1,11,1.00000000e+00,142,-1000
143,1,16,2.50000000e+02,141,-1000
143,1,32,7.42859985e+02,1,0
143,1,33,5.20000000e+02,1,0
143,1,39,1.00000000e+00,142,-1300
143,1,41,4.00000000e+01,1,-1300
143,1,42,7.00000000e+01,1,-1300
143,1,47,4.00000000e+01,1,-1300
143,1,48,7.00000000e+01,1,-1300
143,1,58,3.10000000e+03,20,-1302
143,1,60,1.00000000e+00,1,-1300
143,1,75,2.50000000e+02,1,93
143,1,77,1.00000000e+00,1,94
143,1,83,5.20000000e+02,1,0
143,1,84,5.20000000e+02,1,0
143,1,85,7.42859985e+02,1,0
143,1,86,7.42859985e+02,1,0
143,1,88,5.20000000e+02,1,0
143,1,89,7.42859985e+02,1,0
143,1,91,3.90000000e+01,3,-1300
143,1,93,2.50000000e+02,141,-1209
143,1,94,1.00000000e+00,142,-1202
143,1,98,2.50000000e+02,141,-1300
143,1,99,5.20000000e+02,1,0
143,1,105,5.43478271e+03,141,-1208
143,1,106,5.20000000e+02,1,0
143,1,107,5.20000000e+02,1,0
143,1,108,5.20000000e+02,1,0
143,1,109,5.20000000e+02,1,0
143,1,123,5.20000000e+02,1,0
143,1,124,0.00000000e+00,142,-1000
144,0,1,8.00000000e+00,1,-1000
144,0,2,2.50000000e+02,141,-1000
130,1,75,2.50000000e+02,1,2
130,1,77,9.99999978e-03,3,10
130,1,91,9.00000000e+01,3,-1300
130,1,93,2.50000000e+02,141,-1209
130,1,94,1.00000001e-01,142,-1202
130,1,98,2.50000000e+02,141,-1300
130,1,105,0.00000000e+00,141,-1208
130,1,124,0.00000000e+00,142,-1000
131,0,1,1.00000000e+00,1,-1000
131,0,2,2.50000000e+02,141,-1000
131,0,5,2.00000000e+02,1,-1102
131,0,10,9.99999978e-03,142,-1000
131,0,11,1.00000001e-01,142,-1000
131,0,16,2.50000000e+02,141,-1000
131,0,32,1.80000000e+05,1,0
131,0,33,1.80000000e+03,1,0
131,0,39,1.00000000e+00,142,-1300
131,0,41,4.00000000e+01,1,-1300
131,0,42,7.00000000e+01,1,-1300
131,0,44,1.25000000e+00,1,-1300
131,0,46,1.00000000e+00,1,-1302
131,0,47,4.00000000e+01,1,-1300
131,0,48,7.00000000e+01,1,-1300
131,0,54,0.00000000e+00,2,0
131,0,63,2.44500008e+01,1,-1300
131,0,64,0.00000000e+00,1,-1300
131,0,67,0.00000000e+00,1,999
131,0,75,2.50000000e+02,1,2
131,0,78,1.00000000e+00,1,39
131,0,83,1.80000000e+04,1,0
131,0,84,1.80000000e+04,1,0
131,0,85,1.80000000e+05,1,0
131,0,86,1.80000000e+05,1,0
131,0,88,1.80000000e+04,1,0
131,0,89,1.80000000e+05,1,0
131,0,91,1.00000000e+00,1,-1300
131,0,93,2.50000000e+02,141,-1209
131,0,94,1.00000001e-01,142,-1202
131,0,98,2.50000000e+02,141,-1300
131,0,99,1.80000000e+04,1,0
131,0,105,0.00000000e+00,141,-1208
131,0,106,1.80000000e+03,1,0
131,0,107,1.80000000e+03,1,0
131,0,108,1.80000000e+03,1,0
131,0,109,1.80000000e+03,1,0
131,0,123,1.80000000e+03,1,0
131,0,124,0.00000000e+00,142,-1000
131,1,1,1.00000000e+00,1,-1000
131,1,2,2.50000000e+02,141,-1000
131,1,5,2.00000000e+02,1,-1102
131,1,10,9.99999978e-03,142,-1000
131,1,11,1.00000001e-01,142,-1000
131,1,16,2.50000000e+02,141,-1000
131,1,32,1.80000000e+05,1,0
131,1,33,1.80000000e+03,1,0
131,1,39,1.00000000e+00,142,-1300
131,1,41,4.00000000e+01,1,-1300
131,1,42,7.00000000e+01,1,-1300
131,1,44,1.25000000e+00,1,-1300
131,1,46,8.00000000e+00,3,-1302
131,1,47,4.00000000e+01,1,-1300
131,1,48,7.00000000e+01,1,-1300
131,1,54,1.00000000e+00,2,0
131,1,63,2.44500008e+01,1,-1300
131,1,64,6.89999983e-02,3,-1300
131,1,67,0.00000000e+00,1,999
131,1,75,2.50000000e+02,1,2
131,1,78,9.99999978e-03,3,10
131,1,83,1.80000000e+04,1,0
131,1,84,1.80000000e+04,1,0
131,1,85,1.80000000e+05,1,0
131,1,86,1.80000000e+05,1,0
131,1,88,1.80000000e+04,1,0
131,1,89,1.80000000e+05,1,0
131,1,91,9.00000000e+01,3,-1300
131,1,93,2.50000000e+02,141,-1209
131,1,94,1.00000001e-01,142,-1202
131,1,98,2.50000000e+02,141,-1300
131,1,99,1.80000000e+04,1,0
131,1,105,0.00000000e+00,141,-1208
131,1,106,1.80000000e+03,1,0
131,1,107,1.80000000e+03,1,0
131,1,108,1.80000000e+03,1,0
131,1,109,1.80000000e+03,1,0
131,1,123,1.80000000e+03,1,0
131,1,124,0.00000000e+00,142,-1000
132,0,1,1.00000000e+00,1,-1000
132,0,2,2.50000000e+02,141,-1000
132,0,10,9.99999978e-03,142,-1000
132,0,11,1.00000001e-01,142,-1000
132,0,16,2.50000000e+02,141,-1000
132,0,32,1.80000000e+05,1,0
132,0,33,1.80000000e+03,1,0
132,0,39,1.00000000e+00,142,-1300
132,0,41,4.00000000e+01,1,-1300
132,0,42,7.00000000e+01,1,-1300
132,0,44,1.25000000e+00,1,-1300
132,0,46,8.00000000e+00,1,-1302
132,0,47,4.00000000e+01,1,-1300
132,0,48,7.00000000e+01,1,-1300
132,0,57,1.00000000e+00,1,-1302
132,0,59,9.99999978e-03,1,10
132,0,65,1.59999996e-03,21,-1
132,0,68,2.50000000e-01,1,-1302
132,0,75,2.50000000e+02,1,2
132,0,83,1.80000000e+04,1,0
132,0,84,1.80000000e+04,1,0
132,0,85,1.80000000e+05,1,0
132,0,86,1.80000000e+05,1,0
132,0,88,1.80000000e+04,1,0
132,0,89,1.80000000e+05,1,0
132,0,91,9.00000000e+01,3,-1300
132,0,93,2.50000000e+02,141,-1209
132,0,94,1.00000001e-01,142,-1202
132,0,98,2.50000000e+02,141,-1300
132,0,99,1.80000000e+04,1,0
132,0,105,0.00000000e+00,141,-1208
132,0,106,1.80000000e+03,1,0
132,0,107,1.80000000e+03,1,0
132,0,108,1.80000000e+03,1,0
132,0,109,1.80000000e+03,1,0
132,0,113,3.99999991e-02,1,1300
132,0,123,1.80000000e+03,1,0
132,0,124,0.00000000e+00,142,-1000
132,1,1,1.00000000e+00,1,-1000
132,1,2,2.50000000e+02,141,-1000
132,1,10,9.99999978e-03,142,-1000
132,1,11,1.00000001e-01,142,-1000
132,1,16,2.50000000e+02,141,-1000
132,1,32,1.80000000e+05,1,0
132,1,33,1.80000000e+03,1,0
132,1,39,1.00000000e+00,142,-1300
132,1,41,4.00000000e+01,1,-1300
132,1,42,7.00000000e+01,1,-1300
132,1,44,1.25000000e+00,1,-1300
132,1,46,8.00000000e+00,1,-1302
132,1,47,4.00000000e+01,1,-1300
132,1,48,7.00000000e+01,1,-1300
132,1,57,2.00000000e+00,1,-1302
132,1,59,9.99999978e-03,1,10
132,1,65,1.03999991e-02,21,-1
132,1,68,2.50000000e-01,1,-1302
132,1,75,2.50000000e+02,1,2
132,1,83,1.80000000e+04,1,0
132,1,84,1.80000000e+04,1,0
132,1,85,1.80000000e+05,1,0
132,1,86,1.80000000e+05,1,0
132,1,88,1.80000000e+04,1,0
132,1,89,1.80000000e+05,1,0
132,1,91,9.00000000e+01,3,-1300
132,1,93,2.50000000e+02,141,-1209
132,1,94,1.00000001e-01,142,-1202
132,1,98,2.50000000e+02,141,-1300
132,1,99,1.80000000e+04,1,0
132,1,105,0.00000000e+00,141,-1208
132,1,106,1.80000000e+03,1,0
132,1,107,1.80000000e+03,1,0
132,1,108,1.80000000e+03,1,0
132,1,109,1.80000000e+03,1,0
132,1,113,3.99999991e-02,1,1300
132,1,123,1.80000000e+03,1,0
132,1,124,0.00000000e+00,142,-1000
133,0,1,1.00000000e+00,1,-1000
133,0,2,2.50000000e+02,141,-1000
133,0,10,9.99999978e-03,142,-1000
133,0,11,1.00000001e-01,142,-1000
133,0,16,2.50000000e+02,141,-1000
133,0,39,1.00000000e+00,142,-1300
133,0,41,4.00000000e+01,1,-1300
133,0,42,7.00000000e+01,1,-1300
133,0,47,4.00000000e+01,1,-1300
133,0,48,7.00000000e+01,1,-1300
133,0,58,3.10000000e+03,20,-1302
133,0,60,1.00000000e+00,1,-1300
133,0,75,2.50000000e+02,1,93
133,0,77,1.00000001e-01,1,94
133,0,91,1.00000000e+00,1,999
133,0,93,2.50000000e+02,141,-1209
133,0,94,1.00000001e-01,142,-1202
133,0,98,2.50000000e+02,141,-1300
133,0,105,2.16159102e+04,141,-1208
133,0,124,0.00000000e+00,142,-1000
133,1,1,1.00000000e+00,1,-1000
133,1,2,2.50000000e+02,141,-1000
133,1,10,9.99999978e-03,142,-1000
133,1,11,1.00000001e-01,142,-1000
133,1,16,2.50000000e+02,141,-1000
133,1,39,1.00000000e+00,142,-1300
133,1,41,4.00000000e+01,1,-1300
133,1,42,7.00000000e+01,1,-1300
133,1,47,4.00000000e+01,1,-1300
133,1,48,7.00000000e+01,1,-1300
133,1,58,3.10000000e+03,20,-1302
133,1,60,1.00000000e+00,1,-1300
162,1,86,0.00000000e+00,1,0
162,1,88,5.19000015e+01,1,0
162,1,89,0.00000000e+00,1,0
162,1,91,9.00000000e+01,3,999
162,1,93,2.60000000e+02,141,-1209
162,1,98,2.50000000e+02,141,-1300
162,1,99,5.19000015e+01,1,0
162,1,105,6.56236420e+01,141,-1208
162,1,106,0.00000000e+00,1,0
162,1,107,3.16590004e+01,1,0
162,1,108,0.00000000e+00,1,0
162,1,109,3.16590004e+01,1,0
162,1,118,1.00000000e+00,143,-1000
162,1,119,1.00000000e+00,143,-1000
162,1,120,1.00000000e+00,143,-1000
162,1,123,0.00000000e+00,1,0
163,0,1,1.20000000e+01,1,-1000
163,0,2,2.60000000e+02,141,-1000
163,0,10,0.00000000e+00,142,-1000
163,0,11,6.10000014e-01,142,-1000
163,0,16,2.60000000e+02,141,-1000
163,0,32,0.00000000e+00,1,0
163,0,33,3.16590004e+01,1,0
163,0,36,8.40000000e+02,20,-1302
163,0,37,1.29999995e+00,1,-1302
163,0,39,1.00000000e+00,142,-1300
163,0,41,4.00000000e+01,1,-1300
163,0,42,7.00000000e+01,1,-1300
163,0,47,4.00000000e+01,1,-1300
163,0,48,7.00000000e+01,1,-1300
163,0,60,1.00000000e+00,1,-1300
163,0,75,2.50000000e+02,1,98
163,0,77,6.10000014e-01,1,11
163,0,83,5.19000015e+01,1,0
163,0,84,5.19000015e+01,1,0
163,0,85,0.00000000e+00,1,0
163,0,86,0.00000000e+00,1,0
163,0,88,5.19000015e+01,1,0
163,0,89,0.00000000e+00,1,0
163,0,91,1.70000000e+01,1,999
163,0,93,2.60000000e+02,141,-1209
163,0,94,6.10000014e-01,142,-1202
163,0,98,2.50000000e+02,141,-1300
163,0,99,5.19000015e+01,1,0
163,0,105,0.00000000e+00,141,-1208
163,0,106,0.00000000e+00,1,0
163,0,107,3.16590004e+01,1,0
163,0,108,0.00000000e+00,1,0
163,0,109,3.16590004e+01,1,0
163,0,123,0.00000000e+00,1,0
163,0,124,0.00000000e+00,142,-1000
163,1,1,1.20000000e+01,1,-1000
163,1,2,2.60000000e+02,141,-1000
163,1,10,0.00000000e+00,142,-1000
163,1,11,6.10000014e-01,142,-1000
163,1,16,2.60000000e+02,141,-1000
163,1,32,0.00000000e+00,1,0
163,1,33,3.16590004e+01,1,0
163,1,36,8.40000000e+02,20,-1302
163,1,37,1.03000002e+01,1,-1302
163,1,39,1.00000000e+00,142,-1300
163,1,41,4.00000000e+01,1,-1300
163,1,42,7.00000000e+01,1,-1300
163,1,47,4.00000000e+01,1,-1300
163,1,48,7.00000000e+01,1,-1300
163,1,60,1.00000000e+00,1,-1300
163,1,75,2.50000000e+02,1,98
163,1,77,6.10000014e-01,1,11
163,1,83,5.19000015e+01,1,0
163,1,84,5.19000015e+01,1,0
163,1,85,0.00000000e+00,1,0
163,1,86,0.00000000e+00,1,0
163,1,88,5.19000015e+01,1,0
163,1,89,0.00000000e+00,1,0
163,1,91,9.00000000e+01,3,999
163,1,93,2.60000000e+02,141,-1209
163,1,94,6.10000014e-01,142,-1202
163,1,98,2.50000000e+02,141,-1300
163,1,99,5.19000015e+01,1,0
163,1,105,0.00000000e+00,141,-1208
163,1,106,0.00000000e+00,1,0
163,1,107,3.16590004e+01,1,0
163,1,108,0.00000000e+00,1,0
163,1,109,3.16590004e+01,1,0
163,1,123,0.00000000e+00,1,0
163,1,124,0.00000000e+00,142,-1000
164,0,1,1.20000000e+01,1,-1000
164,0,2,2.60000000e+02,141,-1000
164,0,10,0.00000000e+00,142,-1000
164,0,11,6.10000014e-01,142,-1000
164,0,16,2.60000000e+02,141,-1000
164,0,32,0.00000000e+00,1,0
164,0,33,3.16590004e+01,1,0
164,0,39,1.00000000e+00,142,-1300
164,0,41,4.00000000e+01,1,-1300
164,0,42,7.00000000e+01,1,-1300
164,0,44,1.25000000e+00,1,-1300
164,0,46,8.00000000e+00,1,-1302
164,0,47,4.00000000e+01,1,-1300
164,0,48,7.00000000e+01,1,-1300
164,0,57,2.00000000e+00,1,-1302
164,0,59,0.00000000e+00,1,10
164,0,65,0.00000000e+00,21,-1
164,0,68,2.50000000e-01,1,-1302
164,0,75,2.50000000e+02,1,98
164,0,83,5.19000015e+01,1,0
164,0,84,5.19000015e+01,1,0
164,0,85,0.00000000e+00,1,0
164,0,86,0.00000000e+00,1,0
164,0,88,5.19000015e+01,1,0
164,0,89,0.00000000e+00,1,0
164,0,91,1.70000000e+01,1,-1300
164,0,93,2.60000000e+02,141,-1209
164,0,94,6.10000014e-01,142,-1202
164,0,98,2.50000000e+02,141,-1300
164,0,99,5.19000015e+01,1,0
164,0,105,0.00000000e+00,141,-1208
164,0,106,0.00000000e+00,1,0
164,0,107,3.16590004e+01,1,0
164,0,108,0.00000000e+00,1,0
164,0,109,3.16590004e+01,1,0
164,0,113,0.00000000e+00,1,-1300
164,0,123,0.00000000e+00,1,0
164,0,124,0.00000000e+00,142,-1000
164,1,1,1.20000000e+01,1,-1000
164,1,2,2.60000000e+02,141,-1000
164,1,10,0.00000000e+00,142,-1000
164,1,11,6.10000014e-01,142,-1000
164,1,16,2.60000000e+02,141,-1000
164,1,32,0.00000000e+00,1,0
164,1,33,3.16590004e+01,1,0
164,1,39,1.00000000e+00,142,-1300
164,1,41,4.00000000e+01,1,-1300
164,1,42,7.00000000e+01,1,-1300
164,1,44,1.25000000e+00,1,-1300
164,1,46,8.00000000e+00,1,-1302
164,1,47,4.00000000e+01,1,-1300
164,1,48,7.00000000e+01,1,-1300
164,1,57,2.00000000e+00,1,-1302
164,1,59,6.10000014e-01,3,11
164,1,65,2.29999995e+00,21,-1
164,1,68,2.50000000e-01,1,-1302
164,1,75,2.50000000e+02,1,98
164,1,83,5.19000015e+01,1,0
164,1,84,5.19000015e+01,1,0
164,1,85,0.00000000e+00,1,0
164,1,86,0.00000000e+00,1,0
164,1,88,5.19000015e+01,1,0
164,1,89,0.00000000e+00,1,0
164,1,91,9.00000000e+01,3,-1300
164,1,93,2.60000000e+02,141,-1209
164,1,94,6.10000014e-01,142,-1202
164,1,98,2.50000000e+02,141,-1300
164,1,99,5.19000015e+01,1,0
164,1,105,0.00000000e+00,141,-1208
164,1,106,0.00000000e+00,1,0
164,1,107,3.16590004e+01,1,0
164,1,108,0.00000000e+00,1,0
164,1,109,3.16590004e+01,1,0
164,1,113,1.00000000e+00,1,-1300
164,1,123,0.00000000e+00,1,0
164,1,124,0.00000000e+00,142,-1000
165,0,1,1.00000000e+00,1,-1000
165,0,2,2.47000000e+02,141,-1000
165,0,10,3.50000001e-02,142,-1000
165,0,11,3.49999994e-01,142,-1000
165,0,16,2.47000000e+02,141,-1000
165,0,32,1.14199997e+02,1,0
165,0,33,3.99699998e+00,1,0
165,0,36,8.40000000e+02,20,-1302
165,0,37,6.99999988e-01,1,-1302
165,0,39,1.00000000e+00,142,-1300
165,0,41,4.00000000e+01,1,-1300
165,0,42,7.00000000e+01,1,-1300
165,0,47,4.00000000e+01,1,-1300
165,0,48,7.00000000e+01,1,-1300
165,0,60,1.00000000e+00,1,-1300
165,0,75,2.47000000e+02,1,93
165,0,77,3.49999994e-01,1,94
165,0,83,1.14200001e+01,1,0
165,0,84,1.14200001e+01,1,0
165,0,85,1.14199997e+02,1,0
165,0,86,1.14199997e+02,1,0
165,0,88,1.14200001e+01,1,0
165,0,89,1.14199997e+02,1,0
165,0,91,2.00000000e+00,3,-1300
165,0,93,2.47000000e+02,141,-1209
165,0,94,3.49999994e-01,142,-1202
165,0,98,2.50000000e+02,141,-1300
165,0,99,1.14200001e+01,1,0
165,0,105,1.35462952e+01,141,-1208
165,0,106,3.99699998e+00,1,0
165,0,107,3.99699998e+00,1,0
165,0,108,3.99699998e+00,1,0
144,0,10,6.99999988e-01,142,-1000
144,0,11,1.00000000e+00,142,-1000
144,0,16,2.50000000e+02,141,-1000
144,0,32,7.42859985e+02,1,0
144,0,33,5.20000000e+02,1,0
144,0,39,1.00000000e+00,142,-1300
144,0,41,4.00000000e+01,1,-1300
144,0,42,7.00000000e+01,1,-1300
144,0,44,1.25000000e+00,1,-1300
144,0,47,4.00000000e+01,1,-1300
144,0,48,7.00000000e+01,1,-1300
144,0,65,0.00000000e+00,21,-1
144,0,70,1.50000000e+01,20,-1302
144,0,71,8.00000000e+00,20,-1302
144,0,75,2.50000000e+02,1,93
144,0,78,1.00000000e+00,1,94
144,0,83,5.20000000e+02,1,0
144,0,84,5.20000000e+02,1,0
144,0,85,7.42859985e+02,1,0
144,0,86,7.42859985e+02,1,0
144,0,88,5.20000000e+02,1,0
144,0,89,7.42859985e+02,1,0
144,0,91,1.00000000e+00,1,999
144,0,93,2.50000000e+02,141,-1209
144,0,94,1.00000000e+00,142,-1202
144,0,98,2.50000000e+02,141,-1300
144,0,99,5.20000000e+02,1,0
144,0,105,5.43478271e+03,141,-1208
144,0,106,5.20000000e+02,1,0
144,0,107,5.20000000e+02,1,0
144,0,108,5.20000000e+02,1,0
144,0,109,5.20000000e+02,1,0
144,0,123,5.20000000e+02,1,0
144,0,124,0.00000000e+00,142,-1000
144,1,1,8.00000000e+00,1,-1000
144,1,2,2.50000000e+02,141,-1000
144,1,10,6.99999988e-01,142,-1000
144,1,11,1.00000000e+00,142,-1000
144,1,16,2.50000000e+02,141,-1000
144,1,32,7.42859985e+02,1,0
144,1,33,5.20000000e+02,1,0
144,1,39,1.00000000e+00,142,-1300
144,1,41,4.00000000e+01,1,-1300
144,1,42,7.00000000e+01,1,-1300
144,1,44,1.25000000e+00,1,-1300
144,1,47,4.00000000e+01,1,-1300
144,1,48,7.00000000e+01,1,-1300
144,1,65,1.50000000e+01,21,-1
144,1,70,1.50000000e+01,20,-1302
144,1,71,8.00000000e+00,20,-1302
144,1,75,2.50000000e+02,1,93
144,1,78,1.00000000e+00,1,94
144,1,83,5.20000000e+02,1,0
144,1,84,5.20000000e+02,1,0
144,1,85,7.42859985e+02,1,0
144,1,86,7.42859985e+02,1,0
144,1,88,5.20000000e+02,1,0
144,1,89,7.42859985e+02,1,0
144,1,91,3.90000000e+01,3,999
144,1,93,2.50000000e+02,141,-1209
144,1,94,1.00000000e+00,142,-1202
144,1,98,2.50000000e+02,141,-1300
144,1,99,5.20000000e+02,1,0
144,1,105,5.43478271e+03,141,-1208
144,1,106,5.20000000e+02,1,0
144,1,107,5.20000000e+02,1,0
144,1,108,5.20000000e+02,1,0
144,1,109,5.20000000e+02,1,0
144,1,123,5.20000000e+02,1,0
144,1,124,0.00000000e+00,142,-1000
145,0,1,8.00000000e+00,1,-1000
145,0,2,2.50000000e+02,141,-1000
145,0,10,6.99999988e-01,142,-1000
145,0,11,1.00000000e+00,142,-1000
145,0,16,2.50000000e+02,141,-1000
145,0,32,7.42859985e+02,1,0
145,0,33,5.20000000e+02,1,0
145,0,36,8.40000000e+02,20,-1302
145,0,37,6.99999988e-01,1,-1302
145,0,39,1.00000000e+00,142,-1300
145,0,41,4.00000000e+01,1,-1300
145,0,42,7.00000000e+01,1,-1300
145,0,47,4.00000000e+01,1,-1300
145,0,48,7.00000000e+01,1,-1300
145,0,60,1.00000000e+00,1,-1300
145,0,75,2.50000000e+02,1,93
145,0,77,1.00000000e+00,1,94
145,0,83,5.20000000e+02,1,0
145,0,84,5.20000000e+02,1,0
145,0,85,7.42859985e+02,1,0
145,0,86,7.42859985e+02,1,0
145,0,88,5.20000000e+02,1,0
145,0,89,7.42859985e+02,1,0
145,0,91,3.90000000e+01,3,999
145,0,93,2.50000000e+02,141,-1209
145,0,94,1.00000000e+00,142,-1202
145,0,98,2.50000000e+02,141,-1300
145,0,99,5.20000000e+02,1,0
145,0,105,6.00456360e+02,141,-1208
145,0,106,5.20000000e+02,1,0
145,0,107,5.20000000e+02,1,0
145,0,108,5.20000000e+02,1,0
145,0,109,5.20000000e+02,1,0
145,0,123,5.20000000e+02,1,0
145,0,124,0.00000000e+00,142,-1000
145,1,1,8.00000000e+00,1,-1000
145,1,2,2.50000000e+02,141,-1000
145,1,10,6.99999988e-01,142,-1000
145,1,11,1.00000000e+00,142,-1000
145,1,16,2.50000000e+02,141,-1000
145,1,32,7.42859985e+02,1,0
145,1,33,5.20000000e+02,1,0
145,1,36,8.40000000e+02,20,-1302
145,1,37,2.09999990e+00,1,-1302
145,1,39,1.00000000e+00,142,-1300
145,1,41,4.00000000e+01,1,-1300
145,1,42,7.00000000e+01,1,-1300
145,1,47,4.00000000e+01,1,-1300
145,1,48,7.00000000e+01,1,-1300
145,1,60,1.00000000e+00,1,-1300
145,1,75,2.50000000e+02,1,93
145,1,77,1.00000000e+00,1,94
145,1,83,5.20000000e+02,1,0
145,1,84,5.20000000e+02,1,0
145,1,85,7.42859985e+02,1,0
145,1,86,7.42859985e+02,1,0
145,1,88,5.20000000e+02,1,0
145,1,89,7.42859985e+02,1,0
145,1,91,3.90000000e+01,3,999
145,1,93,2.50000000e+02,141,-1209
145,1,94,1.00000000e+00,142,-1202
145,1,98,2.50000000e+02,141,-1300
145,1,99,5.20000000e+02,1,0
145,1,105,6.00456360e+02,141,-1208
145,1,106,5.20000000e+02,1,0
145,1,107,5.20000000e+02,1,0
145,1,108,5.20000000e+02,1,0
145,1,109,5.20000000e+02,1,0
145,1,123,5.20000000e+02,1,0
145,1,124,0.00000000e+00,142,-1000
146,0,1,8.00000000e+00,1,-1000
146,0,2,2.50000000e+02,141,-1000
146,0,4,1.00000001e-01,1,-1302
146,0,5,2.00000000e+02,1,-1102
146,0,8,2.98000000e+02,1,-1300
146,0,16,2.50000000e+02,141,-1000
146,0,32,7.42859985e+02,1,0
146,0,33,5.20000000e+02,1,0
146,0,40,1.00000000e+00,1,998
146,0,41,4.00000000e+01,1,-1300
146,0,42,7.00000000e+01,1,-1300
146,0,44,1.25000000e+00,1,-1300
146,0,46,1.20091297e-01,1,-1302
146,0,47,4.00000000e+01,1,-1300
146,0,48,7.00000000e+01,1,-1300
146,0,50,2.07282992e-05,21,-1
146,0,51,5.00000000e-01,1,-1302
146,0,53,3.00000000e+03,1,-1302
146,0,63,2.44500008e+01,1,-1300
146,0,65,2.86324639e-02,21,-1
146,0,66,3.50031885e-03,21,-1
146,0,75,2.50000000e+02,1,998
146,0,83,5.20000000e+02,1,0
146,0,84,5.20000000e+02,1,0
146,0,85,7.42859985e+02,1,0
146,0,86,7.42859985e+02,1,0
146,0,88,5.20000000e+02,1,0
146,0,89,7.42859985e+02,1,0
146,0,91,3.90000000e+01,3,-1300
146,0,93,2.50000000e+02,141,-1209
146,0,98,2.50000000e+02,141,-1300
146,0,99,5.20000000e+02,1,0
146,0,105,6.00456360e+02,141,-1208
146,0,106,5.20000000e+02,1,0
146,0,107,5.20000000e+02,1,0
146,0,108,5.20000000e+02,1,0
146,0,109,5.20000000e+02,1,0
146,0,118,1.00000000e+00,143,-1000
146,0,119,1.00000000e+00,143,-1000
146,0,120,1.00000000e+00,143,-1000
146,0,123,5.20000000e+02,1,0
146,1,1,8.00000000e+00,1,-1000
146,1,2,2.50000000e+02,141,-1000
146,1,4,1.00000001e-01,1,-1302
146,1,5,2.00000000e+02,1,-1102
146,1,8,2.98000000e+02,1,-1300
146,1,16,2.50000000e+02,141,-1000
146,1,32,7.42859985e+02,1,0
146,1,33,5.20000000e+02,1,0
146,1,40,1.00000000e+00,1,998
146,1,41,4.00000000e+01,1,-1300
146,1,42,7.00000000e+01,1,-1300
146,1,44,1.25000000e+00,1,-1300
146,1,46,1.20091297e-01,1,-1302
165,0,109,3.99699998e+00,1,0
165,0,123,3.99699998e+00,1,0
165,0,124,0.00000000e+00,142,-1000
165,1,1,1.00000000e+00,1,-1000
165,1,2,2.47000000e+02,141,-1000
165,1,10,3.50000001e-02,142,-1000
165,1,11,3.49999994e-01,142,-1000
165,1,16,2.47000000e+02,141,-1000
165,1,32,1.14199997e+02,1,0
165,1,33,3.99699998e+00,1,0
165,1,36,8.40000000e+02,20,-1302
165,1,37,2.09999990e+00,1,-1302
165,1,39,1.00000000e+00,142,-1300
165,1,41,4.00000000e+01,1,-1300
165,1,42,7.00000000e+01,1,-1300
165,1,47,4.00000000e+01,1,-1300
165,1,48,7.00000000e+01,1,-1300
165,1,60,1.00000000e+00,1,-1300
165,1,75,2.47000000e+02,1,93
165,1,77,3.49999994e-01,1,94
165,1,83,1.14200001e+01,1,0
165,1,84,1.14200001e+01,1,0
165,1,85,1.14199997e+02,1,0
165,1,86,1.14199997e+02,1,0
165,1,88,1.14200001e+01,1,0
165,1,89,1.14199997e+02,1,0
165,1,91,4.60000000e+01,3,-1300
165,1,93,2.47000000e+02,141,-1209
165,1,94,3.49999994e-01,142,-1202
165,1,98,2.50000000e+02,141,-1300
165,1,99,1.14200001e+01,1,0
165,1,105,1.35462952e+01,141,-1208
165,1,106,3.99699998e+00,1,0
165,1,107,3.99699998e+00,1,0
165,1,108,3.99699998e+00,1,0
165,1,109,3.99699998e+00,1,0
165,1,123,3.99699998e+00,1,0
165,1,124,0.00000000e+00,142,-1000
166,0,1,1.00000000e+00,1,-1000
166,0,2,2.47000000e+02,141,-1000
166,0,5,2.00000000e+02,1,-1102
166,0,10,3.50000001e-02,142,-1000
166,0,11,3.49999994e-01,142,-1000
166,0,16,2.47000000e+02,141,-1000
166,0,32,1.14199997e+02,1,0
166,0,33,3.99699998e+00,1,0
166,0,39,1.00000000e+00,142,-1300
166,0,41,4.00000000e+01,1,-1300
166,0,42,7.00000000e+01,1,-1300
166,0,44,1.25000000e+00,1,-1300
166,0,46,8.00000000e+00,3,-1302
166,0,47,4.00000000e+01,1,-1300
166,0,48,7.00000000e+01,1,-1300
166,0,54,1.00000000e+00,2,0
166,0,63,2.44500008e+01,1,-1300
166,0,64,2.09999993e-01,3,-1300
166,0,67,0.00000000e+00,1,999
166,0,75,2.47000000e+02,1,2
166,0,78,7.50000000e-01,3,999
166,0,83,1.14200001e+01,1,0
166,0,84,1.14200001e+01,1,0
166,0,85,1.14199997e+02,1,0
166,0,86,1.14199997e+02,1,0
166,0,88,1.14200001e+01,1,0
166,0,89,1.14199997e+02,1,0
166,0,91,4.60000000e+01,3,-1300
166,0,93,2.47000000e+02,141,-1209
166,0,94,3.49999994e-01,142,-1202
166,0,98,2.50000000e+02,141,-1300
166,0,99,1.14200001e+01,1,0
166,0,105,0.00000000e+00,141,-1208
166,0,106,3.99699998e+00,1,0
166,0,107,3.99699998e+00,1,0
166,0,108,3.99699998e+00,1,0
166,0,109,3.99699998e+00,1,0
166,0,123,3.99699998e+00,1,0
166,0,124,0.00000000e+00,142,-1000
166,1,1,1.00000000e+00,1,-1000
166,1,2,2.47000000e+02,141,-1000
166,1,5,2.00000000e+02,1,-1102
166,1,10,3.50000001e-02,142,-1000
166,1,11,3.49999994e-01,142,-1000
166,1,16,2.47000000e+02,141,-1000
166,1,32,1.14199997e+02,1,0
166,1,33,3.99699998e+00,1,0
166,1,39,1.00000000e+00,142,-1300
166,1,41,4.00000000e+01,1,-1300
166,1,42,7.00000000e+01,1,-1300
166,1,44,1.25000000e+00,1,-1300
166,1,46,8.00000000e+00,3,-1302
166,1,47,4.00000000e+01,1,-1300
166,1,48,7.00000000e+01,1,-1300
166,1,54,1.00000000e+00,2,0
166,1,63,2.44500008e+01,1,-1300
166,1,64,9.62499976e-01,3,-1300
166,1,67,0.00000000e+00,1,999
166,1,75,2.47000000e+02,1,2
166,1,78,7.50000000e-01,3,999
166,1,83,1.14200001e+01,1,0
166,1,84,1.14200001e+01,1,0
166,1,85,1.14199997e+02,1,0
166,1,86,1.14199997e+02,1,0
166,1,88,1.14200001e+01,1,0
166,1,89,1.14199997e+02,1,0
166,1,91,4.60000000e+01,3,-1300
166,1,93,2.47000000e+02,141,-1209
166,1,94,3.49999994e-01,142,-1202
166,1,98,2.50000000e+02,141,-1300
166,1,99,1.14200001e+01,1,0
166,1,105,0.00000000e+00,141,-1208
166,1,106,3.99699998e+00,1,0
166,1,107,3.99699998e+00,1,0
166,1,108,3.99699998e+00,1,0
166,1,109,3.99699998e+00,1,0
166,1,123,3.99699998e+00,1,0
166,1,124,0.00000000e+00,142,-1000
167,0,1,2.00000000e+00,1,-1000
167,0,2,3.60000000e+02,141,-1000
167,0,10,0.00000000e+00,142,-1000
167,0,11,4.00000006e-01,142,-1000
167,0,12,0.00000000e+00,1,0
167,0,14,3.60000000e+01,1,0
167,0,16,3.60000000e+02,141,-1000
167,0,36,1.07000000e+03,20,-1302
167,0,37,6.99999988e-01,1,-1302
167,0,39,1.00000000e+00,142,-1300
167,0,41,4.00000000e+01,1,-1300
167,0,42,7.00000000e+01,1,-1300
167,0,47,4.00000000e+01,1,-1300
167,0,48,7.00000000e+01,1,-1300
167,0,60,1.00000000e+00,1,-1300
167,0,75,2.50000000e+02,1,98
167,0,77,4.00000006e-01,1,94
167,0,91,1.00000000e+00,1,-1300
167,0,93,3.60000000e+02,141,-1209
167,0,94,4.00000006e-01,142,-1202
167,0,98,2.50000000e+02,141,-1300
167,0,105,3.30250977e+03,141,-1208
167,0,124,0.00000000e+00,142,-1000
167,1,1,2.00000000e+00,1,-1000
167,1,2,3.60000000e+02,141,-1000
167,1,10,0.00000000e+00,142,-1000
167,1,11,4.00000006e-01,142,-1000
167,1,12,0.00000000e+00,1,0
167,1,14,3.60000000e+01,1,0
167,1,16,3.60000000e+02,141,-1000
167,1,36,1.07000000e+03,20,-1302
167,1,37,2.09999990e+00,1,-1302
167,1,39,1.00000000e+00,142,-1300
167,1,41,4.00000000e+01,1,-1300
167,1,42,7.00000000e+01,1,-1300
167,1,47,4.00000000e+01,1,-1300
167,1,48,7.00000000e+01,1,-1300
167,1,60,1.00000000e+00,1,-1300
167,1,75,2.50000000e+02,1,98
167,1,77,4.00000006e-01,1,94
167,1,91,1.80000000e+01,3,-1300
167,1,93,3.60000000e+02,141,-1209
167,1,94,4.00000006e-01,142,-1202
167,1,98,2.50000000e+02,141,-1300
167,1,105,3.30250977e+03,141,-1208
167,1,124,0.00000000e+00,142,-1000
168,0,1,2.00000000e+00,1,-1000
168,0,2,3.60000000e+02,141,-1000
168,0,10,0.00000000e+00,142,-1000
168,0,11,4.00000006e-01,142,-1000
168,0,12,0.00000000e+00,1,0
168,0,14,3.60000000e+01,1,0
168,0,16,3.60000000e+02,141,-1000
168,0,36,5.35000000e+02,20,-1302
168,0,37,6.99999988e-01,1,-1302
168,0,39,1.00000000e+00,142,-1300
168,0,41,4.00000000e+01,1,-1300
168,0,42,7.00000000e+01,1,-1300
168,0,47,4.00000000e+01,1,-1300
168,0,48,7.00000000e+01,1,-1300
168,0,60,1.00000000e+00,1,-1300
168,0,75,2.50000000e+02,1,98
168,0,77,4.00000006e-01,1,11
168,0,91,1.00000000e+00,1,-1300
168,0,93,3.60000000e+02,141,-1209
168,0,94,4.00000006e-01,142,-1202
168,0,98,2.50000000e+02,141,-1300
168,0,105,0.00000000e+00,141,-1208
168,0,124,0.00000000e+00,142,-1000
168,1,1,2.00000000e+00,1,-1000
168,1,2,3.60000000e+02,141,-1000
168,1,10,0.00000000e+00,142,-1000
168,1,11,4.00000006e-01,142,-1000
168,1,12,0.00000000e+00,1,0
168,1,14,3.60000000e+01,1,0
168,1,16,3.60000000e+02,141,-1000
168,1,36,5.35000000e+02,20,-1302
168,1,37,2.09999990e+00,1,-1302
168,1,39,1.00000000e+00,142,-1300
168,1,41,4.00000000e+01,1,-1300
168,1,42,7.00000000e+01,1,-1300
168,1,47,4.00000000e+01,1,-1300
168,1,48,7.00000000e+01,1,-1300
168,1,60,1.00000000e+00,1,-1300
168,1,75,2.50000000e+02,1,98
168,1,77,4.00000006e-01,1,11
168,1,91,4.80000000e+01,3,-1300
168,1,93,3.60000000e+02,141,-1209
168,1,94,4.00000006e-01,142,-1202
168,1,98,2.50000000e+02,141,-1300
168,1,105,0.00000000e+00,141,-1208
168,1,124,0.00000000e+00,142,-1000
169,0,1,9.90000000e+01,1,-1000
169,0,2,1.48000000e+02,141,-1000
169,0,10,5.99999987e-02,142,-1000
169,0,11,2.50000000e-01,142,-1000
169,0,16,1.48000000e+02,141,-1000
169,0,32,1.13750000e+03,1,0
169,0,33,6.82500000e+01,1,0
169,0,36,1.07000000e+03,20,-1302
169,0,37,6.99999988e-01,1,-1302
169,0,39,1.00000000e+00,142,-1300
169,0,41,4.00000000e+01,1,-1300
169,0,42,7.00000000e+01,1,-1300
169,0,47,4.00000000e+01,1,-1300
169,0,48,7.00000000e+01,1,-1300
169,0,60,1.00000000e+00,1,-1300
169,0,75,1.48000000e+02,1,93
169,0,77,2.50000000e-01,1,94
169,0,83,2.73000000e+02,1,0
169,0,84,2.73000000e+02,1,0
169,0,85,1.13750000e+03,1,0
169,0,86,1.13750000e+03,1,0
169,0,88,2.73000000e+02,1,0
169,0,89,1.13750000e+03,1,0
169,0,91,1.00000000e+00,1,-1300
169,0,93,1.48000000e+02,141,-1209
169,0,94,2.50000000e-01,142,-1202
169,0,98,2.50000000e+02,141,-1300
169,0,99,2.73000000e+02,1,0
169,0,105,1.94086884e+02,141,-1208
169,0,106,6.82500000e+01,1,0
169,0,107,6.82500000e+01,1,0
169,0,108,6.82500000e+01,1,0
169,0,109,6.82500000e+01,1,0
169,0,123,6.82500000e+01,1,0
169,0,124,0.00000000e+00,142,-1000
169,1,1,9.90000000e+01,1,-1000
169,1,2,1.48000000e+02,141,-1000
169,1,10,5.99999987e-02,142,-1000
169,1,11,2.50000000e-01,142,-1000
169,1,16,1.48000000e+02,141,-1000
169,1,32,1.13750000e+03,1,0
169,1,33,6.82500000e+01,1,0
169,1,36,1.07000000e+03,20,-1302
169,1,37,2.09999990e+00,1,-1302
169,1,39,1.00000000e+00,142,-1300
169,1,41,4.00000000e+01,1,-1300
169,1,42,7.00000000e+01,1,-1300
169,1,47,4.00000000e+01,1,-1300
169,1,48,7.00000000e+01,1,-1300
169,1,60,1.00000000e+00,1,-1300
169,1,75,1.48000000e+02,1,93
169,1,77,2.50000000e-01,1,94
169,1,83,2.73000000e+02,1,0
169,1,84,2.73000000e+02,1,0
169,1,85,1.13750000e+03,1,0
169,1,86,1.13750000e+03,1,0
169,1,88,2.73000000e+02,1,0
169,1,89,1.13750000e+03,1,0
169,1,91,6.00000000e+00,3,-1300
169,1,93,1.48000000e+02,141,-1209
169,1,94,2.50000000e-01,142,-1202
169,1,98,2.50000000e+02,141,-1300
169,1,99,2.73000000e+02,1,0
169,1,105,1.94086884e+02,141,-1208
169,1,106,6.82500000e+01,1,0
169,1,107,6.82500000e+01,1,0
169,1,108,6.82500000e+01,1,0
169,1,109,6.82500000e+01,1,0
169,1,123,6.82500000e+01,1,0
169,1,124,0.00000000e+00,142,-1000
170,0,1,6.60000000e+01,1,-1000
170,0,2,1.48000000e+02,141,-1000
170,0,10,5.99999987e-02,142,-1000
170,0,11,7.50000000e-01,142,-1000
170,0,16,1.48000000e+02,141,-1000
170,0,39,1.00000000e+00,142,-1300
170,0,41,4.00000000e+01,1,-1300
170,0,42,7.00000000e+01,1,-1300
170,0,47,4.00000000e+01,1,-1300
170,0,48,7.00000000e+01,1,-1300
170,0,58,3.10000000e+03,20,-1302
170,0,60,1.00000000e+00,1,-1300
170,0,75,1.48000000e+02,1,93
170,0,77,7.50000000e-01,1,94
170,0,91,1.00000000e+00,1,-1300
170,0,93,1.48000000e+02,141,-1209
170,0,94,7.50000000e-01,142,-1202
170,0,98,2.50000000e+02,141,-1300
170,0,105,1.52491104e+02,141,-1208
170,0,124,0.00000000e+00,142,-1000
170,1,1,6.60000000e+01,1,-1000
170,1,2,1.48000000e+02,141,-1000
170,1,10,5.99999987e-02,142,-1000
170,1,11,7.50000000e-01,142,-1000
170,1,16,1.48000000e+02,141,-1000
170,1,39,1.00000000e+00,142,-1300
170,1,41,4.00000000e+01,1,-1300
170,1,42,7.00000000e+01,1,-1300
170,1,47,4.00000000e+01,1,-1300
170,1,48,7.00000000e+01,1,-1300
170,1,58,3.10000000e+03,20,-1302
170,1,60,1.00000000e+00,1,-1300
170,1,75,1.48000000e+02,1,93
170,1,77,7.50000000e-01,1,94
170,1,91,6.00000000e+00,3,-1300
170,1,93,1.48000000e+02,141,-1209
170,1,94,7.50000000e-01,142,-1202
170,1,98,2.50000000e+02,141,-1300
170,1,105,1.52491104e+02,141,-1208
170,1,124,0.00000000e+00,142,-1000
171,0,1,6.60000000e+01,1,-1000
171,0,2,1.48000000e+02,141,-1000
171,0,10,5.99999987e-02,142,-1000
171,0,11,7.50000000e-01,142,-1000
171,0,16,1.48000000e+02,141,-1000
171,0,39,1.00000000e+00,142,-1300
171,0,41,4.00000000e+01,1,-1300
171,0,42,7.00000000e+01,1,-1300
171,0,44,1.25000000e+00,1,-1300
171,0,47,4.00000000e+01,1,-1300
171,0,48,7.00000000e+01,1,-1300
171,0,65,0.00000000e+00,21,-1
171,0,70,1.50000000e+01,20,-1302
171,0,71,8.00000000e+00,20,-1302
171,0,75,1.48000000e+02,1,93
171,0,78,7.50000000e-01,1,94
171,0,91,1.00000000e+00,1,999
171,0,93,1.48000000e+02,141,-1209
171,0,94,7.50000000e-01,142,-1202
171,0,98,2.50000000e+02,141,-1300
171,0,105,1.52491104e+02,141,-1208
171,0,124,0.00000000e+00,142,-1000
171,1,1,6.60000000e+01,1,-1000
171,1,2,1.48000000e+02,141,-1000
171,1,10,5.99999987e-02,142,-1000
171,1,11,7.50000000e-01,142,-1000
171,1,16,1.48000000e+02,141,-1000
171,1,39,1.00000000e+00,142,-1300
171,1,41,4.00000000e+01,1,-1300
171,1,42,7.00000000e+01,1,-1300
171,1,44,1.25000000e+00,1,-1300
171,1,47,4.00000000e+01,1,-1300
171,1,48,7.00000000e+01,1,-1300
171,1,65,1.12500000e+01,21,-1
171,1,70,1.50000000e+01,20,-1302
171,1,71,8.00000000e+00,20,-1302
171,1,75,1.48000000e+02,1,93
171,1,78,7.50000000e-01,1,94
171,1,91,6.00000000e+00,3,999
171,1,93,1.48000000e+02,141,-1209
171,1,94,7.50000000e-01,142,-1202
171,1,98,2.50000000e+02,141,-1300
171,1,105,1.52491104e+02,141,-1208
171,1,124,0.00000000e+00,142,-1000
172,0,1,6.60000000e+01,1,-1000
172,0,2,1.48000000e+02,141,-1000
172,0,10,5.99999987e-02,142,-1000
172,0,11,7.50000000e-01,142,-1000
172,0,16,1.48000000e+02,141,-1000
172,0,36,5.35000000e+02,20,-1302
172,0,37,6.99999988e-01,1,-1302
172,0,39,1.00000000e+00,142,-1300
172,0,41,4.00000000e+01,1,-1300
172,0,42,7.00000000e+01,1,-1300
172,0,47,4.00000000e+01,1,-1300
172,0,48,7.00000000e+01,1,-1300
172,0,60,1.00000000e+00,1,-1300
172,0,75,1.48000000e+02,1,2
172,0,77,5.99999987e-02,1,10
172,0,91,1.00000000e+00,1,-1300
172,0,93,1.48000000e+02,141,-1209
172,0,94,0.00000000e+00,142,-1202
172,0,98,2.50000000e+02,141,-1300
172,0,105,0.00000000e+00,141,-1208
172,0,124,0.00000000e+00,142,-1000
172,1,1,6.60000000e+01,1,-1000
172,1,2,1.48000000e+02,141,-1000
172,1,10,5.99999987e-02,142,-1000
172,1,11,7.50000000e-01,142,-1000
172,1,16,1.48000000e+02,141,-1000
146,1,47,4.00000000e+01,1,-1300
146,1,48,7.00000000e+01,1,-1300
146,1,50,2.07282992e-05,21,-1
146,1,51,1.00000001e-01,1,-1302
146,1,53,5.00000000e+02,1,-1302
146,1,63,2.44500008e+01,1,-1300
146,1,65,8.58973920e-01,21,-1
146,1,66,1.05009563e-01,21,-1
146,1,75,2.50000000e+02,1,998
146,1,83,5.20000000e+02,1,0
146,1,84,5.20000000e+02,1,0
146,1,85,7.42859985e+02,1,0
146,1,86,7.42859985e+02,1,0
146,1,88,5.20000000e+02,1,0
146,1,89,7.42859985e+02,1,0
146,1,91,3.90000000e+01,3,-1300
146,1,93,2.50000000e+02,141,-1209
146,1,98,2.50000000e+02,141,-1300
146,1,99,5.20000000e+02,1,0
146,1,105,6.00456360e+02,141,-1208
146,1,106,5.20000000e+02,1,0
146,1,107,5.20000000e+02,1,0
146,1,108,5.20000000e+02,1,0
146,1,109,5.20000000e+02,1,0
146,1,118,1.00000000e+00,143,-1000
146,1,119,1.00000000e+00,143,-1000
146,1,120,1.00000000e+00,143,-1000
146,1,123,5.20000000e+02,1,0
147,0,1,5.00000000e+00,1,-1000
147,0,2,1.79000000e+02,141,-1000
147,0,10,3.49999994e-01,142,-1000
147,0,11,1.00000000e+00,142,-1000
147,0,16,5.37000000e+02,141,-1000
147,0,32,5.03000000e+03,1,0
147,0,33,1.76050000e+03,1,0
147,0,36,1.07000000e+03,20,-1302
147,0,37,6.99999988e-01,1,-1302
147,0,39,1.00000000e+00,142,-1300
147,0,41,4.00000000e+01,1,-1300
147,0,42,7.00000000e+01,1,-1300
147,0,47,4.00000000e+01,1,-1300
147,0,48,7.00000000e+01,1,-1300
147,0,60,1.00000000e+00,1,-1300
147,0,75,1.79000000e+02,1,93
147,0,77,1.00000000e+00,1,94
147,0,83,5.28150000e+03,1,0
147,0,84,1.76050000e+03,1,0
147,0,85,1.50900000e+04,1,0
147,0,86,5.03000000e+03,1,0
147,0,88,5.28150000e+03,1,0
147,0,89,1.50900000e+04,1,0
147,0,91,3.80000000e+01,1,999
147,0,93,1.79000000e+02,141,-1209
147,0,94,1.00000000e+00,142,-1202
147,0,98,2.50000000e+02,141,-1300
147,0,99,1.76050000e+03,1,0
147,0,105,4.80353564e+03,141,-1208
147,0,106,5.28150000e+03,1,0
147,0,107,5.28150000e+03,1,0
147,0,108,5.28150000e+03,1,0
147,0,109,5.28150000e+03,1,0
147,0,123,1.76050000e+03,1,0
147,0,124,0.00000000e+00,142,-1000
147,1,1,5.00000000e+00,1,-1000
147,1,2,1.79000000e+02,141,-1000
147,1,10,3.49999994e-01,142,-1000
147,1,11,1.00000000e+00,142,-1000
147,1,16,5.37000000e+02,141,-1000
147,1,32,5.03000000e+03,1,0
147,1,33,1.76050000e+03,1,0
147,1,36,1.07000000e+03,20,-1302
147,1,37,2.09999990e+00,1,-1302
147,1,39,1.00000000e+00,142,-1300
147,1,41,4.00000000e+01,1,-1300
147,1,42,7.00000000e+01,1,-1300
147,1,47,4.00000000e+01,1,-1300
147,1,48,7.00000000e+01,1,-1300
147,1,60,1.00000000e+00,1,-1300
147,1,75,1.79000000e+02,1,93
147,1,77,1.00000000e+00,1,94
147,1,83,5.28150000e+03,1,0
147,1,84,1.76050000e+03,1,0
147,1,85,1.50900000e+04,1,0
147,1,86,5.03000000e+03,1,0
147,1,88,5.28150000e+03,1,0
147,1,89,1.50900000e+04,1,0
147,1,91,3.80000000e+01,3,999
147,1,93,1.79000000e+02,141,-1209
147,1,94,1.00000000e+00,142,-1202
147,1,98,2.50000000e+02,141,-1300
147,1,99,1.76050000e+03,1,0
147,1,105,4.80353564e+03,141,-1208
147,1,106,5.28150000e+03,1,0
147,1,107,5.28150000e+03,1,0
147,1,108,5.28150000e+03,1,0
147,1,109,5.28150000e+03,1,0
147,1,123,1.76050000e+03,1,0
147,1,124,0.00000000e+00,142,-1000
148,0,1,4.00000000e+00,1,-1000
148,0,2,1.79000000e+02,141,-1000
148,0,10,4.49999988e-01,142,-1000
148,0,11,1.00000000e+00,142,-1000
148,0,16,5.37000000e+02,141,-1000
148,0,32,5.03000000e+03,1,0
148,0,33,2.26350000e+03,1,0
148,0,36,1.07000000e+03,20,-1302
148,0,37,6.99999988e-01,1,-1302
148,0,39,1.00000000e+00,142,-1300
148,0,41,4.00000000e+01,1,-1300
148,0,42,7.00000000e+01,1,-1300
148,0,47,4.00000000e+01,1,-1300
148,0,48,7.00000000e+01,1,-1300
148,0,60,1.00000000e+00,1,-1300
148,0,75,1.79000000e+02,1,93
148,0,77,4.49999988e-01,1,94
148,0,83,6.79050000e+03,1,0
148,0,84,2.26350000e+03,1,0
148,0,85,1.50900000e+04,1,0
148,0,86,5.03000000e+03,1,0
148,0,88,6.79050000e+03,1,0
148,0,89,1.50900000e+04,1,0
148,0,91,1.00000000e+00,1,-1300
148,0,93,1.79000000e+02,141,-1209
148,0,94,4.49999988e-01,142,-1202
148,0,98,2.50000000e+02,141,-1300
148,0,99,2.26350000e+03,1,0
148,0,105,1.33434746e+04,141,-1208
148,0,106,6.79050000e+03,1,0
148,0,107,6.79050000e+03,1,0
148,0,108,6.79050000e+03,1,0
148,0,109,6.79050000e+03,1,0
148,0,123,2.26350000e+03,1,0
148,0,124,0.00000000e+00,142,-1000
148,1,1,4.00000000e+00,1,-1000
148,1,2,1.79000000e+02,141,-1000
148,1,10,4.49999988e-01,142,-1000
148,1,11,1.00000000e+00,142,-1000
148,1,16,5.37000000e+02,141,-1000
148,1,32,5.03000000e+03,1,0
148,1,33,2.26350000e+03,1,0
148,1,36,1.07000000e+03,20,-1302
148,1,37,2.09999990e+00,1,-1302
148,1,39,1.00000000e+00,142,-1300
148,1,41,4.00000000e+01,1,-1300
148,1,42,7.00000000e+01,1,-1300
148,1,47,4.00000000e+01,1,-1300
148,1,48,7.00000000e+01,1,-1300
148,1,60,1.00000000e+00,1,-1300
148,1,75,1.79000000e+02,1,93
148,1,77,4.49999988e-01,1,94
148,1,83,6.79050000e+03,1,0
148,1,84,2.26350000e+03,1,0
148,1,85,1.50900000e+04,1,0
148,1,86,5.03000000e+03,1,0
148,1,88,6.79050000e+03,1,0
148,1,89,1.50900000e+04,1,0
148,1,91,3.80000000e+01,3,-1300
148,1,93,1.79000000e+02,141,-1209
148,1,94,4.49999988e-01,142,-1202
148,1,98,2.50000000e+02,141,-1300
148,1,99,2.26350000e+03,1,0
148,1,105,1.33434746e+04,141,-1208
148,1,106,6.79050000e+03,1,0
148,1,107,6.79050000e+03,1,0
148,1,108,6.79050000e+03,1,0
148,1,109,6.79050000e+03,1,0
148,1,123,2.26350000e+03,1,0
148,1,124,0.00000000e+00,142,-1000
149,0,1,4.00000000e+00,1,-1000
149,0,2,1.79000000e+02,141,-1000
149,0,10,4.49999988e-01,142,-1000
149,0,11,1.00000000e+00,142,-1000
149,0,16,5.37000000e+02,141,-1000
149,0,32,5.03000000e+03,1,0
149,0,33,2.26350000e+03,1,0
149,0,39,1.00000000e+00,142,-1300
149,0,41,4.00000000e+01,1,-1300
149,0,42,7.00000000e+01,1,-1300
149,0,47,4.00000000e+01,1,-1300
149,0,48,7.00000000e+01,1,-1300
149,0,58,3.10000000e+03,20,-1302
149,0,60,1.00000000e+00,1,-1300
149,0,75,1.79000000e+02,1,93
149,0,77,1.00000000e+00,1,94
149,0,83,6.79050000e+03,1,0
149,0,84,2.26350000e+03,1,0
149,0,85,1.50900000e+04,1,0
149,0,86,5.03000000e+03,1,0
149,0,88,6.79050000e+03,1,0
149,0,89,1.50900000e+04,1,0
149,0,91,1.00000000e+00,1,999
149,0,93,1.79000000e+02,141,-1209
149,0,94,1.00000000e+00,142,-1202
149,0,98,2.50000000e+02,141,-1300
149,0,99,2.26350000e+03,1,0
149,0,105,6.00441943e+03,141,-1208
149,0,106,6.79050000e+03,1,0
149,0,107,6.79050000e+03,1,0
149,0,108,6.79050000e+03,1,0
149,0,109,6.79050000e+03,1,0
149,0,123,2.26350000e+03,1,0
149,0,124,0.00000000e+00,142,-1000
149,1,1,4.00000000e+00,1,-1000
149,1,2,1.79000000e+02,141,-1000
149,1,10,4.49999988e-01,142,-1000
149,1,11,1.00000000e+00,142,-1000
149,1,16,5.37000000e+02,141,-1000
149,1,32,5.03000000e+03,1,0
149,1,33,2.26350000e+03,1,0
149,1,39,1.00000000e+00,142,-1300
149,1,41,4.00000000e+01,1,-1300
149,1,42,7.00000000e+01,1,-1300
149,1,47,4.00000000e+01,1,-1300
149,1,48,7.00000000e+01,1,-1300
149,1,58,3.10000000e+03,20,-1302
149,1,60,1.00000000e+00,1,-1300
149,1,75,1.79000000e+02,1,93
149,1,77,1.00000000e+00,1,94
149,1,83,6.79050000e+03,1,0
149,1,84,2.26350000e+03,1,0
149,1,85,1.50900000e+04,1,0
149,1,86,5.03000000e+03,1,0
149,1,88,6.79050000e+03,1,0
149,1,89,1.50900000e+04,1,0
149,1,91,3.80000000e+01,3,999
149,1,93,1.79000000e+02,141,-1209
149,1,94,1.00000000e+00,142,-1202
149,1,98,2.50000000e+02,141,-1300
149,1,99,2.26350000e+03,1,0
149,1,105,6.00441943e+03,141,-1208
149,1,106,6.79050000e+03,1,0
149,1,107,6.79050000e+03,1,0
149,1,108,6.79050000e+03,1,0
149,1,109,6.79050000e+03,1,0
149,1,123,2.26350000e+03,1,0
149,1,124,0.00000000e+00,142,-1000
150,0,1,4.00000000e+00,1,-1000
150,0,2,1.79000000e+02,141,-1000
150,0,10,4.49999988e-01,142,-1000
150,0,11,1.00000000e+00,142,-1000
150,0,16,5.37000000e+02,141,-1000
150,0,32,5.03000000e+03,1,0
150,0,33,2.26350000e+03,1,0
150,0,39,1.00000000e+00,142,-1300
150,0,41,4.00000000e+01,1,-1300
150,0,42,7.00000000e+01,1,-1300
150,0,44,1.25000000e+00,1,-1300
150,0,47,4.00000000e+01,1,-1300
150,0,48,7.00000000e+01,1,-1300
150,0,65,0.00000000e+00,21,-1
150,0,70,1.50000000e+01,20,-1302
150,0,71,8.00000000e+00,20,-1302
150,0,75,1.79000000e+02,1,93
150,0,78,1.00000000e+00,1,94
150,0,83,6.79050000e+03,1,0
150,0,84,2.26350000e+03,1,0
150,0,85,1.50900000e+04,1,0
150,0,86,5.03000000e+03,1,0
150,0,88,6.79050000e+03,1,0
150,0,89,1.50900000e+04,1,0
150,0,91,1.00000000e+00,1,-1300
150,0,93,1.79000000e+02,141,-1209
150,0,94,1.00000000e+00,142,-1202
150,0,98,2.50000000e+02,141,-1300
150,0,99,2.26350000e+03,1,0
150,0,105,6.00441943e+03,141,-1208
150,0,106,6.79050000e+03,1,0
150,0,107,6.79050000e+03,1,0
150,0,108,6.79050000e+03,1,0
150,0,109,6.79050000e+03,1,0
150,0,123,2.26350000e+03,1,0
150,0,124,0.00000000e+00,142,-1000
150,1,1,4.00000000e+00,1,-1000
150,1,2,1.79000000e+02,141,-1000
150,1,10,4.49999988e-01,142,-1000
150,1,11,1.00000000e+00,142,-1000
150,1,16,5.37000000e+02,141,-1000
150,1,32,5.03000000e+03,1,0
150,1,33,2.26350000e+03,1,0
150,1,39,1.00000000e+00,142,-1300
150,1,41,4.00000000e+01,1,-1300
150,1,42,7.00000000e+01,1,-1300
150,1,44,1.25000000e+00,1,-1300
150,1,47,4.00000000e+01,1,-1300
150,1,48,7.00000000e+01,1,-1300
150,1,65,1.50000000e+01,21,-1
150,1,70,1.50000000e+01,20,-1302
150,1,71,8.00000000e+00,20,-1302
150,1,75,1.79000000e+02,1,93
150,1,78,1.00000000e+00,1,94
150,1,83,6.79050000e+03,1,0
150,1,84,2.26350000e+03,1,0
150,1,85,1.50900000e+04,1,0
150,1,86,5.03000000e+03,1,0
150,1,88,6.79050000e+03,1,0
150,1,89,1.50900000e+04,1,0
150,1,91,3.80000000e+01,3,-1300
150,1,93,1.79000000e+02,141,-1209
150,1,94,1.00000000e+00,142,-1202
150,1,98,2.50000000e+02,141,-1300
150,1,99,2.26350000e+03,1,0
150,1,105,6.00441943e+03,141,-1208
150,1,106,6.79050000e+03,1,0
150,1,107,6.79050000e+03,1,0
150,1,108,6.79050000e+03,1,0
150,1,109,6.79050000e+03,1,0
150,1,123,2.26350000e+03,1,0
150,1,124,0.00000000e+00,142,-1000
151,0,1,5.00000000e+00,1,-1000
151,0,2,1.79000000e+02,141,-1000
151,0,10,3.49999994e-01,142,-1000
151,0,11,1.00000000e+00,142,-1000
151,0,16,5.37000000e+02,141,-1000
151,0,32,5.03000000e+03,1,0
151,0,33,1.76050000e+03,1,0
151,0,36,1.07000000e+03,20,-1302
151,0,37,6.99999988e-01,1,-1302
151,0,39,1.00000000e+00,142,-1300
151,0,41,4.00000000e+01,1,-1300
151,0,42,7.00000000e+01,1,-1300
151,0,47,4.00000000e+01,1,-1300
151,0,48,7.00000000e+01,1,-1300
151,0,60,1.00000000e+00,1,-1300
151,0,75,1.79000000e+02,1,93
151,0,77,1.00000000e+00,1,94
151,0,83,5.28150000e+03,1,0
151,0,84,1.76050000e+03,1,0
151,0,85,1.50900000e+04,1,0
151,0,86,5.03000000e+03,1,0
151,0,88,5.28150000e+03,1,0
151,0,89,1.50900000e+04,1,0
151,0,91,3.80000000e+01,1,999
151,0,93,1.79000000e+02,141,-1209
151,0,94,1.00000000e+00,142,-1202
151,0,98,2.50000000e+02,141,-1300
151,0,99,1.76050000e+03,1,0
151,0,105,4.80353564e+03,141,-1208
151,0,106,5.28150000e+03,1,0
151,0,107,5.28150000e+03,1,0
151,0,108,5.28150000e+03,1,0
151,0,109,5.28150000e+03,1,0
151,0,123,1.76050000e+03,1,0
151,0,124,0.00000000e+00,142,-1000
151,1,1,5.00000000e+00,1,-1000
151,1,2,1.79000000e+02,141,-1000
151,1,10,3.49999994e-01,142,-1000
151,1,11,1.00000000e+00,142,-1000
151,1,16,5.37000000e+02,141,-1000
151,1,32,5.03000000e+03,1,0
151,1,33,1.76050000e+03,1,0
151,1,36,1.07000000e+03,20,-1302
151,1,37,2.09999990e+00,1,-1302
151,1,39,1.00000000e+00,142,-1300
151,1,41,4.00000000e+01,1,-1300
151,1,42,7.00000000e+01,1,-1300
151,1,47,4.00000000e+01,1,-1300
151,1,48,7.00000000e+01,1,-1300
151,1,60,1.00000000e+00,1,-1300
151,1,75,1.79000000e+02,1,93
151,1,77,1.00000000e+00,1,94
151,1,83,5.28150000e+03,1,0
151,1,84,1.76050000e+03,1,0
151,1,85,1.50900000e+04,1,0
151,1,86,5.03000000e+03,1,0
151,1,88,5.28150000e+03,1,0
151,1,89,1.50900000e+04,1,0
151,1,91,3.80000000e+01,3,999
151,1,93,1.79000000e+02,141,-1209
151,1,94,1.00000000e+00,142,-1202
151,1,98,2.50000000e+02,141,-1300
151,1,99,1.76050000e+03,1,0
151,1,105,4.80353564e+03,141,-1208
151,1,106,5.28150000e+03,1,0
151,1,107,5.28150000e+03,1,0
151,1,108,5.28150000e+03,1,0
151,1,109,5.28150000e+03,1,0
151,1,123,1.76050000e+03,1,0
151,1,124,0.00000000e+00,142,-1000
152,0,1,5.00000000e+00,1,-1000
152,0,2,1.79000000e+02,141,-1000
152,0,4,1.00000001e-01,1,-1302
152,0,5,2.00000000e+02,1,-1102
152,0,8,2.98000000e+02,1,-1300
152,0,16,5.37000000e+02,141,-1000
152,0,32,5.03000000e+03,1,0
152,0,33,1.76050000e+03,1,0
152,0,40,1.00000000e+00,1,998
152,0,41,4.00000000e+01,1,-1300
172,1,36,5.35000000e+02,20,-1302
172,1,37,2.09999990e+00,1,-1302
172,1,39,1.00000000e+00,142,-1300
172,1,41,4.00000000e+01,1,-1300
172,1,42,7.00000000e+01,1,-1300
172,1,47,4.00000000e+01,1,-1300
172,1,48,7.00000000e+01,1,-1300
172,1,60,1.00000000e+00,1,-1300
172,1,75,1.48000000e+02,1,2
172,1,77,5.99999987e-02,1,10
172,1,91,6.00000000e+00,3,-1300
172,1,93,1.48000000e+02,141,-1209
172,1,94,0.00000000e+00,142,-1202
172,1,98,2.50000000e+02,141,-1300
172,1,105,0.00000000e+00,141,-1208
172,1,124,0.00000000e+00,142,-1000
174,0,16,2.50000000e+02,141,-1000
174,0,32,0.00000000e+00,1,0
174,0,33,3.95000011e-01,1,0
174,0,39,1.00000000e+00,142,-1300
174,0,41,4.00000000e+01,1,-1300
174,0,42,7.00000000e+01,1,-1300
174,0,44,1.25000000e+00,1,-1300
174,0,46,2.34999990e+00,1,-1302
174,0,47,4.00000000e+01,1,-1300
174,0,48,7.00000000e+01,1,-1300
174,0,57,4.00000000e+00,1,-1302
174,0,59,2.50000000e-01,1,10
174,0,65,0.00000000e+00,21,-1
174,0,68,2.50000000e-01,1,-1302
174,0,75,2.50000000e+02,1,2
174,0,83,1.58000004e+00,1,0
174,0,84,1.58000004e+00,1,0
174,0,85,0.00000000e+00,1,0
174,0,86,0.00000000e+00,1,0
174,0,88,1.58000004e+00,1,0
174,0,89,0.00000000e+00,1,0
174,0,91,3.00000000e+00,1,-1300
174,0,93,2.50000000e+02,141,-1209
174,0,94,2.50000000e-01,142,-1202
174,0,98,2.50000000e+02,141,-1300
174,0,99,1.58000004e+00,1,0
174,0,105,0.00000000e+00,141,-1208
174,0,106,0.00000000e+00,1,0
174,0,107,3.95000011e-01,1,0
174,0,108,0.00000000e+00,1,0
174,0,109,3.95000011e-01,1,0
174,0,113,1.00000000e+00,1,-1300
174,0,123,0.00000000e+00,1,0
174,0,124,0.00000000e+00,142,-1000
174,1,1,1.00000000e+00,1,-1000
174,1,2,2.50000000e+02,141,-1000
174,1,10,2.50000000e-01,142,-1000
174,1,11,2.50000000e-01,142,-1000
174,1,16,2.50000000e+02,141,-1000
174,1,32,0.00000000e+00,1,0
174,1,33,3.95000011e-01,1,0
174,1,39,1.00000000e+00,142,-1300
174,1,41,4.00000000e+01,1,-1300
174,1,42,7.00000000e+01,1,-1300
174,1,44,1.25000000e+00,1,-1300
174,1,46,2.34999990e+00,1,-1302
174,1,47,4.00000000e+01,1,-1300
174,1,48,7.00000000e+01,1,-1300
174,1,57,4.00000000e+00,1,-1302
174,1,59,2.50000000e-01,1,10
174,1,65,3.20000000e+01,21,-1
174,1,68,2.50000000e-01,1,-1302
174,1,75,2.50000000e+02,1,2
174,1,83,1.58000004e+00,1,0
174,1,84,1.58000004e+00,1,0
174,1,85,0.00000000e+00,1,0
174,1,86,0.00000000e+00,1,0
174,1,88,1.58000004e+00,1,0
174,1,89,0.00000000e+00,1,0
174,1,91,3.00000000e+00,1,-1300
174,1,93,2.50000000e+02,141,-1209
174,1,94,2.50000000e-01,142,-1202
174,1,98,2.50000000e+02,141,-1300
174,1,99,1.58000004e+00,1,0
174,1,105,0.00000000e+00,141,-1208
174,1,106,0.00000000e+00,1,0
174,1,107,3.95000011e-01,1,0
174,1,108,0.00000000e+00,1,0
174,1,109,3.95000011e-01,1,0
174,1,113,1.00000000e+00,1,-1300
174,1,123,0.00000000e+00,1,0
174,1,124,0.00000000e+00,142,-1000
152,0,42,7.00000000e+01,1,-1300
152,0,44,1.25000000e+00,1,-1300
152,0,46,1.34176970e+00,1,-1302
152,0,47,4.00000000e+01,1,-1300
152,0,48,7.00000000e+01,1,-1300
152,0,50,6.22434309e-04,21,-1
152,0,51,5.00000000e-01,1,-1302
152,0,53,3.00000000e+03,1,-1302
152,0,63,2.44500008e+01,1,-1300
152,0,65,8.59782457e-01,21,-1
152,0,66,1.05108410e-01,21,-1
152,0,75,1.79000000e+02,1,998
152,0,83,5.28150000e+03,1,0
152,0,84,1.76050000e+03,1,0
152,0,85,1.50900000e+04,1,0
152,0,86,5.03000000e+03,1,0
152,0,88,5.28150000e+03,1,0
152,0,89,1.50900000e+04,1,0
152,0,91,3.80000000e+01,1,-1300
152,0,93,1.79000000e+02,141,-1209
152,0,98,2.50000000e+02,141,-1300
152,0,99,1.76050000e+03,1,0
152,0,105,4.80353564e+03,141,-1208
152,0,106,5.28150000e+03,1,0
152,0,107,5.28150000e+03,1,0
152,0,108,5.28150000e+03,1,0
152,0,109,5.28150000e+03,1,0
152,0,118,1.00000000e+00,143,-1000
152,0,119,1.00000000e+00,143,-1000
152,0,120,1.00000000e+00,143,-1000
152,0,123,1.76050000e+03,1,0
152,1,1,5.00000000e+00,1,-1000
152,1,2,1.79000000e+02,141,-1000
152,1,4,1.00000001e-01,1,-1302
152,1,5,2.00000000e+02,1,-1102
152,1,8,2.98000000e+02,1,-1300
152,1,16,5.37000000e+02,141,-1000
152,1,32,5.03000000e+03,1,0
152,1,33,1.76050000e+03,1,0
152,1,40,1.00000000e+00,1,998
152,1,41,4.00000000e+01,1,-1300
152,1,42,7.00000000e+01,1,-1300
152,1,44,1.25000000e+00,1,-1300
152,1,46,1.34176970e+00,1,-1302
152,1,47,4.00000000e+01,1,-1300
152,1,48,7.00000000e+01,1,-1300
152,1,50,1.24486862e-03,21,-1
152,1,51,1.00000001e-01,1,-1302
152,1,53,5.00000000e+02,1,-1302
152,1,63,2.44500008e+01,1,-1300
152,1,65,5.15869446e+01,21,-1
152,1,66,6.30650425e+00,21,-1
152,1,75,1.79000000e+02,1,998
152,1,83,5.28150000e+03,1,0
152,1,84,1.76050000e+03,1,0
152,1,85,1.50900000e+04,1,0
152,1,86,5.03000000e+03,1,0
152,1,88,5.28150000e+03,1,0
152,1,89,1.50900000e+04,1,0
152,1,91,3.80000000e+01,3,-1300
152,1,93,1.79000000e+02,141,-1209
152,1,98,2.50000000e+02,141,-1300
152,1,99,1.76050000e+03,1,0
152,1,105,4.80353564e+03,141,-1208
152,1,106,5.28150000e+03,1,0
152,1,107,5.28150000e+03,1,0
152,1,108,5.28150000e+03,1,0
152,1,109,5.28150000e+03,1,0
152,1,118,1.00000000e+00,143,-1000
152,1,119,1.00000000e+00,143,-1000
152,1,120,1.00000000e+00,143,-1000
152,1,123,1.76050000e+03,1,0
153,0,1,4.10000000e+01,1,-1000
153,0,2,2.50000000e+02,141,-1000
153,0,10,5.00000007e-02,142,-1000
153,0,11,1.00000000e+00,142,-1000
153,0,16,2.50000000e+02,141,-1000
153,0,32,1.95871000e+05,1,0
153,0,33,9.79354980e+03,1,0
153,0,36,1.07000000e+03,20,-1302
153,0,37,6.99999988e-01,1,-1302
153,0,39,1.00000000e+00,142,-1300
153,0,41,4.00000000e+01,1,-1300
153,0,42,7.00000000e+01,1,-1300
153,0,47,4.00000000e+01,1,-1300
153,0,48,7.00000000e+01,1,-1300
153,0,60,1.00000000e+00,1,-1300
153,0,75,2.50000000e+02,1,93
153,0,77,1.00000000e+00,1,94
153,0,83,1.95871000e+05,1,0
153,0,84,1.95871000e+05,1,0
153,0,85,1.95871000e+05,1,0
153,0,86,1.95871000e+05,1,0
153,0,88,1.95871000e+05,1,0
153,0,89,1.95871000e+05,1,0
153,0,91,1.00000000e+00,1,-1300
153,0,93,2.50000000e+02,141,-1209
153,0,94,1.00000000e+00,142,-1202
153,0,98,2.50000000e+02,141,-1300
153,0,99,1.95871000e+05,1,0
153,0,105,1.17162217e+04,141,-1208
153,0,106,9.79354980e+03,1,0
153,0,107,9.79354980e+03,1,0
153,0,108,9.79354980e+03,1,0
153,0,109,9.79354980e+03,1,0
153,0,123,9.79354980e+03,1,0
153,0,124,0.00000000e+00,142,-1000
153,1,1,4.10000000e+01,1,-1000
153,1,2,2.50000000e+02,141,-1000
153,1,10,5.00000007e-02,142,-1000
153,1,11,1.00000000e+00,142,-1000
153,1,16,2.50000000e+02,141,-1000
153,1,32,1.95871000e+05,1,0
153,1,33,9.79354980e+03,1,0
153,1,36,1.07000000e+03,20,-1302
153,1,37,2.09999990e+00,1,-1302
153,1,39,1.00000000e+00,142,-1300
153,1,41,4.00000000e+01,1,-1300
153,1,42,7.00000000e+01,1,-1300
153,1,47,4.00000000e+01,1,-1300
153,1,48,7.00000000e+01,1,-1300
153,1,60,1.00000000e+00,1,-1300
153,1,75,2.50000000e+02,1,93
153,1,77,1.00000000e+00,1,94
153,1,83,1.95871000e+05,1,0
153,1,84,1.95871000e+05,1,0
153,1,85,1.95871000e+05,1,0
153,1,86,1.95871000e+05,1,0
153,1,88,1.95871000e+05,1,0
153,1,89,1.95871000e+05,1,0
153,1,91,2.40000000e+01,3,-1300
153,1,93,2.50000000e+02,141,-1209
153,1,94,1.00000000e+00,142,-1202
153,1,98,2.50000000e+02,141,-1300
153,1,99,1.95871000e+05,1,0
153,1,105,1.17162217e+04,141,-1208
153,1,106,9.79354980e+03,1,0
153,1,107,9.79354980e+03,1,0
153,1,108,9.79354980e+03,1,0
153,1,109,9.79354980e+03,1,0
153,1,123,9.79354980e+03,1,0
153,1,124,0.00000000e+00,142,-1000
154,0,1,4.10000000e+01,1,-1000
154,0,2,2.50000000e+02,141,-1000
154,0,10,5.00000007e-02,142,-1000
154,0,11,1.00000000e+00,142,-1000
154,0,16,2.50000000e+02,141,-1000
154,0,32,1.95871000e+05,1,0
154,0,33,9.79354980e+03,1,0
154,0,39,1.00000000e+00,142,-1300
154,0,41,4.00000000e+01,1,-1300
154,0,42,7.00000000e+01,1,-1300
154,0,47,4.00000000e+01,1,-1300
154,0,48,7.00000000e+01,1,-1300
154,0,58,3.10000000e+03,20,-1302
154,0,60,1.00000000e+00,1,-1300
154,0,75,2.50000000e+02,1,93
154,0,77,1.00000000e+00,1,94
154,0,83,9.79354980e+03,1,0
154,0,84,9.79354980e+03,1,0
154,0,85,1.95871000e+05,1,0
154,0,86,1.95871000e+05,1,0
154,0,88,9.79354980e+03,1,0
154,0,89,1.95871000e+05,1,0
154,0,91,1.00000000e+00,1,999
154,0,93,2.50000000e+02,141,-1209
154,0,94,1.00000000e+00,142,-1202
154,0,98,2.50000000e+02,141,-1300
154,0,99,9.79354980e+03,1,0
154,0,105,1.17159404e+04,141,-1208
154,0,106,9.79354980e+03,1,0
154,0,107,9.79354980e+03,1,0
154,0,108,9.79354980e+03,1,0
154,0,109,9.79354980e+03,1,0
154,0,123,9.79354980e+03,1,0
154,0,124,0.00000000e+00,142,-1000
154,1,1,4.10000000e+01,1,-1000
154,1,2,2.50000000e+02,141,-1000
154,1,10,5.00000007e-02,142,-1000
154,1,11,1.00000000e+00,142,-1000
154,1,16,2.50000000e+02,141,-1000
154,1,32,1.95871000e+05,1,0
154,1,33,9.79354980e+03,1,0
154,1,39,1.00000000e+00,142,-1300
154,1,41,4.00000000e+01,1,-1300
154,1,42,7.00000000e+01,1,-1300
154,1,47,4.00000000e+01,1,-1300
154,1,48,7.00000000e+01,1,-1300
154,1,58,3.10000000e+03,20,-1302
154,1,60,1.00000000e+00,1,-1300
154,1,75,2.50000000e+02,1,93
154,1,77,1.00000000e+00,1,94
154,1,83,9.79354980e+03,1,0
154,1,84,9.79354980e+03,1,0
154,1,85,1.95871000e+05,1,0
154,1,86,1.95871000e+05,1,0
154,1,88,9.79354980e+03,1,0
154,1,89,1.95871000e+05,1,0
154,1,91,2.40000000e+01,3,999
154,1,93,2.50000000e+02,141,-1209
154,1,94,1.00000000e+00,142,-1202
154,1,98,2.50000000e+02,141,-1300
154,1,99,9.79354980e+03,1,0
154,1,105,1.17159404e+04,141,-1208
154,1,106,9.79354980e+03,1,0
154,1,107,9.79354980e+03,1,0
154,1,108,9.79354980e+03,1,0
154,1,109,9.79354980e+03,1,0
154,1,123,9.79354980e+03,1,0
154,1,124,0.00000000e+00,142,-1000
155,0,1,4.10000000e+01,1,-1000
155,0,2,2.50000000e+02,141,-1000
155,0,10,5.00000007e-02,142,-1000
155,0,11,1.00000000e+00,142,-1000
155,0,16,2.50000000e+02,141,-1000
155,0,32,1.95871000e+05,1,0
155,0,33,9.79354980e+03,1,0
155,0,39,1.00000000e+00,142,-1300
155,0,41,4.00000000e+01,1,-1300
155,0,42,7.00000000e+01,1,-1300
155,0,44,1.25000000e+00,1,-1300
155,0,47,4.00000000e+01,1,-1300
155,0,48,7.00000000e+01,1,-1300
155,0,65,0.00000000e+00,21,-1
155,0,70,1.50000000e+01,20,-1302
155,0,71,8.00000000e+00,20,-1302
155,0,75,2.50000000e+02,1,93
155,0,78,1.00000000e+00,1,94
155,0,83,9.79354980e+03,1,0
155,0,84,9.79354980e+03,1,0
155,0,85,1.95871000e+05,1,0
155,0,86,1.95871000e+05,1,0
155,0,88,9.79354980e+03,1,0
155,0,89,1.95871000e+05,1,0
155,0,91,1.00000000e+00,1,-1300
155,0,93,2.50000000e+02,141,-1209
155,0,94,1.00000000e+00,142,-1202
155,0,98,2.50000000e+02,141,-1300
155,0,99,9.79354980e+03,1,0
155,0,105,1.17159404e+04,141,-1208
155,0,106,9.79354980e+03,1,0
155,0,107,9.79354980e+03,1,0
155,0,108,9.79354980e+03,1,0
155,0,109,9.79354980e+03,1,0
155,0,123,9.79354980e+03,1,0
155,0,124,0.00000000e+00,142,-1000
155,1,1,4.10000000e+01,1,-1000
155,1,2,2.50000000e+02,141,-1000
155,1,10,5.00000007e-02,142,-1000
155,1,11,1.00000000e+00,142,-1000
155,1,16,2.50000000e+02,141,-1000
155,1,32,1.95871000e+05,1,0
155,1,33,9.79354980e+03,1,0
155,1,39,1.00000000e+00,142,-1300
155,1,41,4.00000000e+01,1,-1300
155,1,42,7.00000000e+01,1,-1300
155,1,44,1.25000000e+00,1,-1300
155,1,47,4.00000000e+01,1,-1300
155,1,48,7.00000000e+01,1,-1300
155,1,65,1.50000000e+01,21,-1
155,1,70,1.50000000e+01,20,-1302
155,1,71,8.00000000e+00,20,-1302
155,1,75,2.50000000e+02,1,93
155,1,78,1.00000000e+00,1,94
155,1,83,9.79354980e+03,1,0
155,1,84,9.79354980e+03,1,0
155,1,85,1.95871000e+05,1,0
155,1,86,1.95871000e+05,1,0
155,1,88,9.79354980e+03,1,0
155,1,89,1.95871000e+05,1,0
155,1,91,2.40000000e+01,3,-1300
155,1,93,2.50000000e+02,141,-1209
155,1,94,1.00000000e+00,142,-1202
155,1,98,2.50000000e+02,141,-1300
155,1,99,9.79354980e+03,1,0
155,1,105,1.17159404e+04,141,-1208
155,1,106,9.79354980e+03,1,0
155,1,107,9.79354980e+03,1,0
155,1,108,9.79354980e+03,1,0
155,1,109,9.79354980e+03,1,0
155,1,123,9.79354980e+03,1,0
155,1,124,0.00000000e+00,142,-1000
156,0,1,4.10000000e+01,1,-1000
156,0,2,2.50000000e+02,141,-1000
156,0,10,5.00000007e-02,142,-1000
156,0,11,1.00000000e+00,142,-1000
156,0,16,2.50000000e+02,141,-1000
156,0,32,1.95871000e+05,1,0
156,0,33,9.79354980e+03,1,0
156,0,36,5.35000000e+02,20,-1302
156,0,37,6.99999988e-01,1,-1302
156,0,39,1.00000000e+00,142,-1300
156,0,41,4.00000000e+01,1,-1300
156,0,42,7.00000000e+01,1,-1300
156,0,47,4.00000000e+01,1,-1300
156,0,48,7.00000000e+01,1,-1300
156,0,60,1.00000000e+00,1,-1300
156,0,75,2.50000000e+02,1,2
156,0,77,1.00000000e+00,1,11
156,0,83,9.79354980e+03,1,0
156,0,84,9.79354980e+03,1,0
156,0,85,1.95871000e+05,1,0
156,0,86,1.95871000e+05,1,0
156,0,88,9.79354980e+03,1,0
156,0,89,1.95871000e+05,1,0
156,0,91,1.00000000e+00,1,-1300
156,0,93,2.50000000e+02,141,-1209
156,0,94,0.00000000e+00,142,-1202
156,0,98,2.50000000e+02,141,-1300
156,0,99,9.79354980e+03,1,0
156,0,105,0.00000000e+00,141,-1208
156,0,106,9.79354980e+03,1,0
156,0,107,9.79354980e+03,1,0
156,0,108,9.79354980e+03,1,0
156,0,109,9.79354980e+03,1,0
156,0,123,9.79354980e+03,1,0
156,0,124,0.00000000e+00,142,-1000
156,1,1,4.10000000e+01,1,-1000
156,1,2,2.50000000e+02,141,-1000
156,1,10,5.00000007e-02,142,-1000
156,1,11,1.00000000e+00,142,-1000
156,1,16,2.50000000e+02,141,-1000
156,1,32,1.95871000e+05,1,0
156,1,33,9.79354980e+03,1,0
156,1,36,5.35000000e+02,20,-1302
156,1,37,2.09999990e+00,1,-1302
156,1,39,1.00000000e+00,142,-1300
156,1,41,4.00000000e+01,1,-1300
156,1,42,7.00000000e+01,1,-1300
156,1,47,4.00000000e+01,1,-1300
156,1,48,7.00000000e+01,1,-1300
156,1,60,1.00000000e+00,1,-1300
156,1,75,2.50000000e+02,1,2
156,1,77,5.00000007e-02,3,10
156,1,83,9.79354980e+03,1,0
156,1,84,9.79354980e+03,1,0
156,1,85,1.95871000e+05,1,0
156,1,86,1.95871000e+05,1,0
156,1,88,9.79354980e+03,1,0
156,1,89,1.95871000e+05,1,0
156,1,91,2.40000000e+01,3,-1300
156,1,93,2.50000000e+02,141,-1209
156,1,94,0.00000000e+00,142,-1202
156,1,98,2.50000000e+02,141,-1300
156,1,99,9.79354980e+03,1,0
156,1,105,0.00000000e+00,141,-1208
156,1,106,9.79354980e+03,1,0
156,1,107,9.79354980e+03,1,0
156,1,108,9.79354980e+03,1,0
156,1,109,9.79354980e+03,1,0
156,1,123,9.79354980e+03,1,0
156,1,124,0.00000000e+00,142,-1000
157,0,1,6.30000000e+01,1,-1000
157,0,2,2.50000000e+02,141,-1000
157,0,10,0.00000000e+00,142,-1000
157,0,11,5.00000007e-02,142,-1000
157,0,16,2.50000000e+02,141,-1000
157,0,32,0.00000000e+00,1,0
157,0,33,6.35500000e+02,1,0
157,0,39,1.00000000e+00,142,-1300
157,0,41,4.00000000e+01,1,-1300
157,0,42,7.00000000e+01,1,-1300
157,0,44,1.25000000e+00,1,-1300
157,0,47,4.00000000e+01,1,-1300
157,0,48,7.00000000e+01,1,-1300
157,0,65,0.00000000e+00,21,-1
157,0,70,1.50000000e+01,20,-1302
157,0,71,8.00000000e+00,20,-1302
157,0,75,2.50000000e+02,1,93
157,0,78,5.00000007e-02,1,94
157,0,83,1.27100000e+04,1,0
157,0,84,1.27100000e+04,1,0
157,0,85,0.00000000e+00,1,0
157,0,86,0.00000000e+00,1,0
157,0,88,1.27100000e+04,1,0
157,0,89,0.00000000e+00,1,0
157,0,91,1.00000000e+00,1,-1300
157,0,93,2.50000000e+02,141,-1209
157,0,94,5.00000007e-02,142,-1202
157,0,98,2.50000000e+02,141,-1300
157,0,99,1.27100000e+04,1,0
157,0,105,1.52493203e+04,141,-1208
157,0,106,0.00000000e+00,1,0
157,0,107,6.35500000e+02,1,0
157,0,108,0.00000000e+00,1,0
157,0,109,6.35500000e+02,1,0
157,0,123,0.00000000e+00,1,0
157,0,124,0.00000000e+00,142,-1000
157,1,1,6.30000000e+01,1,-1000
157,1,2,2.50000000e+02,141,-1000
157,1,10,0.00000000e+00,142,-1000
157,1,11,5.00000007e-02,142,-1000
157,1,16,2.50000000e+02,141,-1000
157,1,32,0.00000000e+00,1,0
157,1,33,6.35500000e+02,1,0
157,1,39,1.00000000e+00,142,-1300
157,1,41,4.00000000e+01,1,-1300
157,1,42,7.00000000e+01,1,-1300
157,1,44,1.25000000e+00,1,-1300
157,1,47,4.00000000e+01,1,-1300
157,1,48,7.00000000e+01,1,-1300
157,1,65,7.50000000e-01,21,-1
157,1,70,1.50000000e+01,20,-1302
157,1,71,8.00000000e+00,20,-1302
157,1,75,2.50000000e+02,1,93
157,1,78,5.00000007e-02,1,94
157,1,83,1.27100000e+04,1,0
157,1,84,1.27100000e+04,1,0
157,1,85,0.00000000e+00,1,0
157,1,86,0.00000000e+00,1,0
157,1,88,1.27100000e+04,1,0
157,1,89,0.00000000e+00,1,0
157,1,91,4.80000000e+01,3,-1300
157,1,93,2.50000000e+02,141,-1209
157,1,94,5.00000007e-02,142,-1202
157,1,98,2.50000000e+02,141,-1300
157,1,99,1.27100000e+04,1,0
157,1,105,1.52493203e+04,141,-1208
157,1,106,0.00000000e+00,1,0
157,1,107,6.35500000e+02,1,0
157,1,108,0.00000000e+00,1,0
157,1,109,6.35500000e+02,1,0
157,1,123,0.00000000e+00,1,0
157,1,124,0.00000000e+00,142,-1000
158,0,1,1.20000000e+01,1,-1000
158,0,2,2.60000000e+02,141,-1000
158,0,10,0.00000000e+00,142,-1000
158,0,11,6.10000014e-01,142,-1000
158,0,16,2.60000000e+02,141,-1000
158,0,32,0.00000000e+00,1,0
158,0,33,3.16590004e+01,1,0
158,0,36,8.40000000e+02,20,-1302
158,0,37,6.99999988e-01,1,-1302
158,0,39,1.00000000e+00,142,-1300
158,0,41,4.00000000e+01,1,-1300
158,0,42,7.00000000e+01,1,-1300
158,0,47,4.00000000e+01,1,-1300
158,0,48,7.00000000e+01,1,-1300
158,0,60,1.00000000e+00,1,-1300
158,0,75,2.50000000e+02,1,98
158,0,77,6.10000014e-01,1,94
158,0,83,5.19000015e+01,1,0
158,0,84,5.19000015e+01,1,0
158,0,85,0.00000000e+00,1,0
158,0,86,0.00000000e+00,1,0
158,0,88,5.19000015e+01,1,0
158,0,89,0.00000000e+00,1,0
158,0,91,9.00000000e+01,3,-1300
158,0,93,2.60000000e+02,141,-1209
158,0,94,6.10000014e-01,142,-1202
158,0,98,2.50000000e+02,141,-1300
158,0,99,5.19000015e+01,1,0
158,0,105,6.56236420e+01,141,-1208
158,0,106,0.00000000e+00,1,0
158,0,107,3.16590004e+01,1,0
158,0,108,0.00000000e+00,1,0
158,0,109,3.16590004e+01,1,0
158,0,123,0.00000000e+00,1,0
158,0,124,0.00000000e+00,142,-1000
158,1,1,1.20000000e+01,1,-1000
158,1,2,2.60000000e+02,141,-1000
158,1,10,0.00000000e+00,142,-1000
158,1,11,6.10000014e-01,142,-1000
158,1,16,2.60000000e+02,141,-1000
158,1,32,0.00000000e+00,1,0
158,1,33,3.16590004e+01,1,0
158,1,36,8.40000000e+02,20,-1302
158,1,37,2.09999990e+00,1,-1302
158,1,39,1.00000000e+00,142,-1300
158,1,41,4.00000000e+01,1,-1300
158,1,42,7.00000000e+01,1,-1300
158,1,47,4.00000000e+01,1,-1300
158,1,48,7.00000000e+01,1,-1300
158,1,60,1.00000000e+00,1,-1300
158,1,75,2.50000000e+02,1,98
158,1,77,6.10000014e-01,1,94
158,1,83,5.19000015e+01,1,0
158,1,84,5.19000015e+01,1,0
158,1,85,0.00000000e+00,1,0
158,1,86,0.00000000e+00,1,0
158,1,88,5.19000015e+01,1,0
158,1,89,0.00000000e+00,1,0
158,1,91,9.00000000e+01,3,-1300
158,1,93,2.60000000e+02,141,-1209
158,1,94,6.10000014e-01,142,-1202
158,1,98,2.50000000e+02,141,-1300
158,1,99,5.19000015e+01,1,0
158,1,105,6.56236420e+01,141,-1208
158,1,106,0.00000000e+00,1,0
158,1,107,3.16590004e+01,1,0
158,1,108,0.00000000e+00,1,0
158,1,109,3.16590004e+01,1,0
158,1,123,0.00000000e+00,1,0
158,1,124,0.00000000e+00,142,-1000
159,0,1,1.20000000e+01,1,-1000
159,0,2,2.60000000e+02,141,-1000
159,0,10,0.00000000e+00,142,-1000
159,0,11,6.10000014e-01,142,-1000
159,0,16,2.60000000e+02,141,-1000
159,0,32,0.00000000e+00,1,0
159,0,33,3.16590004e+01,1,0
159,0,36,8.40000000e+02,20,-1302
159,0,37,1.29999995e+00,1,-1302
159,0,39,1.00000000e+00,142,-1300
159,0,41,4.00000000e+01,1,-1300
159,0,42,7.00000000e+01,1,-1300
159,0,47,4.00000000e+01,1,-1300
159,0,48,7.00000000e+01,1,-1300
159,0,60,1.00000000e+00,1,-1300
159,0,75,2.50000000e+02,1,98
159,0,77,6.10000014e-01,1,11
159,0,83,5.19000015e+01,1,0
159,0,84,5.19000015e+01,1,0
159,0,85,0.00000000e+00,1,0
159,0,86,0.00000000e+00,1,0
159,0,88,5.19000015e+01,1,0
159,0,89,0.00000000e+00,1,0
159,0,91,1.70000000e+01,1,999
159,0,93,2.60000000e+02,141,-1209
159,0,94,6.10000014e-01,142,-1202
159,0,98,2.50000000e+02,141,-1300
159,0,99,5.19000015e+01,1,0
159,0,105,0.00000000e+00,141,-1208
159,0,106,0.00000000e+00,1,0
159,0,107,3.16590004e+01,1,0
159,0,108,0.00000000e+00,1,0
159,0,109,3.16590004e+01,1,0
159,0,123,0.00000000e+00,1,0
159,0,124,0.00000000e+00,142,-1000
159,1,1,1.20000000e+01,1,-1000
159,1,2,2.60000000e+02,141,-1000
159,1,10,0.00000000e+00,142,-1000
159,1,11,6.10000014e-01,142,-1000
159,1,16,2.60000000e+02,141,-1000
159,1,32,0.00000000e+00,1,0
159,1,33,3.16590004e+01,1,0
159,1,36,8.40000000e+02,20,-1302
159,1,37,1.03000002e+01,1,-1302
159,1,39,1.00000000e+00,142,-1300
159,1,41,4.00000000e+01,1,-1300
159,1,42,7.00000000e+01,1,-1300
159,1,47,4.00000000e+01,1,-1300
159,1,48,7.00000000e+01,1,-1300
159,1,60,1.00000000e+00,1,-1300
159,1,75,2.50000000e+02,1,98
159,1,77,6.10000014e-01,1,11
159,1,83,5.19000015e+01,1,0
159,1,84,5.19000015e+01,1,0
159,1,85,0.00000000e+00,1,0
159,1,86,0.00000000e+00,1,0
159,1,88,5.19000015e+01,1,0
159,1,89,0.00000000e+00,1,0
159,1,91,9.00000000e+01,3,999
159,1,93,2.60000000e+02,141,-1209
159,1,94,6.10000014e-01,142,-1202
159,1,98,2.50000000e+02,141,-1300
159,1,99,5.19000015e+01,1,0
159,1,105,0.00000000e+00,141,-1208
159,1,106,0.00000000e+00,1,0
159,1,107,3.16590004e+01,1,0
159,1,108,0.00000000e+00,1,0
159,1,109,3.16590004e+01,1,0
159,1,123,0.00000000e+00,1,0
159,1,124,0.00000000e+00,142,-1000
160,0,1,1.20000000e+01,1,-1000
160,0,2,2.60000000e+02,141,-1000
160,0,10,0.00000000e+00,142,-1000
160,0,11,6.10000014e-01,142,-1000
160,0,16,2.60000000e+02,141,-1000
160,0,32,0.00000000e+00,1,0
160,0,33,3.16590004e+01,1,0
160,0,39,1.00000000e+00,142,-1300
160,0,41,4.00000000e+01,1,-1300
160,0,42,7.00000000e+01,1,-1300
160,0,44,1.25000000e+00,1,-1300
160,0,46,8.00000000e+00,1,-1302
160,0,47,4.00000000e+01,1,-1300
160,0,48,7.00000000e+01,1,-1300
160,0,57,2.00000000e+00,1,-1302
160,0,59,0.00000000e+00,1,10
160,0,65,0.00000000e+00,21,-1
160,0,68,2.50000000e-01,1,-1302
