RelParmsAN,OutputID,ParmID,ParmValue,ParmType,ParmVC
297,1,111,0.00000000e+00,140,-1211
297,1,112,0.00000000e+00,140,-1212
297,1,123,0.00000000e+00,1,-1000
297,1,130,0.00000000e+00,140,-1000
298,0,1,1.00000000e+00,1,-1000
298,0,2,2.50000000e+02,141,-1000
298,0,12,0.00000000e+00,140,-1000
298,0,13,0.00000000e+00,140,-1000
298,0,14,0.00000000e+00,140,-1000
298,0,15,0.00000000e+00,140,-1000
298,0,16,2.50000000e+02,141,-1000
298,0,32,0.00000000e+00,1,-1000
298,0,33,3.95000011e-01,1,-1000
298,0,43,6.49999976e-01,3,1
298,0,45,9.59999979e-01,3,999
298,0,52,1.00000000e+00,1,2
298,0,72,2.50000000e+02,1,2
298,0,74,3.49999994e-01,20,-1302
298,0,83,1.58000004e+00,1,-1000
298,0,84,1.58000004e+00,1,-1000
298,0,85,0.00000000e+00,1,-1000
298,0,86,0.00000000e+00,1,-1000
298,0,87,0.00000000e+00,140,-1213
298,0,88,1.58000004e+00,1,-1000
298,0,89,0.00000000e+00,1,-1000
298,0,92,3.95000011e-01,1,107
298,0,93,2.50000000e+02,141,-1209
298,0,98,2.50000000e+02,141,-1300
298,0,99,1.58000004e+00,1,-1000
298,0,103,3.95000011e-01,140,-1000
298,0,104,0.00000000e+00,140,-1000
298,0,105,0.00000000e+00,141,-1208
298,0,106,0.00000000e+00,1,-1000
298,0,107,3.95000011e-01,1,-1000
298,0,108,0.00000000e+00,1,-1000
298,0,109,3.95000011e-01,1,-1000
298,0,110,0.00000000e+00,140,-1206
298,0,111,0.00000000e+00,140,-1211
298,0,112,0.00000000e+00,140,-1212
298,0,123,0.00000000e+00,1,-1000
298,0,130,0.00000000e+00,140,-1000
298,1,1,1.00000000e+00,1,-1000
298,1,2,2.50000000e+02,141,-1000
298,1,12,0.00000000e+00,140,-1000
298,1,13,0.00000000e+00,140,-1000
298,1,14,0.00000000e+00,140,-1000
298,1,15,0.00000000e+00,140,-1000
298,1,16,2.50000000e+02,141,-1000
298,1,32,0.00000000e+00,1,-1000
298,1,33,3.95000011e-01,1,-1000
298,1,43,2.00000003e-01,3,999
298,1,45,9.59999979e-01,3,999
298,1,52,1.00000000e+00,1,-1300
298,1,72,2.50000000e+02,1,2
298,1,74,8.00000012e-01,20,-1302
298,1,83,1.58000004e+00,1,-1000
298,1,84,1.58000004e+00,1,-1000
298,1,85,0.00000000e+00,1,-1000
298,1,86,0.00000000e+00,1,-1000
298,1,87,0.00000000e+00,140,-1213
298,1,88,1.58000004e+00,1,-1000
298,1,89,0.00000000e+00,1,-1000
298,1,92,3.95000011e-01,1,107
298,1,93,2.50000000e+02,141,-1209
298,1,98,2.50000000e+02,141,-1300
298,1,99,1.58000004e+00,1,-1000
298,1,103,3.95000011e-01,140,-1000
298,1,104,0.00000000e+00,140,-1000
298,1,105,0.00000000e+00,141,-1208
298,1,106,0.00000000e+00,1,-1000
298,1,107,3.95000011e-01,1,-1000
298,1,108,0.00000000e+00,1,-1000
298,1,109,3.95000011e-01,1,-1000
298,1,110,0.00000000e+00,140,-1206
298,1,111,0.00000000e+00,140,-1211
298,1,112,0.00000000e+00,140,-1212
298,1,123,0.00000000e+00,1,-1000
298,1,130,0.00000000e+00,140,-1000
160,0,1,1.10000000e+01,1,-1000
160,0,2,2.50000000e+02,141,-1000
160,0,12,0.00000000e+00,140,-1000
160,0,13,0.00000000e+00,140,-1000
160,0,14,0.00000000e+00,140,-1000
160,0,15,0.00000000e+00,140,-1000
160,0,16,2.50000000e+02,141,-1000
160,0,32,0.00000000e+00,1,-1000
160,0,33,3.83600006e+02,1,-1000
160,0,72,2.50000000e+02,1,93
160,0,73,2.50000004e-02,1,-1302
160,0,83,5.48000000e+02,1,-1000
160,0,84,5.48000000e+02,1,-1000
160,0,85,0.00000000e+00,1,-1000
160,0,86,0.00000000e+00,1,-1000
160,0,87,5.19480530e+02,140,-1213
160,0,88,5.48000000e+02,1,-1000
160,0,89,0.00000000e+00,1,-1000
160,0,92,3.63636383e+02,1,112
160,0,93,2.50000000e+02,141,-1209
160,0,98,2.50000000e+02,141,-1300
160,0,99,5.48000000e+02,1,-1000
160,0,103,3.83600006e+02,140,-1000
160,0,104,0.00000000e+00,140,-1000
160,0,105,6.23850769e+02,141,-1208
160,0,106,0.00000000e+00,1,-1000
160,0,107,3.83600006e+02,1,-1000
160,0,108,0.00000000e+00,1,-1000
160,0,109,3.83600006e+02,1,-1000
160,0,110,2.08175003e+02,140,-1206
160,0,111,1.45722504e+02,140,-1211
160,0,112,3.63636383e+02,140,-1212
160,0,123,0.00000000e+00,1,-1000
160,0,130,0.00000000e+00,140,-1000
160,1,1,1.10000000e+01,1,-1000
160,1,2,2.50000000e+02,141,-1000
160,1,12,0.00000000e+00,140,-1000
160,1,13,0.00000000e+00,140,-1000
160,1,14,0.00000000e+00,140,-1000
160,1,15,0.00000000e+00,140,-1000
160,1,16,2.50000000e+02,141,-1000
160,1,32,0.00000000e+00,1,-1000
160,1,33,3.83600006e+02,1,-1000
160,1,72,2.50000000e+02,1,93
160,1,73,2.99999993e-02,1,-1302
160,1,83,5.48000000e+02,1,-1000
160,1,84,5.48000000e+02,1,-1000
160,1,85,0.00000000e+00,1,-1000
160,1,86,0.00000000e+00,1,-1000
160,1,87,5.19480530e+02,140,-1213
160,1,88,5.48000000e+02,1,-1000
160,1,89,0.00000000e+00,1,-1000
160,1,92,3.63636383e+02,1,112
160,1,93,2.50000000e+02,141,-1209
160,1,98,2.50000000e+02,141,-1300
160,1,99,5.48000000e+02,1,-1000
160,1,103,3.83600006e+02,140,-1000
160,1,104,0.00000000e+00,140,-1000
160,1,105,6.23850769e+02,141,-1208
160,1,106,0.00000000e+00,1,-1000
160,1,107,3.83600006e+02,1,-1000
160,1,108,0.00000000e+00,1,-1000
160,1,109,3.83600006e+02,1,-1000
160,1,110,2.08175003e+02,140,-1206
160,1,111,1.45722504e+02,140,-1211
160,1,112,3.63636383e+02,140,-1212
160,1,123,0.00000000e+00,1,-1000
160,1,130,0.00000000e+00,140,-1000
161,0,1,1.10000000e+01,1,-1000
161,0,2,2.50000000e+02,141,-1000
161,0,12,0.00000000e+00,140,-1000
161,0,13,0.00000000e+00,140,-1000
161,0,14,0.00000000e+00,140,-1000
161,0,15,0.00000000e+00,140,-1000
161,0,16,2.50000000e+02,141,-1000
161,0,32,0.00000000e+00,1,-1000
161,0,33,3.83600006e+02,1,-1000
161,0,43,2.50000000e-01,1,-1300
161,0,45,9.59999979e-01,1,-1300
161,0,52,8.99999976e-01,1,-1300
161,0,72,2.50000000e+02,1,2
161,0,74,7.50000000e-01,20,-1302
161,0,83,5.48000000e+02,1,-1000
161,0,84,5.48000000e+02,1,-1000
161,0,85,0.00000000e+00,1,-1000
161,0,86,0.00000000e+00,1,-1000
161,0,87,0.00000000e+00,140,-1213
161,0,88,5.48000000e+02,1,-1000
161,0,89,0.00000000e+00,1,-1000
161,0,92,3.83600006e+02,1,107
161,0,93,2.50000000e+02,141,-1209
161,0,98,2.50000000e+02,141,-1300
161,0,99,5.48000000e+02,1,-1000
161,0,103,3.83600006e+02,140,-1000
161,0,104,0.00000000e+00,140,-1000
161,0,105,0.00000000e+00,141,-1208
161,0,106,0.00000000e+00,1,-1000
161,0,107,3.83600006e+02,1,-1000
161,0,108,0.00000000e+00,1,-1000
161,0,109,3.83600006e+02,1,-1000
161,0,110,0.00000000e+00,140,-1206
161,0,111,0.00000000e+00,140,-1211
161,0,112,0.00000000e+00,140,-1212
161,0,123,0.00000000e+00,1,-1000
161,0,130,0.00000000e+00,140,-1000
161,1,1,1.10000000e+01,1,-1000
161,1,2,2.50000000e+02,141,-1000
161,1,12,0.00000000e+00,140,-1000
161,1,13,0.00000000e+00,140,-1000
161,1,14,0.00000000e+00,140,-1000
161,1,15,0.00000000e+00,140,-1000
161,1,16,2.50000000e+02,141,-1000
161,1,32,0.00000000e+00,1,-1000
161,1,33,3.83600006e+02,1,-1000
161,1,43,2.50000000e-01,1,-1300
161,1,45,8.99999976e-01,1,2
161,1,52,1.00000000e+00,1,-1300
161,1,72,2.50000000e+02,1,2
161,1,74,7.50000000e-01,20,-1302
161,1,83,5.48000000e+02,1,-1000
161,1,84,5.48000000e+02,1,-1000
161,1,85,0.00000000e+00,1,-1000
161,1,86,0.00000000e+00,1,-1000
161,1,87,0.00000000e+00,140,-1213
161,1,88,5.48000000e+02,1,-1000
161,1,89,0.00000000e+00,1,-1000
161,1,92,3.83600006e+02,1,107
161,1,93,2.50000000e+02,141,-1209
161,1,98,2.50000000e+02,141,-1300
161,1,99,5.48000000e+02,1,-1000
161,1,103,3.83600006e+02,140,-1000
161,1,104,0.00000000e+00,140,-1000
161,1,105,0.00000000e+00,141,-1208
161,1,106,0.00000000e+00,1,-1000
161,1,107,3.83600006e+02,1,-1000
161,1,108,0.00000000e+00,1,-1000
161,1,109,3.83600006e+02,1,-1000
161,1,110,0.00000000e+00,140,-1206
161,1,111,0.00000000e+00,140,-1211
161,1,112,0.00000000e+00,140,-1212
161,1,123,0.00000000e+00,1,-1000
161,1,130,0.00000000e+00,140,-1000
162,0,1,1.10000000e+01,1,-1000
162,0,2,2.50000000e+02,141,-1000
162,0,12,0.00000000e+00,140,-1000
162,0,13,0.00000000e+00,140,-1000
162,0,14,0.00000000e+00,140,-1000
162,0,15,0.00000000e+00,140,-1000
162,0,16,2.50000000e+02,141,-1000
162,0,32,0.00000000e+00,1,-1000
162,0,33,3.83600006e+02,1,-1000
162,0,72,2.50000000e+02,1,2
162,0,73,1.99999996e-02,1,-1302
162,0,83,5.48000000e+02,1,-1000
162,0,84,5.48000000e+02,1,-1000
162,0,85,0.00000000e+00,1,-1000
162,0,86,0.00000000e+00,1,-1000
162,0,87,0.00000000e+00,140,-1213
162,0,88,5.48000000e+02,1,-1000
162,0,89,0.00000000e+00,1,-1000
162,0,92,3.83600006e+02,1,107
162,0,93,2.50000000e+02,141,-1209
162,0,98,2.50000000e+02,141,-1300
162,0,99,5.48000000e+02,1,-1000
162,0,103,3.83600006e+02,140,-1000
162,0,104,0.00000000e+00,140,-1000
162,0,105,0.00000000e+00,141,-1208
162,0,106,0.00000000e+00,1,-1000
162,0,107,3.83600006e+02,1,-1000
162,0,108,0.00000000e+00,1,-1000
162,0,109,3.83600006e+02,1,-1000
162,0,110,0.00000000e+00,140,-1206
162,0,111,0.00000000e+00,140,-1211
162,0,112,0.00000000e+00,140,-1212
162,0,123,0.00000000e+00,1,-1000
162,0,130,0.00000000e+00,140,-1000
162,1,1,1.10000000e+01,1,-1000
162,1,2,2.50000000e+02,141,-1000
162,1,12,0.00000000e+00,140,-1000
162,1,13,0.00000000e+00,140,-1000
162,1,14,0.00000000e+00,140,-1000
162,1,15,0.00000000e+00,140,-1000
162,1,16,2.50000000e+02,141,-1000
162,1,32,0.00000000e+00,1,-1000
162,1,33,3.83600006e+02,1,-1000
162,1,72,2.50000000e+02,1,2
162,1,73,1.99999996e-02,1,-1302
162,1,83,5.48000000e+02,1,-1000
162,1,84,5.48000000e+02,1,-1000
162,1,85,0.00000000e+00,1,-1000
162,1,86,0.00000000e+00,1,-1000
162,1,87,0.00000000e+00,140,-1213
162,1,88,5.48000000e+02,1,-1000
162,1,89,0.00000000e+00,1,-1000
162,1,92,3.83600006e+02,1,107
162,1,93,2.50000000e+02,141,-1209
162,1,98,2.50000000e+02,141,-1300
162,1,99,5.48000000e+02,1,-1000
162,1,103,3.83600006e+02,140,-1000
162,1,104,0.00000000e+00,140,-1000
162,1,105,0.00000000e+00,141,-1208
162,1,106,0.00000000e+00,1,-1000
162,1,107,3.83600006e+02,1,-1000
162,1,108,0.00000000e+00,1,-1000
162,1,109,3.83600006e+02,1,-1000
162,1,110,0.00000000e+00,140,-1206
162,1,111,0.00000000e+00,140,-1211
162,1,112,0.00000000e+00,140,-1212
162,1,123,0.00000000e+00,1,-1000
162,1,130,0.00000000e+00,140,-1000
163,0,1,1.10000000e+01,1,-1000
163,0,2,2.50000000e+02,141,-1000
163,0,4,1.00000001e-01,1,-1302
163,0,5,2.00000000e+02,1,-1102
163,0,6,8.20500031e+01,20,-1300
163,0,8,2.98000000e+02,1,-1300
163,0,16,2.50000000e+02,141,-1000
163,0,19,5.50000000e+01,1,-1203
163,0,22,5.00000000e-01,1,-1300
163,0,23,2.00000000e+01,1,-1201
163,0,31,1.24770150e-01,1,-1302
163,0,32,0.00000000e+00,1,0
163,0,33,3.83600006e+02,1,0
163,0,40,0.00000000e+00,1,118
163,0,50,6.22434309e-04,21,-1
163,0,72,2.50000000e+02,1,93
163,0,83,5.48000000e+02,1,0
163,0,84,5.48000000e+02,1,0
163,0,85,0.00000000e+00,1,0
163,0,86,0.00000000e+00,1,0
163,0,88,5.48000000e+02,1,0
163,0,89,0.00000000e+00,1,0
163,0,93,2.50000000e+02,141,-1209
163,0,98,2.50000000e+02,141,-1300
163,0,99,5.48000000e+02,1,0
163,0,105,6.23850769e+02,141,-1208
163,0,106,0.00000000e+00,1,0
163,0,107,3.83600006e+02,1,0
163,0,108,0.00000000e+00,1,0
163,0,109,3.83600006e+02,1,0
163,0,118,1.00000000e+00,143,-1000
163,0,119,1.00000000e+00,143,-1000
163,0,120,1.00000000e+00,143,-1000
163,0,123,0.00000000e+00,1,0
163,1,1,1.10000000e+01,1,-1000
163,1,2,2.50000000e+02,141,-1000
163,1,4,1.00000001e-01,1,-1302
163,1,5,2.00000000e+02,1,-1102
163,1,6,8.20500031e+01,20,-1300
163,1,8,2.98000000e+02,1,-1300
163,1,16,2.50000000e+02,141,-1000
163,1,19,5.50000000e+01,1,-1203
163,1,22,1.00000000e+00,1,-1300
163,1,23,2.00000000e+01,1,-1201
163,1,31,1.24770150e-01,1,-1302
163,1,32,0.00000000e+00,1,0
163,1,33,3.83600006e+02,1,0
163,1,40,0.00000000e+00,1,118
163,1,50,1.24486862e-03,21,-1
163,1,72,2.50000000e+02,1,93
163,1,83,5.48000000e+02,1,0
163,1,84,5.48000000e+02,1,0
163,1,85,0.00000000e+00,1,0
163,1,86,0.00000000e+00,1,0
163,1,88,5.48000000e+02,1,0
163,1,89,0.00000000e+00,1,0
163,1,93,2.50000000e+02,141,-1209
163,1,98,2.50000000e+02,141,-1300
163,1,99,5.48000000e+02,1,0
163,1,105,6.23850769e+02,141,-1208
163,1,106,0.00000000e+00,1,0
163,1,107,3.83600006e+02,1,0
163,1,108,0.00000000e+00,1,0
163,1,109,3.83600006e+02,1,0
163,1,118,1.00000000e+00,143,-1000
163,1,119,1.00000000e+00,143,-1000
163,1,120,1.00000000e+00,143,-1000
163,1,123,0.00000000e+00,1,0
164,0,1,1.10000000e+01,1,-1000
164,0,2,2.50000000e+02,141,-1000
164,0,12,0.00000000e+00,140,-1000
164,0,13,0.00000000e+00,140,-1000
164,0,14,0.00000000e+00,140,-1000
164,0,15,0.00000000e+00,140,-1000
164,0,16,2.50000000e+02,141,-1000
164,0,32,0.00000000e+00,1,-1000
164,0,33,3.83600006e+02,1,-1000
164,0,72,2.50000000e+02,1,93
164,0,73,2.50000004e-02,1,-1302
164,0,83,5.48000000e+02,1,-1000
164,0,84,5.48000000e+02,1,-1000
164,0,85,0.00000000e+00,1,-1000
164,0,86,0.00000000e+00,1,-1000
164,0,87,5.19480530e+02,140,-1213
164,0,88,5.48000000e+02,1,-1000
164,0,89,0.00000000e+00,1,-1000
164,0,92,3.63636383e+02,1,112
164,0,93,2.50000000e+02,141,-1209
164,0,98,2.50000000e+02,141,-1300
164,0,99,5.48000000e+02,1,-1000
164,0,103,3.83600006e+02,140,-1000
164,0,104,0.00000000e+00,140,-1000
164,0,105,6.23850769e+02,141,-1208
164,0,106,0.00000000e+00,1,-1000
164,0,107,3.83600006e+02,1,-1000
164,0,108,0.00000000e+00,1,-1000
164,0,109,3.83600006e+02,1,-1000
164,0,110,2.08175003e+02,140,-1206
164,0,111,1.45722504e+02,140,-1211
164,0,112,3.63636383e+02,140,-1212
164,0,123,0.00000000e+00,1,-1000
164,0,130,0.00000000e+00,140,-1000
164,1,1,1.10000000e+01,1,-1000
164,1,2,2.50000000e+02,141,-1000
164,1,12,0.00000000e+00,140,-1000
164,1,13,0.00000000e+00,140,-1000
164,1,14,0.00000000e+00,140,-1000
164,1,15,0.00000000e+00,140,-1000
164,1,16,2.50000000e+02,141,-1000
164,1,32,0.00000000e+00,1,-1000
164,1,33,3.83600006e+02,1,-1000
164,1,72,2.50000000e+02,1,93
164,1,73,2.99999993e-02,1,-1302
164,1,83,5.48000000e+02,1,-1000
164,1,84,5.48000000e+02,1,-1000
164,1,85,0.00000000e+00,1,-1000
164,1,86,0.00000000e+00,1,-1000
164,1,87,5.19480530e+02,140,-1213
164,1,88,5.48000000e+02,1,-1000
164,1,89,0.00000000e+00,1,-1000
164,1,92,3.63636383e+02,1,112
164,1,93,2.50000000e+02,141,-1209
164,1,98,2.50000000e+02,141,-1300
164,1,99,5.48000000e+02,1,-1000
164,1,103,3.83600006e+02,140,-1000
164,1,104,0.00000000e+00,140,-1000
164,1,105,6.23850769e+02,141,-1208
164,1,106,0.00000000e+00,1,-1000
164,1,107,3.83600006e+02,1,-1000
164,1,108,0.00000000e+00,1,-1000
164,1,109,3.83600006e+02,1,-1000
164,1,110,2.08175003e+02,140,-1206
164,1,111,1.45722504e+02,140,-1211
164,1,112,3.63636383e+02,140,-1212
164,1,123,0.00000000e+00,1,-1000
164,1,130,0.00000000e+00,140,-1000
165,0,1,1.10000000e+01,1,-1000
165,0,2,2.50000000e+02,141,-1000
165,0,4,1.00000001e-01,1,-1302
165,0,5,2.00000000e+02,1,-1102
165,0,7,1.00000000e+00,1,-1300
165,0,8,2.98000000e+02,1,-1300
165,0,16,2.50000000e+02,141,-1000
165,0,26,5.07999992e+00,1,-1302
165,0,28,0.00000000e+00,21,-1
165,0,31,1.24770150e-01,1,-1302
165,0,32,0.00000000e+00,1,0
165,0,33,3.83600006e+02,1,0
165,0,40,0.00000000e+00,1,118
165,0,50,0.00000000e+00,21,-1
165,0,69,1.00000000e+02,1,-1302
165,0,72,2.50000000e+02,1,93
165,0,83,5.48000000e+02,1,0
165,0,84,5.48000000e+02,1,0
165,0,85,0.00000000e+00,1,0
165,0,86,0.00000000e+00,1,0
165,0,88,5.48000000e+02,1,0
165,0,89,0.00000000e+00,1,0
165,0,93,2.50000000e+02,141,-1209
165,0,98,2.50000000e+02,141,-1300
165,0,99,5.48000000e+02,1,0
165,0,105,6.23850769e+02,141,-1208
165,0,106,0.00000000e+00,1,0
165,0,107,3.83600006e+02,1,0
165,0,108,0.00000000e+00,1,0
165,0,109,3.83600006e+02,1,0
165,0,118,1.00000000e+00,143,-1000
165,0,119,1.00000000e+00,143,-1000
165,0,120,1.00000000e+00,143,-1000
165,0,123,0.00000000e+00,1,0
165,1,1,1.10000000e+01,1,-1000
165,1,2,2.50000000e+02,141,-1000
165,1,4,1.00000001e-01,1,-1302
165,1,5,2.00000000e+02,1,-1102
165,1,7,1.00000000e+00,1,-1300
165,1,8,2.98000000e+02,1,-1300
165,1,16,2.50000000e+02,141,-1000
165,1,26,5.07999992e+00,1,-1302
165,1,28,2.02682991e+01,21,-1
165,1,31,1.24770150e-01,1,-1302
165,1,32,0.00000000e+00,1,0
165,1,33,3.83600006e+02,1,0
165,1,40,0.00000000e+00,1,118
165,1,50,2.07283028e-05,21,-1
165,1,69,1.00000000e+02,1,-1302
165,1,72,2.50000000e+02,1,93
165,1,83,5.48000000e+02,1,0
165,1,84,5.48000000e+02,1,0
165,1,85,0.00000000e+00,1,0
165,1,86,0.00000000e+00,1,0
165,1,88,5.48000000e+02,1,0
165,1,89,0.00000000e+00,1,0
165,1,93,2.50000000e+02,141,-1209
165,1,98,2.50000000e+02,141,-1300
165,1,99,5.48000000e+02,1,0
165,1,105,6.23850769e+02,141,-1208
165,1,106,0.00000000e+00,1,0
165,1,107,3.83600006e+02,1,0
165,1,108,0.00000000e+00,1,0
165,1,109,3.83600006e+02,1,0
165,1,118,1.00000000e+00,143,-1000
165,1,119,1.00000000e+00,143,-1000
165,1,120,1.00000000e+00,143,-1000
165,1,123,0.00000000e+00,1,0
166,0,1,1.10000000e+01,1,-1000
166,0,2,2.50000000e+02,141,-1000
166,0,4,1.00000001e-01,1,-1302
166,0,5,2.00000000e+02,1,-1102
166,0,7,1.00000000e+00,1,-1300
166,0,8,2.98000000e+02,1,-1300
166,0,16,2.50000000e+02,141,-1000
166,0,26,2.50000000e+00,1,-1302
166,0,28,4.90873861e+00,21,-1
166,0,31,1.00000000e+00,1,-1302
166,0,32,0.00000000e+00,1,0
166,0,33,3.83600006e+02,1,0
166,0,40,1.00000000e+00,1,118
166,0,50,7.15612987e-06,21,-1
166,0,69,1.00000000e+02,1,-1302
166,0,72,2.50000000e+02,1,2
166,0,83,5.48000000e+02,1,0
166,0,84,5.48000000e+02,1,0
166,0,85,0.00000000e+00,1,0
166,0,86,0.00000000e+00,1,0
166,0,88,5.48000000e+02,1,0
166,0,89,0.00000000e+00,1,0
166,0,93,2.50000000e+02,141,-1209
166,0,98,2.50000000e+02,141,-1300
166,0,99,5.48000000e+02,1,0
166,0,105,0.00000000e+00,141,-1208
166,0,106,0.00000000e+00,1,0
166,0,107,3.83600006e+02,1,0
166,0,108,0.00000000e+00,1,0
166,0,109,3.83600006e+02,1,0
166,0,118,1.00000000e+00,143,-1000
166,0,119,1.00000000e+00,143,-1000
166,0,120,1.00000000e+00,143,-1000
166,0,123,0.00000000e+00,1,0
166,1,1,1.10000000e+01,1,-1000
166,1,2,2.50000000e+02,141,-1000
166,1,4,1.00000001e-01,1,-1302
166,1,5,2.00000000e+02,1,-1102
166,1,7,1.00000000e+00,1,-1300
166,1,8,2.98000000e+02,1,-1300
166,1,16,2.50000000e+02,141,-1000
166,1,26,1.00000000e+01,1,-1302
166,1,28,7.85398178e+01,21,-1
166,1,31,1.00000000e+00,1,-1302
166,1,32,0.00000000e+00,1,0
166,1,33,3.83600006e+02,1,0
166,1,40,1.00000000e+00,1,118
166,1,50,5.72490389e-05,21,-1
166,1,69,1.00000000e+02,1,-1302
166,1,72,2.50000000e+02,1,2
166,1,83,5.48000000e+02,1,0
166,1,84,5.48000000e+02,1,0
166,1,85,0.00000000e+00,1,0
166,1,86,0.00000000e+00,1,0
166,1,88,5.48000000e+02,1,0
166,1,89,0.00000000e+00,1,0
166,1,93,2.50000000e+02,141,-1209
166,1,98,2.50000000e+02,141,-1300
166,1,99,5.48000000e+02,1,0
166,1,105,0.00000000e+00,141,-1208
166,1,106,0.00000000e+00,1,0
166,1,107,3.83600006e+02,1,0
166,1,108,0.00000000e+00,1,0
166,1,109,3.83600006e+02,1,0
166,1,118,1.00000000e+00,143,-1000
166,1,119,1.00000000e+00,143,-1000
166,1,120,1.00000000e+00,143,-1000
166,1,123,0.00000000e+00,1,0
167,0,1,1.10000000e+01,1,-1000
167,0,2,2.50000000e+02,141,-1000
167,0,12,0.00000000e+00,140,-1000
167,0,13,0.00000000e+00,140,-1000
167,0,14,0.00000000e+00,140,-1000
167,0,15,0.00000000e+00,140,-1000
167,0,16,2.50000000e+02,141,-1000
167,0,32,0.00000000e+00,1,-1000
167,0,33,3.83600006e+02,1,-1000
167,0,43,2.50000000e-01,1,-1300
167,0,45,9.59999979e-01,1,-1300
167,0,52,8.99999976e-01,1,-1300
167,0,72,2.50000000e+02,1,2
167,0,74,7.50000000e-01,20,-1302
167,0,83,5.48000000e+02,1,-1000
167,0,84,5.48000000e+02,1,-1000
167,0,85,0.00000000e+00,1,-1000
167,0,86,0.00000000e+00,1,-1000
167,0,87,0.00000000e+00,140,-1213
167,0,88,5.48000000e+02,1,-1000
167,0,89,0.00000000e+00,1,-1000
167,0,92,3.83600006e+02,1,107
167,0,93,2.50000000e+02,141,-1209
167,0,98,2.50000000e+02,141,-1300
167,0,99,5.48000000e+02,1,-1000
167,0,103,3.83600006e+02,140,-1000
167,0,104,0.00000000e+00,140,-1000
167,0,105,0.00000000e+00,141,-1208
167,0,106,0.00000000e+00,1,-1000
167,0,107,3.83600006e+02,1,-1000
167,0,108,0.00000000e+00,1,-1000
167,0,109,3.83600006e+02,1,-1000
167,0,110,0.00000000e+00,140,-1206
167,0,111,0.00000000e+00,140,-1211
167,0,112,0.00000000e+00,140,-1212
167,0,123,0.00000000e+00,1,-1000
167,0,130,0.00000000e+00,140,-1000
167,1,1,1.10000000e+01,1,-1000
167,1,2,2.50000000e+02,141,-1000
167,1,12,0.00000000e+00,140,-1000
167,1,13,0.00000000e+00,140,-1000
167,1,14,0.00000000e+00,140,-1000
167,1,15,0.00000000e+00,140,-1000
167,1,16,2.50000000e+02,141,-1000
167,1,32,0.00000000e+00,1,-1000
167,1,33,3.83600006e+02,1,-1000
167,1,43,2.50000000e-01,1,-1300
167,1,45,8.99999976e-01,1,2
167,1,52,1.00000000e+00,1,-1300
167,1,72,2.50000000e+02,1,2
167,1,74,7.50000000e-01,20,-1302
167,1,83,5.48000000e+02,1,-1000
167,1,84,5.48000000e+02,1,-1000
167,1,85,0.00000000e+00,1,-1000
167,1,86,0.00000000e+00,1,-1000
167,1,87,0.00000000e+00,140,-1213
167,1,88,5.48000000e+02,1,-1000
167,1,89,0.00000000e+00,1,-1000
167,1,92,3.83600006e+02,1,107
167,1,93,2.50000000e+02,141,-1209
167,1,98,2.50000000e+02,141,-1300
167,1,99,5.48000000e+02,1,-1000
167,1,103,3.83600006e+02,140,-1000
167,1,104,0.00000000e+00,140,-1000
167,1,105,0.00000000e+00,141,-1208
167,1,106,0.00000000e+00,1,-1000
167,1,107,3.83600006e+02,1,-1000
167,1,108,0.00000000e+00,1,-1000
167,1,109,3.83600006e+02,1,-1000
167,1,110,0.00000000e+00,140,-1206
167,1,111,0.00000000e+00,140,-1211
167,1,112,0.00000000e+00,140,-1212
167,1,123,0.00000000e+00,1,-1000
167,1,130,0.00000000e+00,140,-1000
168,0,1,1.10000000e+01,1,-1000
168,0,2,2.50000000e+02,141,-1000
168,0,12,0.00000000e+00,140,-1000
168,0,13,0.00000000e+00,140,-1000
168,0,14,0.00000000e+00,140,-1000
168,0,15,0.00000000e+00,140,-1000
168,0,16,2.50000000e+02,141,-1000
168,0,32,0.00000000e+00,1,-1000
168,0,33,3.83600006e+02,1,-1000
168,0,72,2.50000000e+02,1,2
168,0,73,1.99999996e-02,1,-1302
168,0,83,5.48000000e+02,1,-1000
168,0,84,5.48000000e+02,1,-1000
168,0,85,0.00000000e+00,1,-1000
168,0,86,0.00000000e+00,1,-1000
168,0,87,0.00000000e+00,140,-1213
168,0,88,5.48000000e+02,1,-1000
168,0,89,0.00000000e+00,1,-1000
168,0,92,3.83600006e+02,1,107
168,0,93,2.50000000e+02,141,-1209
168,0,98,2.50000000e+02,141,-1300
168,0,99,5.48000000e+02,1,-1000
168,0,103,3.83600006e+02,140,-1000
168,0,104,0.00000000e+00,140,-1000
168,0,105,0.00000000e+00,141,-1208
168,0,106,0.00000000e+00,1,-1000
168,0,107,3.83600006e+02,1,-1000
168,0,108,0.00000000e+00,1,-1000
168,0,109,3.83600006e+02,1,-1000
168,0,110,0.00000000e+00,140,-1206
168,0,111,0.00000000e+00,140,-1211
168,0,112,0.00000000e+00,140,-1212
168,0,123,0.00000000e+00,1,-1000
168,0,130,0.00000000e+00,140,-1000
168,1,1,1.10000000e+01,1,-1000
168,1,2,2.50000000e+02,141,-1000
168,1,12,0.00000000e+00,140,-1000
168,1,13,0.00000000e+00,140,-1000
168,1,14,0.00000000e+00,140,-1000
168,1,15,0.00000000e+00,140,-1000
168,1,16,2.50000000e+02,141,-1000
168,1,32,0.00000000e+00,1,-1000
168,1,33,3.83600006e+02,1,-1000
168,1,72,2.50000000e+02,1,2
168,1,73,1.99999996e-02,1,-1302
168,1,83,5.48000000e+02,1,-1000
168,1,84,5.48000000e+02,1,-1000
168,1,85,0.00000000e+00,1,-1000
168,1,86,0.00000000e+00,1,-1000
168,1,87,0.00000000e+00,140,-1213
168,1,88,5.48000000e+02,1,-1000
168,1,89,0.00000000e+00,1,-1000
168,1,92,3.83600006e+02,1,107
168,1,93,2.50000000e+02,141,-1209
168,1,98,2.50000000e+02,141,-1300
168,1,99,5.48000000e+02,1,-1000
168,1,103,3.83600006e+02,140,-1000
168,1,104,0.00000000e+00,140,-1000
168,1,105,0.00000000e+00,141,-1208
168,1,106,0.00000000e+00,1,-1000
168,1,107,3.83600006e+02,1,-1000
168,1,108,0.00000000e+00,1,-1000
168,1,109,3.83600006e+02,1,-1000
168,1,110,0.00000000e+00,140,-1206
168,1,111,0.00000000e+00,140,-1211
168,1,112,0.00000000e+00,140,-1212
168,1,123,0.00000000e+00,1,-1000
168,1,130,0.00000000e+00,140,-1000
169,0,1,1.10000000e+01,1,-1000
169,0,2,2.50000000e+02,141,-1000
169,0,4,1.00000001e-01,1,-1302
169,0,5,2.00000000e+02,1,-1102
169,0,7,1.00000000e+00,1,-1300
169,0,8,2.98000000e+02,1,-1300
169,0,16,2.50000000e+02,141,-1000
169,0,26,9.20000000e+01,1,-1302
169,0,28,0.00000000e+00,21,-1
169,0,31,4.00000000e+00,1,-1302
169,0,40,1.00000000e+00,1,118
169,0,50,0.00000000e+00,21,-1
169,0,69,1.00000000e+02,1,-1302
169,0,72,2.50000000e+02,1,2
169,0,93,2.50000000e+02,141,-1209
169,0,98,2.50000000e+02,141,-1300
169,0,105,0.00000000e+00,141,-1208
169,0,118,1.00000000e+00,143,-1000
169,0,119,1.00000000e+00,143,-1000
169,0,120,1.00000000e+00,143,-1000
169,1,1,1.10000000e+01,1,-1000
169,1,2,2.50000000e+02,141,-1000
169,1,4,1.00000001e-01,1,-1302
169,1,5,2.00000000e+02,1,-1102
169,1,7,1.00000000e+00,1,-1300
169,1,8,2.98000000e+02,1,-1300
169,1,16,2.50000000e+02,141,-1000
169,1,26,9.20000000e+01,1,-1302
169,1,28,6.64760986e+03,21,-1
169,1,31,4.00000000e+00,1,-1302
169,1,40,1.00000000e+00,1,118
169,1,50,1.59753335e-03,21,-1
169,1,69,1.00000000e+02,1,-1302
169,1,72,2.50000000e+02,1,2
169,1,93,2.50000000e+02,141,-1209
169,1,98,2.50000000e+02,141,-1300
169,1,105,0.00000000e+00,141,-1208
169,1,118,1.00000000e+00,143,-1000
169,1,119,1.00000000e+00,143,-1000
169,1,120,1.00000000e+00,143,-1000
170,0,1,3.00000000e+00,1,-1000
170,0,2,2.50000000e+02,141,-1000
170,0,12,0.00000000e+00,140,-1000
170,0,13,0.00000000e+00,140,-1000
170,0,14,0.00000000e+00,140,-1000
170,0,15,0.00000000e+00,140,-1000
170,0,16,2.50000000e+02,141,-1000
170,0,32,4.10000000e+03,1,-1000
170,0,33,1.63999996e+01,1,-1000
170,0,72,8.00608444e+01,1,105
170,0,73,2.50000004e-02,1,-1302
170,0,83,8.20000000e+01,1,-1000
170,0,84,8.20000000e+01,1,-1000
170,0,85,4.10000000e+03,1,-1000
170,0,86,4.10000000e+03,1,-1000
170,0,87,6.66666718e+01,140,-1213
170,0,88,8.20000000e+01,1,-1000
170,0,89,4.10000000e+03,1,-1000
170,0,92,4.16350021e+01,1,111
170,0,93,2.50000000e+02,141,-1209
170,0,98,2.50000000e+02,141,-1300
170,0,99,8.20000000e+01,1,-1000
170,0,103,1.63999996e+01,140,-1000
170,0,104,1.63999996e+01,140,-1000
170,0,105,8.00608444e+01,141,-1208
170,0,106,1.63999996e+01,1,-1000
170,0,107,1.63999996e+01,1,-1000
170,0,108,1.63999996e+01,1,-1000
170,0,109,1.63999996e+01,1,-1000
170,0,110,2.08175003e+02,140,-1206
170,0,111,4.16350021e+01,140,-1211
170,0,112,1.33333340e+01,140,-1212
170,0,123,1.63999996e+01,1,-1000
170,0,130,0.00000000e+00,140,-1000
170,1,1,3.00000000e+00,1,-1000
170,1,2,2.50000000e+02,141,-1000
170,1,12,0.00000000e+00,140,-1000
170,1,13,0.00000000e+00,140,-1000
170,1,14,0.00000000e+00,140,-1000
170,1,15,0.00000000e+00,140,-1000
170,1,16,2.50000000e+02,141,-1000
170,1,32,4.10000000e+03,1,-1000
170,1,33,1.63999996e+01,1,-1000
170,1,72,8.00608444e+01,1,105
170,1,73,2.99999993e-02,1,-1302
170,1,83,8.20000000e+01,1,-1000
170,1,84,8.20000000e+01,1,-1000
170,1,85,4.10000000e+03,1,-1000
170,1,86,4.10000000e+03,1,-1000
170,1,87,6.66666718e+01,140,-1213
170,1,88,8.20000000e+01,1,-1000
170,1,89,4.10000000e+03,1,-1000
170,1,92,4.16350021e+01,1,111
170,1,93,2.50000000e+02,141,-1209
170,1,98,2.50000000e+02,141,-1300
170,1,99,8.20000000e+01,1,-1000
170,1,103,1.63999996e+01,140,-1000
170,1,104,1.63999996e+01,140,-1000
170,1,105,8.00608444e+01,141,-1208
170,1,106,1.63999996e+01,1,-1000
170,1,107,1.63999996e+01,1,-1000
170,1,108,1.63999996e+01,1,-1000
170,1,109,1.63999996e+01,1,-1000
170,1,110,2.08175003e+02,140,-1206
170,1,111,4.16350021e+01,140,-1211
170,1,112,1.33333340e+01,140,-1212
170,1,123,1.63999996e+01,1,-1000
170,1,130,0.00000000e+00,140,-1000
171,0,1,3.00000000e+00,1,-1000
171,0,2,2.50000000e+02,141,-1000
171,0,4,1.00000001e-01,1,-1302
171,0,5,2.00000000e+02,1,-1102
171,0,7,1.00000000e+00,1,-1300
171,0,8,2.98000000e+02,1,-1300
171,0,16,2.50000000e+02,141,-1000
171,0,26,5.07999992e+00,1,-1302
171,0,28,0.00000000e+00,21,-1
171,0,31,1.60121694e-02,1,-1302
171,0,32,4.10000000e+03,1,0
171,0,33,1.63999996e+01,1,0
171,0,40,1.00000000e+00,1,118
171,0,50,0.00000000e+00,21,-1
171,0,69,1.00000000e+02,1,-1302
171,0,72,2.50000000e+02,1,93
171,0,83,8.20000000e+01,1,0
171,0,84,8.20000000e+01,1,0
171,0,85,4.10000000e+03,1,0
171,0,86,4.10000000e+03,1,0
171,0,88,8.20000000e+01,1,0
171,0,89,4.10000000e+03,1,0
171,0,93,2.50000000e+02,141,-1209
171,0,98,2.50000000e+02,141,-1300
171,0,99,8.20000000e+01,1,0
171,0,105,8.00608444e+01,141,-1208
171,0,106,1.63999996e+01,1,0
171,0,107,1.63999996e+01,1,0
171,0,108,1.63999996e+01,1,0
171,0,109,1.63999996e+01,1,0
171,0,118,1.00000000e+00,143,-1000
171,0,119,1.00000000e+00,143,-1000
171,0,120,1.00000000e+00,143,-1000
171,0,123,1.63999996e+01,1,0
171,1,1,3.00000000e+00,1,-1000
171,1,2,2.50000000e+02,141,-1000
171,1,4,1.00000001e-01,1,-1302
171,1,5,2.00000000e+02,1,-1102
171,1,7,1.00000000e+00,1,-1300
171,1,8,2.98000000e+02,1,-1300
171,1,16,2.50000000e+02,141,-1000
171,1,26,5.07999992e+00,1,-1302
171,1,28,2.02682991e+01,21,-1
171,1,31,1.60121694e-02,1,-1302
171,1,32,4.10000000e+03,1,0
171,1,33,1.63999996e+01,1,0
171,1,40,1.00000000e+00,1,118
171,1,50,2.07283028e-05,21,-1
171,1,69,1.00000000e+02,1,-1302
171,1,72,2.50000000e+02,1,93
171,1,83,8.20000000e+01,1,0
171,1,84,8.20000000e+01,1,0
171,1,85,4.10000000e+03,1,0
171,1,86,4.10000000e+03,1,0
171,1,88,8.20000000e+01,1,0
171,1,89,4.10000000e+03,1,0
171,1,93,2.50000000e+02,141,-1209
171,1,98,2.50000000e+02,141,-1300
171,1,99,8.20000000e+01,1,0
171,1,105,8.00608444e+01,141,-1208
171,1,106,1.63999996e+01,1,0
171,1,107,1.63999996e+01,1,0
171,1,108,1.63999996e+01,1,0
171,1,109,1.63999996e+01,1,0
171,1,118,1.00000000e+00,143,-1000
171,1,119,1.00000000e+00,143,-1000
171,1,120,1.00000000e+00,143,-1000
171,1,123,1.63999996e+01,1,0
172,0,1,3.00000000e+00,1,-1000
172,0,2,2.50000000e+02,141,-1000
172,0,4,1.00000001e-01,1,-1302
172,0,5,2.00000000e+02,1,-1102
172,0,6,8.20500031e+01,20,-1300
172,0,8,2.98000000e+02,1,-1300
172,0,16,2.50000000e+02,141,-1000
172,0,19,5.50000000e+01,1,-1203
172,0,22,5.00000000e-01,1,-1300
172,0,23,2.00000000e+01,1,-1201
172,0,31,1.60121694e-02,1,-1302
172,0,32,4.10000000e+03,1,0
172,0,33,1.63999996e+01,1,0
172,0,40,1.00000000e+00,1,118
172,0,50,6.22434309e-04,21,-1
172,0,72,2.50000000e+02,1,93
172,0,83,8.20000000e+01,1,0
172,0,84,8.20000000e+01,1,0
172,0,85,4.10000000e+03,1,0
172,0,86,4.10000000e+03,1,0
172,0,88,8.20000000e+01,1,0
172,0,89,4.10000000e+03,1,0
172,0,93,2.50000000e+02,141,-1209
172,0,98,2.50000000e+02,141,-1300
172,0,99,8.20000000e+01,1,0
172,0,105,8.00608444e+01,141,-1208
172,0,106,1.63999996e+01,1,0
172,0,107,1.63999996e+01,1,0
172,0,108,1.63999996e+01,1,0
172,0,109,1.63999996e+01,1,0
172,0,118,1.00000000e+00,143,-1000
172,0,119,1.00000000e+00,143,-1000
172,0,120,1.00000000e+00,143,-1000
172,0,123,1.63999996e+01,1,0
172,1,1,3.00000000e+00,1,-1000
172,1,2,2.50000000e+02,141,-1000
172,1,4,1.00000001e-01,1,-1302
172,1,5,2.00000000e+02,1,-1102
172,1,6,8.20500031e+01,20,-1300
172,1,8,2.98000000e+02,1,-1300
172,1,16,2.50000000e+02,141,-1000
172,1,19,5.50000000e+01,1,-1203
172,1,22,1.00000000e+00,1,-1300
172,1,23,2.00000000e+01,1,-1201
172,1,31,1.60121694e-02,1,-1302
172,1,32,4.10000000e+03,1,0
172,1,33,1.63999996e+01,1,0
172,1,40,1.00000000e+00,1,118
172,1,50,1.24486862e-03,21,-1
172,1,72,2.50000000e+02,1,93
172,1,83,8.20000000e+01,1,0
172,1,84,8.20000000e+01,1,0
172,1,85,4.10000000e+03,1,0
172,1,86,4.10000000e+03,1,0
172,1,88,8.20000000e+01,1,0
172,1,89,4.10000000e+03,1,0
172,1,93,2.50000000e+02,141,-1209
172,1,98,2.50000000e+02,141,-1300
172,1,99,8.20000000e+01,1,0
172,1,105,8.00608444e+01,141,-1208
172,1,106,1.63999996e+01,1,0
172,1,107,1.63999996e+01,1,0
172,1,108,1.63999996e+01,1,0
172,1,109,1.63999996e+01,1,0
172,1,118,1.00000000e+00,143,-1000
172,1,119,1.00000000e+00,143,-1000
172,1,120,1.00000000e+00,143,-1000
172,1,123,1.63999996e+01,1,0
173,0,1,3.00000000e+00,1,-1000
173,0,2,2.50000000e+02,141,-1000
173,0,4,1.00000001e-01,1,-1302
173,0,5,2.00000000e+02,1,-1102
173,0,7,1.00000000e+00,1,-1300
173,0,8,2.98000000e+02,1,-1300
173,0,16,2.50000000e+02,141,-1000
173,0,26,2.50000000e+00,1,-1302
173,0,28,4.90873861e+00,21,-1
173,0,31,1.00000000e+00,1,-1302
173,0,32,4.10000000e+03,1,0
173,0,33,1.63999996e+01,1,0
173,0,40,1.00000000e+00,1,118
173,0,50,7.15612987e-06,21,-1
173,0,69,1.00000000e+02,1,-1302
173,0,72,2.50000000e+02,1,2
173,0,83,8.20000000e+01,1,0
173,0,84,8.20000000e+01,1,0
173,0,85,4.10000000e+03,1,0
173,0,86,4.10000000e+03,1,0
173,0,88,8.20000000e+01,1,0
173,0,89,4.10000000e+03,1,0
173,0,93,2.50000000e+02,141,-1209
173,0,98,2.50000000e+02,141,-1300
173,0,99,8.20000000e+01,1,0
173,0,105,0.00000000e+00,141,-1208
173,0,106,1.63999996e+01,1,0
173,0,107,1.63999996e+01,1,0
173,0,108,1.63999996e+01,1,0
173,0,109,1.63999996e+01,1,0
173,0,118,1.00000000e+00,143,-1000
173,0,119,1.00000000e+00,143,-1000
173,0,120,1.00000000e+00,143,-1000
173,0,123,1.63999996e+01,1,0
173,1,1,3.00000000e+00,1,-1000
173,1,2,2.50000000e+02,141,-1000
173,1,4,1.00000001e-01,1,-1302
173,1,5,2.00000000e+02,1,-1102
173,1,7,1.00000000e+00,1,-1300
173,1,8,2.98000000e+02,1,-1300
173,1,16,2.50000000e+02,141,-1000
173,1,26,1.00000000e+01,1,-1302
173,1,28,7.85398178e+01,21,-1
173,1,31,1.00000000e+00,1,-1302
173,1,32,4.10000000e+03,1,0
173,1,33,1.63999996e+01,1,0
173,1,40,1.00000000e+00,1,118
173,1,50,5.72490389e-05,21,-1
173,1,69,1.00000000e+02,1,-1302
173,1,72,2.50000000e+02,1,2
173,1,83,8.20000000e+01,1,0
173,1,84,8.20000000e+01,1,0
173,1,85,4.10000000e+03,1,0
173,1,86,4.10000000e+03,1,0
173,1,88,8.20000000e+01,1,0
173,1,89,4.10000000e+03,1,0
173,1,93,2.50000000e+02,141,-1209
173,1,98,2.50000000e+02,141,-1300
173,1,99,8.20000000e+01,1,0
173,1,105,0.00000000e+00,141,-1208
173,1,106,1.63999996e+01,1,0
173,1,107,1.63999996e+01,1,0
173,1,108,1.63999996e+01,1,0
173,1,109,1.63999996e+01,1,0
173,1,118,1.00000000e+00,143,-1000
173,1,119,1.00000000e+00,143,-1000
173,1,120,1.00000000e+00,143,-1000
173,1,123,1.63999996e+01,1,0
174,0,1,3.00000000e+00,1,-1000
174,0,2,2.50000000e+02,141,-1000
174,0,4,1.00000001e-01,1,-1302
174,0,5,2.00000000e+02,1,-1102
174,0,7,1.00000000e+00,1,-1300
174,0,8,2.98000000e+02,1,-1300
174,0,16,2.50000000e+02,141,-1000
174,0,26,2.50000000e+00,1,-1302
174,0,28,4.90873861e+00,21,-1
174,0,31,1.00000000e+00,1,-1302
174,0,32,4.10000000e+03,1,0
174,0,33,1.63999996e+01,1,0
174,0,40,1.00000000e+00,1,118
174,0,50,7.15612987e-06,21,-1
174,0,69,1.00000000e+02,1,-1302
174,0,72,2.50000000e+02,1,2
174,0,83,8.20000000e+01,1,0
174,0,84,8.20000000e+01,1,0
174,0,85,4.10000000e+03,1,0
174,0,86,4.10000000e+03,1,0
174,0,88,8.20000000e+01,1,0
174,0,89,4.10000000e+03,1,0
174,0,93,2.50000000e+02,141,-1209
174,0,98,2.50000000e+02,141,-1300
174,0,99,8.20000000e+01,1,0
174,0,105,0.00000000e+00,141,-1208
174,0,106,1.63999996e+01,1,0
174,0,107,1.63999996e+01,1,0
174,0,108,1.63999996e+01,1,0
174,0,109,1.63999996e+01,1,0
174,0,118,1.00000000e+00,143,-1000
174,0,119,1.00000000e+00,143,-1000
174,0,120,1.00000000e+00,143,-1000
174,0,123,1.63999996e+01,1,0
177,0,108,1.63999996e+01,1,-1000
177,0,109,1.63999996e+01,1,-1000
177,0,110,0.00000000e+00,140,-1206
177,0,111,0.00000000e+00,140,-1211
177,0,112,0.00000000e+00,140,-1212
177,0,117,0.00000000e+00,3,999
177,0,123,1.63999996e+01,1,-1000
177,0,130,0.00000000e+00,140,-1000
177,1,1,3.00000000e+00,1,-1000
177,1,2,2.50000000e+02,141,-1000
177,1,12,0.00000000e+00,140,-1000
177,1,13,0.00000000e+00,140,-1000
177,1,14,0.00000000e+00,140,-1000
177,1,15,0.00000000e+00,140,-1000
177,1,16,2.50000000e+02,141,-1000
177,1,32,4.10000000e+03,1,-1000
177,1,33,1.63999996e+01,1,-1000
177,1,72,2.50000000e+02,1,2
177,1,83,8.20000000e+01,1,-1000
177,1,84,8.20000000e+01,1,-1000
177,1,85,4.10000000e+03,1,-1000
177,1,86,4.10000000e+03,1,-1000
177,1,87,0.00000000e+00,140,-1213
177,1,88,8.20000000e+01,1,-1000
177,1,89,4.10000000e+03,1,-1000
177,1,92,1.63999996e+01,1,107
177,1,93,2.50000000e+02,141,-1209
177,1,98,2.50000000e+02,141,-1300
177,1,99,8.20000000e+01,1,-1000
177,1,103,1.63999996e+01,140,-1000
177,1,104,1.63999996e+01,140,-1000
177,1,105,0.00000000e+00,141,-1208
177,1,106,1.63999996e+01,1,-1000
177,1,107,1.63999996e+01,1,-1000
177,1,108,1.63999996e+01,1,-1000
177,1,109,1.63999996e+01,1,-1000
177,1,110,0.00000000e+00,140,-1206
177,1,111,0.00000000e+00,140,-1211
177,1,112,0.00000000e+00,140,-1212
177,1,117,6.75000018e-03,3,999
177,1,123,1.63999996e+01,1,-1000
177,1,130,0.00000000e+00,140,-1000
178,0,1,1.53000000e+02,1,-1000
178,0,2,3.50000000e+02,141,-1000
178,0,12,0.00000000e+00,140,-1000
178,0,13,0.00000000e+00,140,-1000
178,0,14,0.00000000e+00,140,-1000
178,0,15,0.00000000e+00,140,-1000
178,0,16,3.50000000e+02,141,-1000
178,0,32,1.46000000e+03,1,-1000
178,0,33,2.99299985e-01,1,-1000
178,0,72,9.13350046e-01,1,105
178,0,73,2.50000004e-02,1,-1302
178,0,83,5.44200003e-01,1,-1000
178,0,84,5.44200003e-01,1,-1000
178,0,85,1.46000000e+03,1,-1000
178,0,86,1.46000000e+03,1,-1000
178,0,87,5.43247581e-01,140,-1213
178,0,88,5.44200003e-01,1,-1000
178,0,89,1.46000000e+03,1,-1000
178,0,92,1.14496254e+02,1,111
178,0,93,3.50000000e+02,141,-1209
178,0,98,2.50000000e+02,141,-1300
178,0,99,5.44200003e-01,1,-1000
178,0,103,2.99299985e-01,140,-1000
178,0,104,2.99299985e-01,140,-1000
178,0,105,9.13350046e-01,141,-1208
178,0,106,2.99299985e-01,1,-1000
178,0,107,2.99299985e-01,1,-1000
178,0,108,2.99299985e-01,1,-1000
178,0,109,2.99299985e-01,1,-1000
178,0,110,2.08175003e+02,140,-1206
178,0,111,1.14496254e+02,140,-1211
178,0,112,2.98786193e-01,140,-1212
178,0,123,2.99299985e-01,1,-1000
178,0,130,0.00000000e+00,140,-1000
178,1,1,1.53000000e+02,1,-1000
178,1,2,3.50000000e+02,141,-1000
178,1,12,0.00000000e+00,140,-1000
178,1,13,0.00000000e+00,140,-1000
178,1,14,0.00000000e+00,140,-1000
178,1,15,0.00000000e+00,140,-1000
178,1,16,3.50000000e+02,141,-1000
178,1,32,1.46000000e+03,1,-1000
178,1,33,2.99299985e-01,1,-1000
178,1,72,9.13350046e-01,1,105
178,1,73,2.99999993e-02,1,-1302
178,1,83,5.44200003e-01,1,-1000
178,1,84,5.44200003e-01,1,-1000
178,1,85,1.46000000e+03,1,-1000
178,1,86,1.46000000e+03,1,-1000
178,1,87,5.43247581e-01,140,-1213
178,1,88,5.44200003e-01,1,-1000
178,1,89,1.46000000e+03,1,-1000
178,1,92,1.14496254e+02,1,111
178,1,93,3.50000000e+02,141,-1209
178,1,98,2.50000000e+02,141,-1300
178,1,99,5.44200003e-01,1,-1000
178,1,103,2.99299985e-01,140,-1000
178,1,104,2.99299985e-01,140,-1000
178,1,105,9.13350046e-01,141,-1208
178,1,106,2.99299985e-01,1,-1000
178,1,107,2.99299985e-01,1,-1000
178,1,108,2.99299985e-01,1,-1000
178,1,109,2.99299985e-01,1,-1000
178,1,110,2.08175003e+02,140,-1206
178,1,111,1.14496254e+02,140,-1211
178,1,112,2.98786193e-01,140,-1212
178,1,123,2.99299985e-01,1,-1000
178,1,130,0.00000000e+00,140,-1000
179,0,1,1.53000000e+02,1,-1000
179,0,2,3.50000000e+02,141,-1000
179,0,12,0.00000000e+00,140,-1000
179,0,13,0.00000000e+00,140,-1000
179,0,14,0.00000000e+00,140,-1000
179,0,15,0.00000000e+00,140,-1000
179,0,16,3.50000000e+02,141,-1000
179,0,32,1.46000000e+03,1,-1000
179,0,33,2.99299985e-01,1,-1000
179,0,72,3.50000000e+02,1,2
179,0,83,5.44200003e-01,1,-1000
179,0,84,5.44200003e-01,1,-1000
179,0,85,1.46000000e+03,1,-1000
179,0,86,1.46000000e+03,1,-1000
179,0,87,0.00000000e+00,140,-1213
179,0,88,5.44200003e-01,1,-1000
179,0,89,1.46000000e+03,1,-1000
179,0,92,2.99299985e-01,1,107
179,0,93,3.50000000e+02,141,-1209
179,0,98,2.50000000e+02,141,-1300
179,0,99,5.44200003e-01,1,-1000
179,0,103,2.99299985e-01,140,-1000
179,0,104,2.99299985e-01,140,-1000
179,0,105,0.00000000e+00,141,-1208
179,0,106,2.99299985e-01,1,-1000
179,0,107,2.99299985e-01,1,-1000
179,0,108,2.99299985e-01,1,-1000
179,0,109,2.99299985e-01,1,-1000
179,0,110,0.00000000e+00,140,-1206
179,0,111,0.00000000e+00,140,-1211
179,0,112,0.00000000e+00,140,-1212
179,0,117,0.00000000e+00,3,999
179,0,123,2.99299985e-01,1,-1000
179,0,130,0.00000000e+00,140,-1000
179,1,1,1.53000000e+02,1,-1000
179,1,2,3.50000000e+02,141,-1000
179,1,12,0.00000000e+00,140,-1000
179,1,13,0.00000000e+00,140,-1000
179,1,14,0.00000000e+00,140,-1000
179,1,15,0.00000000e+00,140,-1000
179,1,16,3.50000000e+02,141,-1000
179,1,32,1.46000000e+03,1,-1000
179,1,33,2.99299985e-01,1,-1000
179,1,72,3.50000000e+02,1,2
179,1,83,5.44200003e-01,1,-1000
179,1,84,5.44200003e-01,1,-1000
179,1,85,1.46000000e+03,1,-1000
179,1,86,1.46000000e+03,1,-1000
179,1,87,0.00000000e+00,140,-1213
179,1,88,5.44200003e-01,1,-1000
179,1,89,1.46000000e+03,1,-1000
179,1,92,2.99299985e-01,1,107
179,1,93,3.50000000e+02,141,-1209
179,1,98,2.50000000e+02,141,-1300
179,1,99,5.44200003e-01,1,-1000
179,1,103,2.99299985e-01,140,-1000
179,1,104,2.99299985e-01,140,-1000
179,1,105,0.00000000e+00,141,-1208
179,1,106,2.99299985e-01,1,-1000
179,1,107,2.99299985e-01,1,-1000
179,1,108,2.99299985e-01,1,-1000
179,1,109,2.99299985e-01,1,-1000
179,1,110,0.00000000e+00,140,-1206
179,1,111,0.00000000e+00,140,-1211
179,1,112,0.00000000e+00,140,-1212
179,1,117,4.37000010e-04,3,999
179,1,123,2.99299985e-01,1,-1000
179,1,130,0.00000000e+00,140,-1000
180,0,1,1.53000000e+02,1,-1000
180,0,2,3.50000000e+02,141,-1000
180,0,12,0.00000000e+00,140,-1000
180,0,13,0.00000000e+00,140,-1000
180,0,14,0.00000000e+00,140,-1000
180,0,15,0.00000000e+00,140,-1000
180,0,16,3.50000000e+02,141,-1000
180,0,32,1.46000000e+03,1,-1000
180,0,33,2.99299985e-01,1,-1000
180,0,72,3.50000000e+02,1,2
180,0,83,5.44200003e-01,1,-1000
180,0,84,5.44200003e-01,1,-1000
180,0,85,1.46000000e+03,1,-1000
180,0,86,1.46000000e+03,1,-1000
180,0,87,0.00000000e+00,140,-1213
180,0,88,5.44200003e-01,1,-1000
17,0,1,0.00000000e+00,1,-1000
17,0,2,0.00000000e+00,141,-1000
17,0,12,5.31200000e+03,140,-1000
17,0,13,0.00000000e+00,140,-1000
17,0,14,0.00000000e+00,140,-1000
17,0,15,0.00000000e+00,140,-1000
17,0,16,0.00000000e+00,141,-1000
17,0,32,0.00000000e+00,140,-1000
17,0,33,0.00000000e+00,140,-1000
17,0,43,2.00000003e-01,1,-1300
17,0,45,9.59999979e-01,1,-1300
17,0,52,1.00000000e+00,1,-1300
17,0,72,0.00000000e+00,1,2
17,0,74,8.00000012e-01,20,-1302
17,0,83,0.00000000e+00,140,-1000
17,0,84,0.00000000e+00,140,-1000
17,0,85,0.00000000e+00,140,-1000
17,0,86,0.00000000e+00,140,-1000
17,0,87,0.00000000e+00,140,-1213
17,0,88,0.00000000e+00,140,-1000
17,0,89,0.00000000e+00,140,-1000
17,0,92,0.00000000e+00,1,13
17,0,93,0.00000000e+00,141,-1209
17,0,98,2.50000000e+02,141,-1300
17,0,99,0.00000000e+00,140,-1000
17,0,103,0.00000000e+00,140,-1000
17,0,104,0.00000000e+00,140,-1000
17,0,105,0.00000000e+00,141,-1208
17,0,106,0.00000000e+00,140,-1000
17,0,107,0.00000000e+00,140,-1000
17,0,108,0.00000000e+00,140,-1000
17,0,109,0.00000000e+00,140,-1000
17,0,110,0.00000000e+00,140,-1206
17,0,111,0.00000000e+00,140,-1211
17,0,112,0.00000000e+00,140,-1212
17,0,123,0.00000000e+00,140,-1000
17,0,130,0.00000000e+00,140,-1000
17,1,1,0.00000000e+00,1,-1000
17,1,2,0.00000000e+00,141,-1000
17,1,12,5.31200000e+03,140,-1000
17,1,13,0.00000000e+00,140,-1000
17,1,14,0.00000000e+00,140,-1000
17,1,15,0.00000000e+00,140,-1000
17,1,16,0.00000000e+00,141,-1000
17,1,32,0.00000000e+00,140,-1000
17,1,33,0.00000000e+00,140,-1000
17,1,43,2.00000003e-01,1,-1300
17,1,45,9.59999979e-01,1,-1300
17,1,52,8.99999976e-01,1,-1300
17,1,72,0.00000000e+00,1,2
17,1,74,8.00000012e-01,20,-1302
17,1,83,0.00000000e+00,140,-1000
17,1,84,0.00000000e+00,140,-1000
17,1,85,0.00000000e+00,140,-1000
17,1,86,0.00000000e+00,140,-1000
17,1,87,0.00000000e+00,140,-1213
17,1,88,0.00000000e+00,140,-1000
17,1,89,0.00000000e+00,140,-1000
17,1,92,0.00000000e+00,1,13
17,1,93,0.00000000e+00,141,-1209
17,1,98,2.50000000e+02,141,-1300
17,1,99,0.00000000e+00,140,-1000
17,1,103,0.00000000e+00,140,-1000
17,1,104,0.00000000e+00,140,-1000
17,1,105,0.00000000e+00,141,-1208
17,1,106,0.00000000e+00,140,-1000
17,1,107,0.00000000e+00,140,-1000
17,1,108,0.00000000e+00,140,-1000
17,1,109,0.00000000e+00,140,-1000
17,1,110,0.00000000e+00,140,-1206
17,1,111,0.00000000e+00,140,-1211
17,1,112,0.00000000e+00,140,-1212
17,1,123,0.00000000e+00,140,-1000
17,1,130,0.00000000e+00,140,-1000
180,0,89,1.46000000e+03,1,-1000
180,0,92,2.99299985e-01,1,107
180,0,93,3.50000000e+02,141,-1209
180,0,98,2.50000000e+02,141,-1300
180,0,99,5.44200003e-01,1,-1000
180,0,103,2.99299985e-01,140,-1000
180,0,104,2.99299985e-01,140,-1000
180,0,105,0.00000000e+00,141,-1208
180,0,106,2.99299985e-01,1,-1000
180,0,107,2.99299985e-01,1,-1000
180,0,108,2.99299985e-01,1,-1000
180,0,109,2.99299985e-01,1,-1000
180,0,110,0.00000000e+00,140,-1206
180,0,111,0.00000000e+00,140,-1211
180,0,112,0.00000000e+00,140,-1212
180,0,117,0.00000000e+00,3,999
180,0,123,2.99299985e-01,1,-1000
180,0,130,0.00000000e+00,140,-1000
180,1,1,1.53000000e+02,1,-1000
180,1,2,3.50000000e+02,141,-1000
180,1,12,0.00000000e+00,140,-1000
180,1,13,0.00000000e+00,140,-1000
180,1,14,0.00000000e+00,140,-1000
180,1,15,0.00000000e+00,140,-1000
180,1,16,3.50000000e+02,141,-1000
180,1,32,1.46000000e+03,1,-1000
180,1,33,2.99299985e-01,1,-1000
180,1,72,3.50000000e+02,1,2
180,1,83,5.44200003e-01,1,-1000
180,1,84,5.44200003e-01,1,-1000
180,1,85,1.46000000e+03,1,-1000
180,1,86,1.46000000e+03,1,-1000
180,1,87,0.00000000e+00,140,-1213
180,1,88,5.44200003e-01,1,-1000
180,1,89,1.46000000e+03,1,-1000
180,1,92,2.99299985e-01,1,107
180,1,93,3.50000000e+02,141,-1209
180,1,98,2.50000000e+02,141,-1300
180,1,99,5.44200003e-01,1,-1000
180,1,103,2.99299985e-01,140,-1000
180,1,104,2.99299985e-01,140,-1000
180,1,105,0.00000000e+00,141,-1208
180,1,106,2.99299985e-01,1,-1000
180,1,107,2.99299985e-01,1,-1000
180,1,108,2.99299985e-01,1,-1000
180,1,109,2.99299985e-01,1,-1000
180,1,110,0.00000000e+00,140,-1206
180,1,111,0.00000000e+00,140,-1211
180,1,112,0.00000000e+00,140,-1212
180,1,117,4.85000014e-01,3,999
180,1,123,2.99299985e-01,1,-1000
180,1,130,0.00000000e+00,140,-1000
181,0,1,1.53000000e+02,1,-1000
181,0,2,3.50000000e+02,141,-1000
181,0,12,0.00000000e+00,140,-1000
181,0,13,0.00000000e+00,140,-1000
181,0,14,0.00000000e+00,140,-1000
181,0,15,0.00000000e+00,140,-1000
181,0,16,3.50000000e+02,141,-1000
181,0,32,1.46000000e+03,1,-1000
181,0,33,2.99299985e-01,1,-1000
181,0,72,3.50000000e+02,1,2
181,0,83,5.44200003e-01,1,-1000
181,0,84,5.44200003e-01,1,-1000
181,0,85,1.46000000e+03,1,-1000
181,0,86,1.46000000e+03,1,-1000
181,0,87,0.00000000e+00,140,-1213
181,0,88,5.44200003e-01,1,-1000
181,0,89,1.46000000e+03,1,-1000
181,0,92,2.99299985e-01,1,107
181,0,93,3.50000000e+02,141,-1209
181,0,98,2.50000000e+02,141,-1300
181,0,99,5.44200003e-01,1,-1000
181,0,103,2.99299985e-01,140,-1000
181,0,104,2.99299985e-01,140,-1000
181,0,105,0.00000000e+00,141,-1208
181,0,106,2.99299985e-01,1,-1000
181,0,107,2.99299985e-01,1,-1000
181,0,108,2.99299985e-01,1,-1000
181,0,109,2.99299985e-01,1,-1000
181,0,110,0.00000000e+00,140,-1206
181,0,111,0.00000000e+00,140,-1211
181,0,112,0.00000000e+00,140,-1212
181,0,117,0.00000000e+00,3,999
181,0,123,2.99299985e-01,1,-1000
181,0,130,0.00000000e+00,140,-1000
181,1,1,1.53000000e+02,1,-1000
181,1,2,3.50000000e+02,141,-1000
181,1,12,0.00000000e+00,140,-1000
181,1,13,0.00000000e+00,140,-1000
181,1,14,0.00000000e+00,140,-1000
181,1,15,0.00000000e+00,140,-1000
181,1,16,3.50000000e+02,141,-1000
181,1,32,1.46000000e+03,1,-1000
181,1,33,2.99299985e-01,1,-1000
181,1,72,3.50000000e+02,1,2
181,1,83,5.44200003e-01,1,-1000
181,1,84,5.44200003e-01,1,-1000
181,1,85,1.46000000e+03,1,-1000
181,1,86,1.46000000e+03,1,-1000
181,1,87,0.00000000e+00,140,-1213
181,1,88,5.44200003e-01,1,-1000
181,1,89,1.46000000e+03,1,-1000
181,1,92,2.99299985e-01,1,107
181,1,93,3.50000000e+02,141,-1209
181,1,98,2.50000000e+02,141,-1300
181,1,99,5.44200003e-01,1,-1000
181,1,103,2.99299985e-01,140,-1000
181,1,104,2.99299985e-01,140,-1000
181,1,105,0.00000000e+00,141,-1208
181,1,106,2.99299985e-01,1,-1000
181,1,107,2.99299985e-01,1,-1000
181,1,108,2.99299985e-01,1,-1000
181,1,109,2.99299985e-01,1,-1000
181,1,110,0.00000000e+00,140,-1206
181,1,111,0.00000000e+00,140,-1211
181,1,112,0.00000000e+00,140,-1212
181,1,117,4.85000014e-01,3,999
181,1,123,2.99299985e-01,1,-1000
181,1,130,0.00000000e+00,140,-1000
182,0,1,1.53000000e+02,1,-1000
182,0,2,3.50000000e+02,141,-1000
182,0,12,0.00000000e+00,140,-1000
182,0,13,0.00000000e+00,140,-1000
182,0,14,0.00000000e+00,140,-1000
182,0,15,0.00000000e+00,140,-1000
182,0,16,3.50000000e+02,141,-1000
182,0,32,1.46000000e+03,1,-1000
182,0,33,2.99299985e-01,1,-1000
182,0,72,3.50000000e+02,1,2
182,0,83,5.44200003e-01,1,-1000
182,0,84,5.44200003e-01,1,-1000
182,0,85,1.46000000e+03,1,-1000
182,0,86,1.46000000e+03,1,-1000
182,0,87,0.00000000e+00,140,-1213
182,0,88,5.44200003e-01,1,-1000
182,0,89,1.46000000e+03,1,-1000
182,0,92,2.99299985e-01,1,107
182,0,93,3.50000000e+02,141,-1209
182,0,98,2.50000000e+02,141,-1300
182,0,99,5.44200003e-01,1,-1000
182,0,103,2.99299985e-01,140,-1000
182,0,104,2.99299985e-01,140,-1000
182,0,105,0.00000000e+00,141,-1208
182,0,106,2.99299985e-01,1,-1000
182,0,107,2.99299985e-01,1,-1000
182,0,108,2.99299985e-01,1,-1000
182,0,109,2.99299985e-01,1,-1000
182,0,110,0.00000000e+00,140,-1206
182,0,111,0.00000000e+00,140,-1211
182,0,112,0.00000000e+00,140,-1212
182,0,117,0.00000000e+00,3,999
182,0,123,2.99299985e-01,1,-1000
182,0,130,0.00000000e+00,140,-1000
182,1,1,1.53000000e+02,1,-1000
182,1,2,3.50000000e+02,141,-1000
182,1,12,0.00000000e+00,140,-1000
182,1,13,0.00000000e+00,140,-1000
182,1,14,0.00000000e+00,140,-1000
182,1,15,0.00000000e+00,140,-1000
182,1,16,3.50000000e+02,141,-1000
182,1,32,1.46000000e+03,1,-1000
182,1,33,2.99299985e-01,1,-1000
182,1,72,3.50000000e+02,1,2
182,1,83,5.44200003e-01,1,-1000
182,1,84,5.44200003e-01,1,-1000
182,1,85,1.46000000e+03,1,-1000
182,1,86,1.46000000e+03,1,-1000
182,1,87,0.00000000e+00,140,-1213
182,1,88,5.44200003e-01,1,-1000
182,1,89,1.46000000e+03,1,-1000
182,1,92,2.99299985e-01,1,107
182,1,93,3.50000000e+02,141,-1209
182,1,98,2.50000000e+02,141,-1300
182,1,99,5.44200003e-01,1,-1000
182,1,103,2.99299985e-01,140,-1000
182,1,104,2.99299985e-01,140,-1000
182,1,105,0.00000000e+00,141,-1208
182,1,106,2.99299985e-01,1,-1000
182,1,107,2.99299985e-01,1,-1000
182,1,108,2.99299985e-01,1,-1000
182,1,109,2.99299985e-01,1,-1000
182,1,110,0.00000000e+00,140,-1206
182,1,111,0.00000000e+00,140,-1211
182,1,112,0.00000000e+00,140,-1212
182,1,117,2.89999992e-02,3,999
182,1,123,2.99299985e-01,1,-1000
182,1,130,0.00000000e+00,140,-1000
183,0,1,1.50000000e+01,1,-1000
183,0,2,2.60000000e+02,141,-1000
183,0,12,0.00000000e+00,140,-1000
183,0,13,0.00000000e+00,140,-1000
183,0,14,0.00000000e+00,140,-1000
183,0,15,0.00000000e+00,140,-1000
188,1,89,0.00000000e+00,1,-1000
188,1,92,2.62000008e+01,1,107
188,1,93,2.60000000e+02,141,-1209
188,1,98,2.50000000e+02,141,-1300
188,1,99,2.62000008e+01,1,-1000
188,1,103,2.62000008e+01,140,-1000
188,1,104,0.00000000e+00,140,-1000
188,1,105,0.00000000e+00,141,-1208
188,1,106,0.00000000e+00,1,-1000
188,1,107,2.62000008e+01,1,-1000
188,1,108,0.00000000e+00,1,-1000
188,1,109,2.62000008e+01,1,-1000
188,1,110,0.00000000e+00,140,-1206
188,1,111,0.00000000e+00,140,-1211
188,1,112,0.00000000e+00,140,-1212
188,1,117,9.70000029e-01,3,999
188,1,123,0.00000000e+00,1,-1000
188,1,130,0.00000000e+00,140,-1000
296,0,1,1.00000000e+00,1,-1000
296,0,2,2.50000000e+02,141,-1000
296,0,12,0.00000000e+00,140,-1000
296,0,13,0.00000000e+00,140,-1000
296,0,14,0.00000000e+00,140,-1000
296,0,15,0.00000000e+00,140,-1000
296,0,16,2.50000000e+02,141,-1000
296,0,32,0.00000000e+00,1,-1000
296,0,33,3.95000011e-01,1,-1000
296,0,72,0.00000000e+00,1,105
296,0,73,3.00000003e-03,1,-1302
296,0,83,1.58000004e+00,1,-1000
296,0,84,1.58000004e+00,1,-1000
296,0,85,0.00000000e+00,1,-1000
296,0,86,0.00000000e+00,1,-1000
296,0,87,0.00000000e+00,140,-1213
296,0,88,1.58000004e+00,1,-1000
296,0,89,0.00000000e+00,1,-1000
296,0,92,9.46250021e-01,1,111
296,0,93,2.50000000e+02,141,-1209
296,0,98,2.50000000e+02,141,-1300
296,0,99,1.58000004e+00,1,-1000
296,0,103,3.95000011e-01,140,-1000
296,0,104,0.00000000e+00,140,-1000
296,0,105,0.00000000e+00,141,-1208
296,0,106,0.00000000e+00,1,-1000
296,0,107,3.95000011e-01,1,-1000
296,0,108,0.00000000e+00,1,-1000
296,0,109,3.95000011e-01,1,-1000
296,0,110,3.78500009e+00,140,-1206
296,0,111,9.46250021e-01,140,-1211
296,0,112,0.00000000e+00,140,-1212
296,0,123,0.00000000e+00,1,-1000
296,0,130,0.00000000e+00,140,-1000
296,1,1,1.00000000e+00,1,-1000
296,1,2,2.50000000e+02,141,-1000
296,1,12,0.00000000e+00,140,-1000
296,1,13,0.00000000e+00,140,-1000
296,1,14,0.00000000e+00,140,-1000
296,1,15,0.00000000e+00,140,-1000
296,1,16,2.50000000e+02,141,-1000
296,1,32,0.00000000e+00,1,-1000
296,1,33,3.95000011e-01,1,-1000
296,1,72,0.00000000e+00,1,105
296,1,73,6.00000005e-03,1,-1302
296,1,83,1.58000004e+00,1,-1000
296,1,84,1.58000004e+00,1,-1000
296,1,85,0.00000000e+00,1,-1000
296,1,86,0.00000000e+00,1,-1000
296,1,87,0.00000000e+00,140,-1213
296,1,88,1.58000004e+00,1,-1000
296,1,89,0.00000000e+00,1,-1000
296,1,92,9.46250021e-01,1,111
296,1,93,2.50000000e+02,141,-1209
296,1,98,2.50000000e+02,141,-1300
296,1,99,1.58000004e+00,1,-1000
296,1,103,3.95000011e-01,140,-1000
296,1,104,0.00000000e+00,140,-1000
296,1,105,0.00000000e+00,141,-1208
296,1,106,0.00000000e+00,1,-1000
296,1,107,3.95000011e-01,1,-1000
192,0,1,1.00000000e+01,1,-1000
192,0,2,3.60000000e+02,141,-1000
192,0,12,0.00000000e+00,140,-1000
192,0,13,0.00000000e+00,140,-1000
192,0,14,0.00000000e+00,140,-1000
192,0,15,0.00000000e+00,140,-1000
192,0,16,3.60000000e+02,141,-1000
192,0,32,0.00000000e+00,1,-1000
192,0,33,2.79999995e+00,1,-1000
192,0,72,3.60000000e+02,1,2
192,0,83,2.79999995e+00,1,-1000
192,0,84,2.79999995e+00,1,-1000
192,0,85,0.00000000e+00,1,-1000
192,0,86,0.00000000e+00,1,-1000
192,0,87,0.00000000e+00,140,-1213
192,0,88,2.79999995e+00,1,-1000
192,0,89,0.00000000e+00,1,-1000
192,0,92,2.79999995e+00,1,107
192,0,93,3.60000000e+02,141,-1209
192,0,98,2.50000000e+02,141,-1300
192,0,99,2.79999995e+00,1,-1000
192,0,103,2.79999995e+00,140,-1000
192,0,104,0.00000000e+00,140,-1000
192,0,105,0.00000000e+00,141,-1208
192,0,106,0.00000000e+00,1,-1000
192,0,107,2.79999995e+00,1,-1000
192,0,108,0.00000000e+00,1,-1000
192,0,109,2.79999995e+00,1,-1000
192,0,110,0.00000000e+00,140,-1206
192,0,111,0.00000000e+00,140,-1211
192,0,112,0.00000000e+00,140,-1212
192,0,117,5.00000000e-01,3,999
192,0,123,0.00000000e+00,1,-1000
192,0,130,0.00000000e+00,140,-1000
192,1,1,1.00000000e+01,1,-1000
192,1,2,3.60000000e+02,141,-1000
192,1,12,0.00000000e+00,140,-1000
192,1,13,0.00000000e+00,140,-1000
192,1,14,0.00000000e+00,140,-1000
192,1,15,0.00000000e+00,140,-1000
192,1,16,3.60000000e+02,141,-1000
192,1,32,0.00000000e+00,1,-1000
192,1,33,2.79999995e+00,1,-1000
192,1,72,3.60000000e+02,1,2
192,1,83,2.79999995e+00,1,-1000
192,1,84,2.79999995e+00,1,-1000
192,1,85,0.00000000e+00,1,-1000
192,1,86,0.00000000e+00,1,-1000
192,1,87,0.00000000e+00,140,-1213
192,1,88,2.79999995e+00,1,-1000
192,1,89,0.00000000e+00,1,-1000
192,1,92,2.79999995e+00,1,107
192,1,93,3.60000000e+02,141,-1209
192,1,98,2.50000000e+02,141,-1300
192,1,99,2.79999995e+00,1,-1000
192,1,103,2.79999995e+00,140,-1000
192,1,104,0.00000000e+00,140,-1000
192,1,105,0.00000000e+00,141,-1208
192,1,106,0.00000000e+00,1,-1000
192,1,107,2.79999995e+00,1,-1000
192,1,108,0.00000000e+00,1,-1000
192,1,109,2.79999995e+00,1,-1000
192,1,110,0.00000000e+00,140,-1206
192,1,111,0.00000000e+00,140,-1211
192,1,112,0.00000000e+00,140,-1212
192,1,117,6.99999988e-01,3,999
192,1,123,0.00000000e+00,1,-1000
192,1,130,0.00000000e+00,140,-1000
193,0,1,1.00000000e+00,1,-1000
193,0,2,2.50000000e+02,141,-1000
193,0,12,0.00000000e+00,140,-1000
193,0,13,0.00000000e+00,140,-1000
193,0,14,0.00000000e+00,140,-1000
193,0,15,0.00000000e+00,140,-1000
193,0,16,2.50000000e+02,141,-1000
193,0,32,4.15000000e+05,1,-1000
193,0,33,9.54500000e+03,1,-1000
193,0,72,2.50000000e+02,1,93
193,0,73,6.99999975e-04,1,-1302
193,0,83,4.15000000e+04,1,-1000
193,0,84,4.15000000e+04,1,-1000
193,0,85,4.15000000e+05,1,-1000
193,0,86,4.15000000e+05,1,-1000
193,0,87,4.15000039e+04,140,-1213
193,0,88,4.15000000e+04,1,-1000
193,0,89,4.15000000e+05,1,-1000
193,0,92,9.54500098e+03,1,112
193,0,93,2.50000000e+02,141,-1209
193,0,98,2.50000000e+02,141,-1300
193,0,99,4.15000000e+04,1,-1000
193,0,103,9.54500000e+03,140,-1000
193,0,104,9.54500000e+03,140,-1000
193,0,105,5.48216675e+02,141,-1208
193,0,106,9.54500000e+03,1,-1000
193,0,107,9.54500000e+03,1,-1000
193,0,108,9.54500000e+03,1,-1000
193,0,109,9.54500000e+03,1,-1000
193,0,110,1.89250000e+04,140,-1206
193,0,111,4.35275000e+03,140,-1211
193,0,112,9.54500098e+03,140,-1212
193,0,123,9.54500000e+03,1,-1000
193,0,130,0.00000000e+00,140,-1000
193,1,1,1.00000000e+00,1,-1000
193,1,2,2.50000000e+02,141,-1000
193,1,12,0.00000000e+00,140,-1000
193,1,13,0.00000000e+00,140,-1000
193,1,14,0.00000000e+00,140,-1000
193,1,15,0.00000000e+00,140,-1000
193,1,16,2.50000000e+02,141,-1000
193,1,32,4.15000000e+05,1,-1000
193,1,33,9.54500000e+03,1,-1000
193,1,72,2.50000000e+02,1,93
193,1,73,2.00000009e-03,1,-1302
193,1,83,4.15000000e+04,1,-1000
193,1,84,4.15000000e+04,1,-1000
193,1,85,4.15000000e+05,1,-1000
193,1,86,4.15000000e+05,1,-1000
193,1,87,4.15000039e+04,140,-1213
193,1,88,4.15000000e+04,1,-1000
193,1,89,4.15000000e+05,1,-1000
193,1,92,9.54500098e+03,1,112
193,1,93,2.50000000e+02,141,-1209
193,1,98,2.50000000e+02,141,-1300
193,1,99,4.15000000e+04,1,-1000
193,1,103,9.54500000e+03,140,-1000
193,1,104,9.54500000e+03,140,-1000
193,1,105,5.48216675e+02,141,-1208
193,1,106,9.54500000e+03,1,-1000
193,1,107,9.54500000e+03,1,-1000
193,1,108,9.54500000e+03,1,-1000
193,1,109,9.54500000e+03,1,-1000
193,1,110,1.89250000e+04,140,-1206
193,1,111,4.35275000e+03,140,-1211
193,1,112,9.54500098e+03,140,-1212
193,1,123,9.54500000e+03,1,-1000
193,1,130,0.00000000e+00,140,-1000
194,0,1,1.00000000e+00,1,-1000
194,0,2,2.50000000e+02,141,-1000
194,0,12,0.00000000e+00,140,-1000
194,0,13,0.00000000e+00,140,-1000
194,0,14,0.00000000e+00,140,-1000
194,0,15,0.00000000e+00,140,-1000
194,0,16,2.50000000e+02,141,-1000
194,0,32,4.15000000e+05,1,-1000
194,0,33,9.54500000e+03,1,-1000
194,0,72,2.50000000e+02,1,2
194,0,73,1.99999996e-02,1,-1302
194,0,83,4.15000000e+04,1,-1000
194,0,84,4.15000000e+04,1,-1000
194,0,85,4.15000000e+05,1,-1000
194,0,86,4.15000000e+05,1,-1000
194,0,87,0.00000000e+00,140,-1213
194,0,88,4.15000000e+04,1,-1000
194,0,89,4.15000000e+05,1,-1000
194,0,92,9.54500000e+03,1,107
194,0,93,2.50000000e+02,141,-1209
194,0,98,2.50000000e+02,141,-1300
194,0,99,4.15000000e+04,1,-1000
194,0,103,9.54500000e+03,140,-1000
194,0,104,9.54500000e+03,140,-1000
296,1,108,0.00000000e+00,1,-1000
296,1,109,3.95000011e-01,1,-1000
296,1,110,3.78500009e+00,140,-1206
296,1,111,9.46250021e-01,140,-1211
296,1,112,0.00000000e+00,140,-1212
296,1,123,0.00000000e+00,1,-1000
296,1,130,0.00000000e+00,140,-1000
297,0,1,1.00000000e+00,1,-1000
297,0,2,2.50000000e+02,141,-1000
297,0,12,0.00000000e+00,140,-1000
297,0,13,0.00000000e+00,140,-1000
297,0,14,0.00000000e+00,140,-1000
297,0,15,0.00000000e+00,140,-1000
297,0,16,2.50000000e+02,141,-1000
297,0,32,0.00000000e+00,1,-1000
297,0,33,3.95000011e-01,1,-1000
297,0,72,2.50000000e+02,1,2
297,0,73,1.99999996e-02,1,-1302
297,0,83,1.58000004e+00,1,-1000
297,0,84,1.58000004e+00,1,-1000
297,0,85,0.00000000e+00,1,-1000
297,0,86,0.00000000e+00,1,-1000
297,0,87,0.00000000e+00,140,-1213
297,0,88,1.58000004e+00,1,-1000
297,0,89,0.00000000e+00,1,-1000
297,0,92,3.95000011e-01,1,107
297,0,93,2.50000000e+02,141,-1209
297,0,98,2.50000000e+02,141,-1300
297,0,99,1.58000004e+00,1,-1000
297,0,103,3.95000011e-01,140,-1000
297,0,104,0.00000000e+00,140,-1000
194,0,105,0.00000000e+00,141,-1208
194,0,106,9.54500000e+03,1,-1000
194,0,107,9.54500000e+03,1,-1000
194,0,108,9.54500000e+03,1,-1000
194,0,109,9.54500000e+03,1,-1000
194,0,110,0.00000000e+00,140,-1206
194,0,111,0.00000000e+00,140,-1211
194,0,112,0.00000000e+00,140,-1212
194,0,123,9.54500000e+03,1,-1000
194,0,130,0.00000000e+00,140,-1000
194,1,1,1.00000000e+00,1,-1000
194,1,2,2.50000000e+02,141,-1000
194,1,12,0.00000000e+00,140,-1000
194,1,13,0.00000000e+00,140,-1000
194,1,14,0.00000000e+00,140,-1000
194,1,15,0.00000000e+00,140,-1000
194,1,16,2.50000000e+02,141,-1000
194,1,32,4.15000000e+05,1,-1000
194,1,33,9.54500000e+03,1,-1000
194,1,72,2.50000000e+02,1,2
194,1,73,1.99999996e-02,1,-1302
194,1,83,4.15000000e+04,1,-1000
194,1,84,4.15000000e+04,1,-1000
194,1,85,4.15000000e+05,1,-1000
194,1,86,4.15000000e+05,1,-1000
194,1,87,0.00000000e+00,140,-1213
194,1,88,4.15000000e+04,1,-1000
194,1,89,4.15000000e+05,1,-1000
194,1,92,9.54500000e+03,1,107
194,1,93,2.50000000e+02,141,-1209
194,1,98,2.50000000e+02,141,-1300
194,1,99,4.15000000e+04,1,-1000
194,1,103,9.54500000e+03,140,-1000
194,1,104,9.54500000e+03,140,-1000
194,1,105,0.00000000e+00,141,-1208
194,1,106,9.54500000e+03,1,-1000
194,1,107,9.54500000e+03,1,-1000
194,1,108,9.54500000e+03,1,-1000
194,1,109,9.54500000e+03,1,-1000
194,1,110,0.00000000e+00,140,-1206
194,1,111,0.00000000e+00,140,-1211
194,1,112,0.00000000e+00,140,-1212
194,1,123,9.54500000e+03,1,-1000
194,1,130,0.00000000e+00,140,-1000
195,0,1,1.00000000e+00,1,-1000
195,0,2,2.50000000e+02,141,-1000
195,0,12,0.00000000e+00,140,-1000
195,0,13,0.00000000e+00,140,-1000
195,0,14,0.00000000e+00,140,-1000
195,0,15,0.00000000e+00,140,-1000
195,0,16,2.50000000e+02,141,-1000
195,0,32,4.15000000e+05,1,-1000
195,0,33,9.54500000e+03,1,-1000
195,0,72,2.50000000e+02,1,2
195,0,83,4.15000000e+04,1,-1000
195,0,84,4.15000000e+04,1,-1000
195,0,85,4.15000000e+05,1,-1000
195,0,86,4.15000000e+05,1,-1000
195,0,87,0.00000000e+00,140,-1213
195,0,88,4.15000000e+04,1,-1000
195,0,89,4.15000000e+05,1,-1000
195,0,92,9.54500000e+03,1,107
195,0,93,2.50000000e+02,141,-1209
195,0,98,2.50000000e+02,141,-1300
195,0,99,4.15000000e+04,1,-1000
195,0,103,9.54500000e+03,140,-1000
195,0,104,9.54500000e+03,140,-1000
195,0,105,0.00000000e+00,141,-1208
195,0,106,9.54500000e+03,1,-1000
195,0,107,9.54500000e+03,1,-1000
195,0,108,9.54500000e+03,1,-1000
195,0,109,9.54500000e+03,1,-1000
195,0,110,0.00000000e+00,140,-1206
195,0,111,0.00000000e+00,140,-1211
195,0,112,0.00000000e+00,140,-1212
195,0,117,0.00000000e+00,3,999
195,0,123,9.54500000e+03,1,-1000
195,0,130,0.00000000e+00,140,-1000
195,1,1,1.00000000e+00,1,-1000
195,1,2,2.50000000e+02,141,-1000
195,1,12,0.00000000e+00,140,-1000
195,1,13,0.00000000e+00,140,-1000
195,1,14,0.00000000e+00,140,-1000
195,1,15,0.00000000e+00,140,-1000
195,1,16,2.50000000e+02,141,-1000
195,1,32,4.15000000e+05,1,-1000
195,1,33,9.54500000e+03,1,-1000
195,1,72,2.50000000e+02,1,2
195,1,83,4.15000000e+04,1,-1000
195,1,84,4.15000000e+04,1,-1000
195,1,85,4.15000000e+05,1,-1000
195,1,86,4.15000000e+05,1,-1000
195,1,87,0.00000000e+00,140,-1213
195,1,88,4.15000000e+04,1,-1000
195,1,89,4.15000000e+05,1,-1000
195,1,92,9.54500000e+03,1,107
195,1,93,2.50000000e+02,141,-1209
195,1,98,2.50000000e+02,141,-1300
195,1,99,4.15000000e+04,1,-1000
195,1,103,9.54500000e+03,140,-1000
195,1,104,9.54500000e+03,140,-1000
195,1,105,0.00000000e+00,141,-1208
195,1,106,9.54500000e+03,1,-1000
195,1,107,9.54500000e+03,1,-1000
195,1,108,9.54500000e+03,1,-1000
195,1,109,9.54500000e+03,1,-1000
195,1,110,0.00000000e+00,140,-1206
195,1,111,0.00000000e+00,140,-1211
195,1,112,0.00000000e+00,140,-1212
195,1,117,1.50000006e-01,3,999
195,1,123,9.54500000e+03,1,-1000
195,1,130,0.00000000e+00,140,-1000
196,0,1,1.00000000e+00,1,-1000
196,0,2,2.50000000e+02,141,-1000
196,0,12,0.00000000e+00,140,-1000
196,0,13,0.00000000e+00,140,-1000
196,0,14,0.00000000e+00,140,-1000
196,0,15,0.00000000e+00,140,-1000
196,0,16,2.50000000e+02,141,-1000
196,0,32,4.15000000e+05,1,-1000
196,0,33,9.54500000e+03,1,-1000
196,0,72,2.50000000e+02,1,2
196,0,83,4.15000000e+04,1,-1000
196,0,84,4.15000000e+04,1,-1000
196,0,85,4.15000000e+05,1,-1000
196,0,86,4.15000000e+05,1,-1000
196,0,87,0.00000000e+00,140,-1213
196,0,88,4.15000000e+04,1,-1000
196,0,89,4.15000000e+05,1,-1000
196,0,92,9.54500000e+03,1,107
196,0,93,2.50000000e+02,141,-1209
196,0,98,2.50000000e+02,141,-1300
196,0,99,4.15000000e+04,1,-1000
196,0,103,9.54500000e+03,140,-1000
196,0,104,9.54500000e+03,140,-1000
196,0,105,0.00000000e+00,141,-1208
196,0,106,9.54500000e+03,1,-1000
196,0,107,9.54500000e+03,1,-1000
196,0,108,9.54500000e+03,1,-1000
196,0,109,9.54500000e+03,1,-1000
196,0,110,0.00000000e+00,140,-1206
196,0,111,0.00000000e+00,140,-1211
196,0,112,0.00000000e+00,140,-1212
196,0,117,0.00000000e+00,3,999
196,0,123,9.54500000e+03,1,-1000
196,0,130,0.00000000e+00,140,-1000
196,1,1,1.00000000e+00,1,-1000
196,1,2,2.50000000e+02,141,-1000
196,1,12,0.00000000e+00,140,-1000
196,1,13,0.00000000e+00,140,-1000
196,1,14,0.00000000e+00,140,-1000
196,1,15,0.00000000e+00,140,-1000
196,1,16,2.50000000e+02,141,-1000
196,1,32,4.15000000e+05,1,-1000
196,1,33,9.54500000e+03,1,-1000
196,1,72,2.50000000e+02,1,2
196,1,83,4.15000000e+04,1,-1000
196,1,84,4.15000000e+04,1,-1000
196,1,85,4.15000000e+05,1,-1000
196,1,86,4.15000000e+05,1,-1000
196,1,87,0.00000000e+00,140,-1213
196,1,88,4.15000000e+04,1,-1000
196,1,89,4.15000000e+05,1,-1000
196,1,92,9.54500000e+03,1,107
196,1,93,2.50000000e+02,141,-1209
196,1,98,2.50000000e+02,141,-1300
196,1,99,4.15000000e+04,1,-1000
196,1,103,9.54500000e+03,140,-1000
196,1,104,9.54500000e+03,140,-1000
196,1,105,0.00000000e+00,141,-1208
196,1,106,9.54500000e+03,1,-1000
196,1,107,9.54500000e+03,1,-1000
196,1,108,9.54500000e+03,1,-1000
196,1,109,9.54500000e+03,1,-1000
196,1,110,0.00000000e+00,140,-1206
196,1,111,0.00000000e+00,140,-1211
196,1,112,0.00000000e+00,140,-1212
196,1,117,3.99999991e-02,3,999
196,1,123,9.54500000e+03,1,-1000
196,1,130,0.00000000e+00,140,-1000
197,0,1,1.00000000e+00,1,-1000
197,0,2,2.50000000e+02,141,-1000
197,0,12,0.00000000e+00,140,-1000
197,0,13,0.00000000e+00,140,-1000
197,0,14,0.00000000e+00,140,-1000
197,0,15,0.00000000e+00,140,-1000
197,0,16,2.50000000e+02,141,-1000
197,0,32,4.15000000e+05,1,-1000
197,0,33,9.54500000e+03,1,-1000
197,0,72,2.50000000e+02,1,2
197,0,73,1.99999996e-02,1,-1302
197,0,83,4.15000000e+04,1,-1000
197,0,84,4.15000000e+04,1,-1000
197,0,85,4.15000000e+05,1,-1000
197,0,86,4.15000000e+05,1,-1000
197,0,87,0.00000000e+00,140,-1213
197,0,88,4.15000000e+04,1,-1000
197,0,89,4.15000000e+05,1,-1000
197,0,92,9.54500000e+03,1,107
197,0,93,2.50000000e+02,141,-1209
197,0,98,2.50000000e+02,141,-1300
197,0,99,4.15000000e+04,1,-1000
197,0,103,9.54500000e+03,140,-1000
197,0,104,9.54500000e+03,140,-1000
197,0,105,0.00000000e+00,141,-1208
197,0,106,9.54500000e+03,1,-1000
197,0,107,9.54500000e+03,1,-1000
197,0,108,9.54500000e+03,1,-1000
197,0,109,9.54500000e+03,1,-1000
197,0,110,0.00000000e+00,140,-1206
197,0,111,0.00000000e+00,140,-1211
197,0,112,0.00000000e+00,140,-1212
197,0,123,9.54500000e+03,1,-1000
197,0,130,0.00000000e+00,140,-1000
197,1,1,1.00000000e+00,1,-1000
197,1,2,2.50000000e+02,141,-1000
197,1,12,0.00000000e+00,140,-1000
197,1,13,0.00000000e+00,140,-1000
197,1,14,0.00000000e+00,140,-1000
197,1,15,0.00000000e+00,140,-1000
197,1,16,2.50000000e+02,141,-1000
197,1,32,4.15000000e+05,1,-1000
197,1,33,9.54500000e+03,1,-1000
197,1,72,2.50000000e+02,1,2
197,1,73,1.99999996e-02,1,-1302
197,1,83,4.15000000e+04,1,-1000
197,1,84,4.15000000e+04,1,-1000
197,1,85,4.15000000e+05,1,-1000
197,1,86,4.15000000e+05,1,-1000
197,1,87,0.00000000e+00,140,-1213
197,1,88,4.15000000e+04,1,-1000
197,1,89,4.15000000e+05,1,-1000
197,1,92,9.54500000e+03,1,107
197,1,93,2.50000000e+02,141,-1209
197,1,98,2.50000000e+02,141,-1300
197,1,99,4.15000000e+04,1,-1000
197,1,103,9.54500000e+03,140,-1000
197,1,104,9.54500000e+03,140,-1000
197,1,105,0.00000000e+00,141,-1208
197,1,106,9.54500000e+03,1,-1000
197,1,107,9.54500000e+03,1,-1000
197,1,108,9.54500000e+03,1,-1000
197,1,109,9.54500000e+03,1,-1000
197,1,110,0.00000000e+00,140,-1206
197,1,111,0.00000000e+00,140,-1211
197,1,112,0.00000000e+00,140,-1212
197,1,123,9.54500000e+03,1,-1000
197,1,130,0.00000000e+00,140,-1000
198,0,1,1.00000000e+00,1,-1000
198,0,2,2.50000000e+02,141,-1000
198,0,12,0.00000000e+00,140,-1000
198,0,13,0.00000000e+00,140,-1000
198,0,14,0.00000000e+00,140,-1000
198,0,15,0.00000000e+00,140,-1000
198,0,16,2.50000000e+02,141,-1000
198,0,32,4.15000000e+05,1,-1000
198,0,33,9.54500000e+03,1,-1000
198,0,72,2.50000000e+02,1,2
198,0,83,4.15000000e+04,1,-1000
198,0,84,4.15000000e+04,1,-1000
198,0,85,4.15000000e+05,1,-1000
198,0,86,4.15000000e+05,1,-1000
198,0,87,0.00000000e+00,140,-1213
198,0,88,4.15000000e+04,1,-1000
198,0,89,4.15000000e+05,1,-1000
198,0,92,9.54500000e+03,1,107
198,0,93,2.50000000e+02,141,-1209
198,0,98,2.50000000e+02,141,-1300
198,0,99,4.15000000e+04,1,-1000
198,0,103,9.54500000e+03,140,-1000
198,0,104,9.54500000e+03,140,-1000
198,0,105,0.00000000e+00,141,-1208
198,0,106,9.54500000e+03,1,-1000
198,0,107,9.54500000e+03,1,-1000
198,0,108,9.54500000e+03,1,-1000
198,0,109,9.54500000e+03,1,-1000
198,0,110,0.00000000e+00,140,-1206
198,0,111,0.00000000e+00,140,-1211
198,0,112,0.00000000e+00,140,-1212
198,0,117,0.00000000e+00,3,999
198,0,123,9.54500000e+03,1,-1000
198,0,130,0.00000000e+00,140,-1000
198,1,1,1.00000000e+00,1,-1000
198,1,2,2.50000000e+02,141,-1000
198,1,12,0.00000000e+00,140,-1000
198,1,13,0.00000000e+00,140,-1000
198,1,14,0.00000000e+00,140,-1000
198,1,15,0.00000000e+00,140,-1000
198,1,16,2.50000000e+02,141,-1000
198,1,32,4.15000000e+05,1,-1000
198,1,33,9.54500000e+03,1,-1000
198,1,72,2.50000000e+02,1,2
198,1,83,4.15000000e+04,1,-1000
198,1,84,4.15000000e+04,1,-1000
198,1,85,4.15000000e+05,1,-1000
198,1,86,4.15000000e+05,1,-1000
198,1,87,0.00000000e+00,140,-1213
198,1,88,4.15000000e+04,1,-1000
198,1,89,4.15000000e+05,1,-1000
198,1,92,9.54500000e+03,1,107
198,1,93,2.50000000e+02,141,-1209
198,1,98,2.50000000e+02,141,-1300
198,1,99,4.15000000e+04,1,-1000
198,1,103,9.54500000e+03,140,-1000
198,1,104,9.54500000e+03,140,-1000
198,1,105,0.00000000e+00,141,-1208
198,1,106,9.54500000e+03,1,-1000
198,1,107,9.54500000e+03,1,-1000
198,1,108,9.54500000e+03,1,-1000
198,1,109,9.54500000e+03,1,-1000
198,1,110,0.00000000e+00,140,-1206
198,1,111,0.00000000e+00,140,-1211
198,1,112,0.00000000e+00,140,-1212
198,1,117,1.50000006e-01,3,999
198,1,123,9.54500000e+03,1,-1000
198,1,130,0.00000000e+00,140,-1000
199,0,1,1.00000000e+00,1,-1000
199,0,2,2.50000000e+02,141,-1000
199,0,12,0.00000000e+00,140,-1000
199,0,13,0.00000000e+00,140,-1000
199,0,14,0.00000000e+00,140,-1000
199,0,15,0.00000000e+00,140,-1000
199,0,16,2.50000000e+02,141,-1000
199,0,32,4.15000000e+05,1,-1000
199,0,33,9.54500000e+03,1,-1000
199,0,72,2.50000000e+02,1,2
199,0,83,4.15000000e+04,1,-1000
199,0,84,4.15000000e+04,1,-1000
199,0,85,4.15000000e+05,1,-1000
199,0,86,4.15000000e+05,1,-1000
199,0,87,0.00000000e+00,140,-1213
199,0,88,4.15000000e+04,1,-1000
199,0,89,4.15000000e+05,1,-1000
199,0,92,9.54500000e+03,1,107
199,0,93,2.50000000e+02,141,-1209
199,0,98,2.50000000e+02,141,-1300
199,0,99,4.15000000e+04,1,-1000
199,0,103,9.54500000e+03,140,-1000
199,0,104,9.54500000e+03,140,-1000
199,0,105,0.00000000e+00,141,-1208
199,0,106,9.54500000e+03,1,-1000
199,0,107,9.54500000e+03,1,-1000
199,0,108,9.54500000e+03,1,-1000
199,0,109,9.54500000e+03,1,-1000
199,0,110,0.00000000e+00,140,-1206
199,0,111,0.00000000e+00,140,-1211
199,0,112,0.00000000e+00,140,-1212
199,0,117,0.00000000e+00,3,999
199,0,123,9.54500000e+03,1,-1000
199,0,130,0.00000000e+00,140,-1000
199,1,1,1.00000000e+00,1,-1000
199,1,2,2.50000000e+02,141,-1000
199,1,12,0.00000000e+00,140,-1000
199,1,13,0.00000000e+00,140,-1000
199,1,14,0.00000000e+00,140,-1000
199,1,15,0.00000000e+00,140,-1000
199,1,16,2.50000000e+02,141,-1000
199,1,32,4.15000000e+05,1,-1000
199,1,33,9.54500000e+03,1,-1000
199,1,72,2.50000000e+02,1,2
199,1,83,4.15000000e+04,1,-1000
199,1,84,4.15000000e+04,1,-1000
199,1,85,4.15000000e+05,1,-1000
199,1,86,4.15000000e+05,1,-1000
199,1,87,0.00000000e+00,140,-1213
199,1,88,4.15000000e+04,1,-1000
199,1,89,4.15000000e+05,1,-1000
199,1,92,9.54500000e+03,1,107
199,1,93,2.50000000e+02,141,-1209
199,1,98,2.50000000e+02,141,-1300
199,1,99,4.15000000e+04,1,-1000
199,1,103,9.54500000e+03,140,-1000
199,1,104,9.54500000e+03,140,-1000
199,1,105,0.00000000e+00,141,-1208
199,1,106,9.54500000e+03,1,-1000
199,1,107,9.54500000e+03,1,-1000
199,1,108,9.54500000e+03,1,-1000
199,1,109,9.54500000e+03,1,-1000
199,1,110,0.00000000e+00,140,-1206
199,1,111,0.00000000e+00,140,-1211
199,1,112,0.00000000e+00,140,-1212
199,1,117,3.99999991e-02,3,999
199,1,123,9.54500000e+03,1,-1000
199,1,130,0.00000000e+00,140,-1000
200,0,1,1.00000000e+00,1,-1000
200,0,2,2.50000000e+02,141,-1000
200,0,12,0.00000000e+00,140,-1000
200,0,13,0.00000000e+00,140,-1000
200,0,14,0.00000000e+00,140,-1000
200,0,15,0.00000000e+00,140,-1000
200,0,16,2.50000000e+02,141,-1000
200,0,32,4.15000000e+05,140,-1000
200,0,33,9.54500000e+03,140,-1000
200,0,72,2.50000000e+02,1,93
200,0,73,4.99999989e-03,1,-1302
200,0,83,4.15000000e+04,140,-1000
200,0,84,4.15000000e+04,140,-1000
200,0,85,4.15000000e+05,140,-1000
200,0,86,4.15000000e+05,140,-1000
200,0,87,4.15006836e+04,140,-1213
200,0,88,4.15000000e+04,140,-1000
200,0,89,4.15000000e+05,140,-1000
200,0,92,9.54515723e+03,1,112
200,0,93,2.50000000e+02,141,-1209
200,0,98,2.50000000e+02,141,-1300
200,0,99,4.15000000e+04,140,-1000
200,0,103,9.54500000e+03,140,-1000
200,0,104,9.54500000e+03,140,-1000
200,0,105,4.98366797e+04,141,-1208
200,0,106,9.54500000e+03,140,-1000
200,0,107,9.54500000e+03,140,-1000
200,0,108,9.54500000e+03,140,-1000
200,0,109,9.54500000e+03,140,-1000
200,0,110,2.08179993e+02,140,-1206
200,0,111,4.78814011e+01,140,-1211
200,0,112,9.54515723e+03,140,-1212
200,0,123,9.54500000e+03,140,-1000
200,0,130,0.00000000e+00,140,-1000
200,0,143,-1.30200000e+03,1,-1302
200,0,144,0.00000000e+00,1,-1302
200,1,1,1.00000000e+00,1,-1000
200,1,2,2.50000000e+02,141,-1000
200,1,12,0.00000000e+00,140,-1000
200,1,13,0.00000000e+00,140,-1000
200,1,14,0.00000000e+00,140,-1000
200,1,15,0.00000000e+00,140,-1000
200,1,16,2.50000000e+02,141,-1000
200,1,32,4.15000000e+05,140,-1000
200,1,33,9.54500000e+03,140,-1000
200,1,72,2.50000000e+02,1,93
200,1,73,4.99999989e-03,1,-1302
200,1,83,4.15000000e+04,140,-1000
200,1,84,4.15000000e+04,140,-1000
200,1,85,4.15000000e+05,140,-1000
200,1,86,4.15000000e+05,140,-1000
200,1,87,4.15006836e+04,140,-1213
200,1,88,4.15000000e+04,140,-1000
200,1,89,4.15000000e+05,140,-1000
200,1,92,9.54515723e+03,1,112
200,1,93,2.50000000e+02,141,-1209
200,1,98,2.50000000e+02,141,-1300
200,1,99,4.15000000e+04,140,-1000
200,1,103,9.54500000e+03,140,-1000
200,1,104,9.54500000e+03,140,-1000
200,1,105,4.98366797e+04,141,-1208
200,1,106,9.54500000e+03,140,-1000
200,1,107,9.54500000e+03,140,-1000
200,1,108,9.54500000e+03,140,-1000
200,1,109,9.54500000e+03,140,-1000
200,1,110,2.08179993e+02,140,-1206
200,1,111,4.78814011e+01,140,-1211
200,1,112,9.54515723e+03,140,-1212
200,1,123,9.54500000e+03,140,-1000
200,1,130,0.00000000e+00,140,-1000
200,1,143,-1.30200000e+03,1,-1302
200,1,144,0.00000000e+00,1,-1302
201,0,1,1.00000000e+00,1,-1000
201,0,2,2.50000000e+02,141,-1000
201,0,12,0.00000000e+00,140,-1000
201,0,13,0.00000000e+00,140,-1000
201,0,14,0.00000000e+00,140,-1000
201,0,15,0.00000000e+00,140,-1000
201,0,16,2.50000000e+02,141,-1000
201,0,32,4.15000000e+05,140,-1000
201,0,33,9.54500000e+03,140,-1000
201,0,72,2.50000000e+02,1,93
201,0,73,9.99999978e-03,1,-1302
201,0,83,4.15000000e+04,140,-1000
201,0,84,4.15000000e+04,140,-1000
201,0,85,4.15000000e+05,140,-1000
201,0,86,4.15000000e+05,140,-1000
201,0,87,4.15006836e+04,140,-1213
201,0,88,4.15000000e+04,140,-1000
201,0,89,4.15000000e+05,140,-1000
201,0,92,9.54515723e+03,1,112
201,0,93,2.50000000e+02,141,-1209
201,0,98,2.50000000e+02,141,-1300
201,0,99,4.15000000e+04,140,-1000
201,0,103,9.54500000e+03,140,-1000
201,0,104,9.54500000e+03,140,-1000
201,0,105,4.98366797e+04,141,-1208
201,0,106,9.54500000e+03,140,-1000
201,0,107,9.54500000e+03,140,-1000
201,0,108,9.54500000e+03,140,-1000
201,0,109,9.54500000e+03,140,-1000
201,0,110,2.08179993e+02,140,-1206
201,0,111,4.78814011e+01,140,-1211
201,0,112,9.54515723e+03,140,-1212
201,0,123,9.54500000e+03,140,-1000
201,0,130,0.00000000e+00,140,-1000
201,1,1,1.00000000e+00,1,-1000
201,1,2,2.50000000e+02,141,-1000
201,1,12,0.00000000e+00,140,-1000
201,1,13,0.00000000e+00,140,-1000
201,1,14,0.00000000e+00,140,-1000
201,1,15,0.00000000e+00,140,-1000
201,1,16,2.50000000e+02,141,-1000
201,1,32,4.15000000e+05,140,-1000
201,1,33,9.54500000e+03,140,-1000
201,1,72,2.50000000e+02,1,93
201,1,73,9.99999978e-03,1,-1302
201,1,83,4.15000000e+04,140,-1000
201,1,84,4.15000000e+04,140,-1000
201,1,85,4.15000000e+05,140,-1000
201,1,86,4.15000000e+05,140,-1000
201,1,87,4.15006836e+04,140,-1213
201,1,88,4.15000000e+04,140,-1000
201,1,89,4.15000000e+05,140,-1000
201,1,92,9.54515723e+03,1,112
201,1,93,2.50000000e+02,141,-1209
201,1,98,2.50000000e+02,141,-1300
201,1,99,4.15000000e+04,140,-1000
201,1,103,9.54500000e+03,140,-1000
201,1,104,9.54500000e+03,140,-1000
201,1,105,4.98366797e+04,141,-1208
201,1,106,9.54500000e+03,140,-1000
201,1,107,9.54500000e+03,140,-1000
201,1,108,9.54500000e+03,140,-1000
201,1,109,9.54500000e+03,140,-1000
201,1,110,2.08179993e+02,140,-1206
201,1,111,4.78814011e+01,140,-1211
201,1,112,9.54515723e+03,140,-1212
201,1,123,9.54500000e+03,140,-1000
201,1,130,0.00000000e+00,140,-1000
202,0,1,1.00000000e+00,1,-1000
202,0,2,2.50000000e+02,141,-1000
202,0,12,0.00000000e+00,140,-1000
202,0,13,0.00000000e+00,140,-1000
202,0,14,0.00000000e+00,140,-1000
202,0,15,0.00000000e+00,140,-1000
202,0,16,2.50000000e+02,141,-1000
202,0,32,1.80000000e+05,1,-1000
202,0,33,1.80000000e+03,1,-1000
202,0,72,2.37780716e+02,1,105
202,0,73,6.99999975e-04,1,-1302
202,0,83,1.80000000e+04,1,-1000
202,0,84,1.80000000e+04,1,-1000
202,0,85,1.80000000e+05,1,-1000
202,0,86,1.80000000e+05,1,-1000
202,0,87,1.80000000e+04,140,-1213
202,0,88,1.80000000e+04,1,-1000
202,0,89,1.80000000e+05,1,-1000
202,0,92,1.89250000e+03,1,111
202,0,93,2.50000000e+02,141,-1209
202,0,98,2.50000000e+02,141,-1300
202,0,99,1.80000000e+04,1,-1000
202,0,103,1.80000000e+03,140,-1000
202,0,104,1.80000000e+03,140,-1000
202,0,105,2.37780716e+02,141,-1208
202,0,106,1.80000000e+03,1,-1000
202,0,107,1.80000000e+03,1,-1000
202,0,108,1.80000000e+03,1,-1000
202,0,109,1.80000000e+03,1,-1000
202,0,110,1.89250000e+04,140,-1206
202,0,111,1.89250000e+03,140,-1211
202,0,112,1.80000012e+03,140,-1212
202,0,123,1.80000000e+03,1,-1000
202,0,130,0.00000000e+00,140,-1000
202,1,1,1.00000000e+00,1,-1000
202,1,2,2.50000000e+02,141,-1000
202,1,12,0.00000000e+00,140,-1000
202,1,13,0.00000000e+00,140,-1000
202,1,14,0.00000000e+00,140,-1000
202,1,15,0.00000000e+00,140,-1000
202,1,16,2.50000000e+02,141,-1000
202,1,32,1.80000000e+05,1,-1000
202,1,33,1.80000000e+03,1,-1000
202,1,72,2.37780716e+02,1,105
202,1,73,2.00000009e-03,1,-1302
202,1,83,1.80000000e+04,1,-1000
202,1,84,1.80000000e+04,1,-1000
202,1,85,1.80000000e+05,1,-1000
202,1,86,1.80000000e+05,1,-1000
202,1,87,1.80000000e+04,140,-1213
202,1,88,1.80000000e+04,1,-1000
202,1,89,1.80000000e+05,1,-1000
202,1,92,1.89250000e+03,1,111
202,1,93,2.50000000e+02,141,-1209
202,1,98,2.50000000e+02,141,-1300
202,1,99,1.80000000e+04,1,-1000
202,1,103,1.80000000e+03,140,-1000
202,1,104,1.80000000e+03,140,-1000
202,1,105,2.37780716e+02,141,-1208
202,1,106,1.80000000e+03,1,-1000
202,1,107,1.80000000e+03,1,-1000
202,1,108,1.80000000e+03,1,-1000
202,1,109,1.80000000e+03,1,-1000
202,1,110,1.89250000e+04,140,-1206
202,1,111,1.89250000e+03,140,-1211
202,1,112,1.80000012e+03,140,-1212
202,1,123,1.80000000e+03,1,-1000
202,1,130,0.00000000e+00,140,-1000
203,0,1,1.00000000e+00,1,-1000
203,0,2,2.50000000e+02,141,-1000
203,0,12,0.00000000e+00,140,-1000
203,0,13,0.00000000e+00,140,-1000
203,0,14,0.00000000e+00,140,-1000
203,0,15,0.00000000e+00,140,-1000
203,0,16,2.50000000e+02,141,-1000
203,0,32,1.80000000e+05,1,-1000
203,0,33,1.80000000e+03,1,-1000
203,0,72,2.50000000e+02,1,2
203,0,73,1.99999996e-02,1,-1302
203,0,83,1.80000000e+04,1,-1000
203,0,84,1.80000000e+04,1,-1000
203,0,85,1.80000000e+05,1,-1000
203,0,86,1.80000000e+05,1,-1000
203,0,87,0.00000000e+00,140,-1213
203,0,88,1.80000000e+04,1,-1000
203,0,89,1.80000000e+05,1,-1000
203,0,92,1.80000000e+03,1,107
203,0,93,2.50000000e+02,141,-1209
203,0,98,2.50000000e+02,141,-1300
203,0,99,1.80000000e+04,1,-1000
203,0,103,1.80000000e+03,140,-1000
203,0,104,1.80000000e+03,140,-1000
203,0,105,0.00000000e+00,141,-1208
203,0,106,1.80000000e+03,1,-1000
203,0,107,1.80000000e+03,1,-1000
203,0,108,1.80000000e+03,1,-1000
203,0,109,1.80000000e+03,1,-1000
203,0,110,0.00000000e+00,140,-1206
203,0,111,0.00000000e+00,140,-1211
203,0,112,0.00000000e+00,140,-1212
203,0,123,1.80000000e+03,1,-1000
203,0,130,0.00000000e+00,140,-1000
203,1,1,1.00000000e+00,1,-1000
203,1,2,2.50000000e+02,141,-1000
203,1,12,0.00000000e+00,140,-1000
203,1,13,0.00000000e+00,140,-1000
203,1,14,0.00000000e+00,140,-1000
203,1,15,0.00000000e+00,140,-1000
203,1,16,2.50000000e+02,141,-1000
203,1,32,1.80000000e+05,1,-1000
203,1,33,1.80000000e+03,1,-1000
203,1,72,2.50000000e+02,1,2
203,1,73,1.99999996e-02,1,-1302
203,1,83,1.80000000e+04,1,-1000
203,1,84,1.80000000e+04,1,-1000
203,1,85,1.80000000e+05,1,-1000
203,1,86,1.80000000e+05,1,-1000
203,1,87,0.00000000e+00,140,-1213
203,1,88,1.80000000e+04,1,-1000
203,1,89,1.80000000e+05,1,-1000
203,1,92,1.80000000e+03,1,107
203,1,93,2.50000000e+02,141,-1209
203,1,98,2.50000000e+02,141,-1300
203,1,99,1.80000000e+04,1,-1000
203,1,103,1.80000000e+03,140,-1000
203,1,104,1.80000000e+03,140,-1000
203,1,105,0.00000000e+00,141,-1208
203,1,106,1.80000000e+03,1,-1000
203,1,107,1.80000000e+03,1,-1000
203,1,108,1.80000000e+03,1,-1000
203,1,109,1.80000000e+03,1,-1000
203,1,110,0.00000000e+00,140,-1206
203,1,111,0.00000000e+00,140,-1211
203,1,112,0.00000000e+00,140,-1212
203,1,123,1.80000000e+03,1,-1000
203,1,130,0.00000000e+00,140,-1000
204,0,1,1.00000000e+00,1,-1000
204,0,2,2.50000000e+02,141,-1000
204,0,12,0.00000000e+00,140,-1000
204,0,13,0.00000000e+00,140,-1000
204,0,14,0.00000000e+00,140,-1000
204,0,15,0.00000000e+00,140,-1000
204,0,16,2.50000000e+02,141,-1000
204,0,32,1.80000000e+05,1,-1000
204,0,33,1.80000000e+03,1,-1000
204,0,72,2.50000000e+02,1,2
204,0,83,1.80000000e+04,1,-1000
204,0,84,1.80000000e+04,1,-1000
204,0,85,1.80000000e+05,1,-1000
204,0,86,1.80000000e+05,1,-1000
204,0,87,0.00000000e+00,140,-1213
204,0,88,1.80000000e+04,1,-1000
204,0,89,1.80000000e+05,1,-1000
204,0,92,1.80000000e+03,1,107
204,0,93,2.50000000e+02,141,-1209
204,0,98,2.50000000e+02,141,-1300
204,0,99,1.80000000e+04,1,-1000
204,0,103,1.80000000e+03,140,-1000
204,0,104,1.80000000e+03,140,-1000
204,0,105,0.00000000e+00,141,-1208
204,0,106,1.80000000e+03,1,-1000
204,0,107,1.80000000e+03,1,-1000
204,0,108,1.80000000e+03,1,-1000
204,0,109,1.80000000e+03,1,-1000
204,0,110,0.00000000e+00,140,-1206
204,0,111,0.00000000e+00,140,-1211
204,0,112,0.00000000e+00,140,-1212
204,0,117,0.00000000e+00,3,999
204,0,123,1.80000000e+03,1,-1000
204,0,130,0.00000000e+00,140,-1000
204,1,1,1.00000000e+00,1,-1000
204,1,2,2.50000000e+02,141,-1000
204,1,12,0.00000000e+00,140,-1000
204,1,13,0.00000000e+00,140,-1000
204,1,14,0.00000000e+00,140,-1000
204,1,15,0.00000000e+00,140,-1000
204,1,16,2.50000000e+02,141,-1000
204,1,32,1.80000000e+05,1,-1000
204,1,33,1.80000000e+03,1,-1000
204,1,72,2.50000000e+02,1,2
204,1,83,1.80000000e+04,1,-1000
204,1,84,1.80000000e+04,1,-1000
204,1,85,1.80000000e+05,1,-1000
204,1,86,1.80000000e+05,1,-1000
204,1,87,0.00000000e+00,140,-1213
204,1,88,1.80000000e+04,1,-1000
204,1,89,1.80000000e+05,1,-1000
204,1,92,1.80000000e+03,1,107
204,1,93,2.50000000e+02,141,-1209
204,1,98,2.50000000e+02,141,-1300
204,1,99,1.80000000e+04,1,-1000
204,1,103,1.80000000e+03,140,-1000
204,1,104,1.80000000e+03,140,-1000
204,1,105,0.00000000e+00,141,-1208
204,1,106,1.80000000e+03,1,-1000
204,1,107,1.80000000e+03,1,-1000
204,1,108,1.80000000e+03,1,-1000
204,1,109,1.80000000e+03,1,-1000
204,1,110,0.00000000e+00,140,-1206
204,1,111,0.00000000e+00,140,-1211
204,1,112,0.00000000e+00,140,-1212
204,1,117,1.50000006e-01,3,999
204,1,123,1.80000000e+03,1,-1000
204,1,130,0.00000000e+00,140,-1000
205,0,1,1.00000000e+00,1,-1000
205,0,2,2.50000000e+02,141,-1000
205,0,12,0.00000000e+00,140,-1000
205,0,13,0.00000000e+00,140,-1000
205,0,14,0.00000000e+00,140,-1000
205,0,15,0.00000000e+00,140,-1000
205,0,16,2.50000000e+02,141,-1000
205,0,32,1.80000000e+05,1,-1000
205,0,33,1.80000000e+03,1,-1000
205,0,72,2.50000000e+02,1,2
205,0,83,1.80000000e+04,1,-1000
205,0,84,1.80000000e+04,1,-1000
205,0,85,1.80000000e+05,1,-1000
205,0,86,1.80000000e+05,1,-1000
205,0,87,0.00000000e+00,140,-1213
205,0,88,1.80000000e+04,1,-1000
205,0,89,1.80000000e+05,1,-1000
205,0,92,1.80000000e+03,1,107
205,0,93,2.50000000e+02,141,-1209
205,0,98,2.50000000e+02,141,-1300
205,0,99,1.80000000e+04,1,-1000
205,0,103,1.80000000e+03,140,-1000
205,0,104,1.80000000e+03,140,-1000
205,0,105,0.00000000e+00,141,-1208
205,0,106,1.80000000e+03,1,-1000
205,0,107,1.80000000e+03,1,-1000
205,0,108,1.80000000e+03,1,-1000
205,0,109,1.80000000e+03,1,-1000
205,0,110,0.00000000e+00,140,-1206
205,0,111,0.00000000e+00,140,-1211
205,0,112,0.00000000e+00,140,-1212
205,0,117,0.00000000e+00,3,999
205,0,123,1.80000000e+03,1,-1000
205,0,130,0.00000000e+00,140,-1000
205,1,1,1.00000000e+00,1,-1000
205,1,2,2.50000000e+02,141,-1000
205,1,12,0.00000000e+00,140,-1000
205,1,13,0.00000000e+00,140,-1000
205,1,14,0.00000000e+00,140,-1000
205,1,15,0.00000000e+00,140,-1000
205,1,16,2.50000000e+02,141,-1000
205,1,32,1.80000000e+05,1,-1000
205,1,33,1.80000000e+03,1,-1000
205,1,72,2.50000000e+02,1,2
205,1,83,1.80000000e+04,1,-1000
205,1,84,1.80000000e+04,1,-1000
205,1,85,1.80000000e+05,1,-1000
205,1,86,1.80000000e+05,1,-1000
205,1,87,0.00000000e+00,140,-1213
205,1,88,1.80000000e+04,1,-1000
205,1,89,1.80000000e+05,1,-1000
205,1,92,1.80000000e+03,1,107
205,1,93,2.50000000e+02,141,-1209
205,1,98,2.50000000e+02,141,-1300
205,1,99,1.80000000e+04,1,-1000
205,1,103,1.80000000e+03,140,-1000
205,1,104,1.80000000e+03,140,-1000
205,1,105,0.00000000e+00,141,-1208
205,1,106,1.80000000e+03,1,-1000
205,1,107,1.80000000e+03,1,-1000
205,1,108,1.80000000e+03,1,-1000
205,1,109,1.80000000e+03,1,-1000
205,1,110,0.00000000e+00,140,-1206
205,1,111,0.00000000e+00,140,-1211
205,1,112,0.00000000e+00,140,-1212
205,1,117,3.99999991e-02,3,999
205,1,123,1.80000000e+03,1,-1000
205,1,130,0.00000000e+00,140,-1000
206,0,1,1.00000000e+00,1,-1000
206,0,2,2.50000000e+02,141,-1000
206,0,12,0.00000000e+00,140,-1000
206,0,13,0.00000000e+00,140,-1000
206,0,14,0.00000000e+00,140,-1000
206,0,15,0.00000000e+00,140,-1000
206,0,16,2.50000000e+02,141,-1000
206,0,32,1.80000000e+05,1,-1000
206,0,33,1.80000000e+03,1,-1000
206,0,72,2.50000000e+02,1,2
206,0,73,1.99999996e-02,1,-1302
206,0,83,1.80000000e+04,1,-1000
206,0,84,1.80000000e+04,1,-1000
206,0,85,1.80000000e+05,1,-1000
206,0,86,1.80000000e+05,1,-1000
206,0,87,0.00000000e+00,140,-1213
206,0,88,1.80000000e+04,1,-1000
206,0,89,1.80000000e+05,1,-1000
206,0,92,1.80000000e+03,1,107
206,0,93,2.50000000e+02,141,-1209
206,0,98,2.50000000e+02,141,-1300
206,0,99,1.80000000e+04,1,-1000
206,0,103,1.80000000e+03,140,-1000
206,0,104,1.80000000e+03,140,-1000
206,0,105,0.00000000e+00,141,-1208
206,0,106,1.80000000e+03,1,-1000
206,0,107,1.80000000e+03,1,-1000
206,0,108,1.80000000e+03,1,-1000
206,0,109,1.80000000e+03,1,-1000
206,0,110,0.00000000e+00,140,-1206
206,0,111,0.00000000e+00,140,-1211
206,0,112,0.00000000e+00,140,-1212
206,0,123,1.80000000e+03,1,-1000
206,0,130,0.00000000e+00,140,-1000
206,1,1,1.00000000e+00,1,-1000
206,1,2,2.50000000e+02,141,-1000
206,1,12,0.00000000e+00,140,-1000
206,1,13,0.00000000e+00,140,-1000
206,1,14,0.00000000e+00,140,-1000
206,1,15,0.00000000e+00,140,-1000
206,1,16,2.50000000e+02,141,-1000
206,1,32,1.80000000e+05,1,-1000
206,1,33,1.80000000e+03,1,-1000
206,1,72,2.50000000e+02,1,2
206,1,73,1.99999996e-02,1,-1302
206,1,83,1.80000000e+04,1,-1000
206,1,84,1.80000000e+04,1,-1000
206,1,85,1.80000000e+05,1,-1000
206,1,86,1.80000000e+05,1,-1000
206,1,87,0.00000000e+00,140,-1213
206,1,88,1.80000000e+04,1,-1000
206,1,89,1.80000000e+05,1,-1000
206,1,92,1.80000000e+03,1,107
206,1,93,2.50000000e+02,141,-1209
206,1,98,2.50000000e+02,141,-1300
206,1,99,1.80000000e+04,1,-1000
206,1,103,1.80000000e+03,140,-1000
206,1,104,1.80000000e+03,140,-1000
206,1,105,0.00000000e+00,141,-1208
206,1,106,1.80000000e+03,1,-1000
206,1,107,1.80000000e+03,1,-1000
206,1,108,1.80000000e+03,1,-1000
206,1,109,1.80000000e+03,1,-1000
206,1,110,0.00000000e+00,140,-1206
206,1,111,0.00000000e+00,140,-1211
206,1,112,0.00000000e+00,140,-1212
206,1,123,1.80000000e+03,1,-1000
206,1,130,0.00000000e+00,140,-1000
207,0,1,1.00000000e+00,1,-1000
207,0,2,2.50000000e+02,141,-1000
207,0,12,0.00000000e+00,140,-1000
207,0,13,0.00000000e+00,140,-1000
207,0,14,0.00000000e+00,140,-1000
207,0,15,0.00000000e+00,140,-1000
207,0,16,2.50000000e+02,141,-1000
207,0,32,1.80000000e+05,1,-1000
207,0,33,1.80000000e+03,1,-1000
207,0,72,2.50000000e+02,1,2
207,0,83,1.80000000e+04,1,-1000
207,0,84,1.80000000e+04,1,-1000
207,0,85,1.80000000e+05,1,-1000
207,0,86,1.80000000e+05,1,-1000
207,0,87,0.00000000e+00,140,-1213
207,0,88,1.80000000e+04,1,-1000
207,0,89,1.80000000e+05,1,-1000
207,0,92,1.80000000e+03,1,107
207,0,93,2.50000000e+02,141,-1209
207,0,98,2.50000000e+02,141,-1300
207,0,99,1.80000000e+04,1,-1000
207,0,103,1.80000000e+03,140,-1000
207,0,104,1.80000000e+03,140,-1000
207,0,105,0.00000000e+00,141,-1208
207,0,106,1.80000000e+03,1,-1000
207,0,107,1.80000000e+03,1,-1000
207,0,108,1.80000000e+03,1,-1000
207,0,109,1.80000000e+03,1,-1000
207,0,110,0.00000000e+00,140,-1206
207,0,111,0.00000000e+00,140,-1211
207,0,112,0.00000000e+00,140,-1212
207,0,117,0.00000000e+00,3,999
207,0,123,1.80000000e+03,1,-1000
207,0,130,0.00000000e+00,140,-1000
207,1,1,1.00000000e+00,1,-1000
207,1,2,2.50000000e+02,141,-1000
207,1,12,0.00000000e+00,140,-1000
207,1,13,0.00000000e+00,140,-1000
207,1,14,0.00000000e+00,140,-1000
207,1,15,0.00000000e+00,140,-1000
207,1,16,2.50000000e+02,141,-1000
207,1,32,1.80000000e+05,1,-1000
207,1,33,1.80000000e+03,1,-1000
207,1,72,2.50000000e+02,1,2
207,1,83,1.80000000e+04,1,-1000
207,1,84,1.80000000e+04,1,-1000
207,1,85,1.80000000e+05,1,-1000
207,1,86,1.80000000e+05,1,-1000
207,1,87,0.00000000e+00,140,-1213
207,1,88,1.80000000e+04,1,-1000
207,1,89,1.80000000e+05,1,-1000
207,1,92,1.80000000e+03,1,107
207,1,93,2.50000000e+02,141,-1209
207,1,98,2.50000000e+02,141,-1300
207,1,99,1.80000000e+04,1,-1000
207,1,103,1.80000000e+03,140,-1000
207,1,104,1.80000000e+03,140,-1000
207,1,105,0.00000000e+00,141,-1208
207,1,106,1.80000000e+03,1,-1000
207,1,107,1.80000000e+03,1,-1000
207,1,108,1.80000000e+03,1,-1000
207,1,109,1.80000000e+03,1,-1000
207,1,110,0.00000000e+00,140,-1206
207,1,111,0.00000000e+00,140,-1211
207,1,112,0.00000000e+00,140,-1212
207,1,117,1.50000006e-01,3,999
207,1,123,1.80000000e+03,1,-1000
207,1,130,0.00000000e+00,140,-1000
208,0,1,1.00000000e+00,1,-1000
208,0,2,2.50000000e+02,141,-1000
208,0,12,0.00000000e+00,140,-1000
208,0,13,0.00000000e+00,140,-1000
208,0,14,0.00000000e+00,140,-1000
208,0,15,0.00000000e+00,140,-1000
208,0,16,2.50000000e+02,141,-1000
208,0,32,1.80000000e+05,1,-1000
208,0,33,1.80000000e+03,1,-1000
208,0,72,2.50000000e+02,1,2
208,0,83,1.80000000e+04,1,-1000
208,0,84,1.80000000e+04,1,-1000
208,0,85,1.80000000e+05,1,-1000
208,0,86,1.80000000e+05,1,-1000
208,0,87,0.00000000e+00,140,-1213
208,0,88,1.80000000e+04,1,-1000
208,0,89,1.80000000e+05,1,-1000
208,0,92,1.80000000e+03,1,107
208,0,93,2.50000000e+02,141,-1209
208,0,98,2.50000000e+02,141,-1300
208,0,99,1.80000000e+04,1,-1000
208,0,103,1.80000000e+03,140,-1000
208,0,104,1.80000000e+03,140,-1000
208,0,105,0.00000000e+00,141,-1208
208,0,106,1.80000000e+03,1,-1000
208,0,107,1.80000000e+03,1,-1000
208,0,108,1.80000000e+03,1,-1000
208,0,109,1.80000000e+03,1,-1000
208,0,110,0.00000000e+00,140,-1206
208,0,111,0.00000000e+00,140,-1211
208,0,112,0.00000000e+00,140,-1212
208,0,117,0.00000000e+00,3,999
208,0,123,1.80000000e+03,1,-1000
208,0,130,0.00000000e+00,140,-1000
208,1,1,1.00000000e+00,1,-1000
208,1,2,2.50000000e+02,141,-1000
208,1,12,0.00000000e+00,140,-1000
208,1,13,0.00000000e+00,140,-1000
174,1,1,3.00000000e+00,1,-1000
174,1,2,2.50000000e+02,141,-1000
174,1,4,1.00000001e-01,1,-1302
174,1,5,2.00000000e+02,1,-1102
174,1,7,1.00000000e+00,1,-1300
174,1,8,2.98000000e+02,1,-1300
174,1,16,2.50000000e+02,141,-1000
174,1,26,1.00000000e+01,1,-1302
174,1,28,7.85398178e+01,21,-1
174,1,31,1.00000000e+00,1,-1302
174,1,32,4.10000000e+03,1,0
174,1,33,1.63999996e+01,1,0
174,1,40,1.00000000e+00,1,118
174,1,50,5.72490389e-05,21,-1
174,1,69,1.00000000e+02,1,-1302
174,1,72,2.50000000e+02,1,2
174,1,83,8.20000000e+01,1,0
174,1,84,8.20000000e+01,1,0
174,1,85,4.10000000e+03,1,0
174,1,86,4.10000000e+03,1,0
174,1,88,8.20000000e+01,1,0
174,1,89,4.10000000e+03,1,0
174,1,93,2.50000000e+02,141,-1209
174,1,98,2.50000000e+02,141,-1300
174,1,99,8.20000000e+01,1,0
174,1,105,0.00000000e+00,141,-1208
174,1,106,1.63999996e+01,1,0
174,1,107,1.63999996e+01,1,0
174,1,108,1.63999996e+01,1,0
174,1,109,1.63999996e+01,1,0
174,1,118,1.00000000e+00,143,-1000
174,1,119,1.00000000e+00,143,-1000
174,1,120,1.00000000e+00,143,-1000
174,1,123,1.63999996e+01,1,0
175,0,1,3.00000000e+00,1,-1000
175,0,2,2.50000000e+02,141,-1000
175,0,4,1.00000001e-01,1,-1302
175,0,5,2.00000000e+02,1,-1102
175,0,8,2.98000000e+02,1,-1300
175,0,16,2.50000000e+02,141,-1000
175,0,26,0.00000000e+00,1,-1302
175,0,28,0.00000000e+00,21,-1
175,0,31,2.40000000e+01,1,-1302
175,0,32,4.10000000e+03,1,0
175,0,33,1.63999996e+01,1,0
175,0,40,1.00000000e+00,1,118
175,0,50,0.00000000e+00,21,-1
175,0,69,4.40000000e+02,1,-1302
175,0,72,2.50000000e+02,1,2
175,0,83,8.20000000e+01,1,0
175,0,84,8.20000000e+01,1,0
175,0,85,4.10000000e+03,1,0
175,0,86,4.10000000e+03,1,0
175,0,88,8.20000000e+01,1,0
175,0,89,4.10000000e+03,1,0
175,0,93,2.50000000e+02,141,-1209
175,0,98,2.50000000e+02,141,-1300
175,0,99,8.20000000e+01,1,0
175,0,105,0.00000000e+00,141,-1208
175,0,106,1.63999996e+01,1,0
175,0,107,1.63999996e+01,1,0
175,0,108,1.63999996e+01,1,0
175,0,109,1.63999996e+01,1,0
175,0,118,1.00000000e+00,143,-1000
175,0,119,1.00000000e+00,143,-1000
175,0,120,1.00000000e+00,143,-1000
175,0,123,1.63999996e+01,1,0
175,1,1,3.00000000e+00,1,-1000
175,1,2,2.50000000e+02,141,-1000
175,1,4,1.00000001e-01,1,-1302
175,1,5,2.00000000e+02,1,-1102
175,1,8,2.98000000e+02,1,-1300
175,1,16,2.50000000e+02,141,-1000
175,1,26,9.20000000e+01,1,999
175,1,28,6.64760986e+03,21,-1
175,1,31,2.40000000e+01,1,-1302
175,1,32,4.10000000e+03,1,0
175,1,33,1.63999996e+01,1,0
175,1,40,1.00000000e+00,1,118
175,1,50,3.90493195e-03,21,-1
175,1,69,4.40000000e+02,1,-1302
175,1,72,2.50000000e+02,1,2
175,1,83,8.20000000e+01,1,0
175,1,84,8.20000000e+01,1,0
175,1,85,4.10000000e+03,1,0
175,1,86,4.10000000e+03,1,0
175,1,88,8.20000000e+01,1,0
175,1,89,4.10000000e+03,1,0
175,1,93,2.50000000e+02,141,-1209
175,1,98,2.50000000e+02,141,-1300
175,1,99,8.20000000e+01,1,0
175,1,105,0.00000000e+00,141,-1208
175,1,106,1.63999996e+01,1,0
175,1,107,1.63999996e+01,1,0
175,1,108,1.63999996e+01,1,0
175,1,109,1.63999996e+01,1,0
175,1,118,1.00000000e+00,143,-1000
175,1,119,1.00000000e+00,143,-1000
175,1,120,1.00000000e+00,143,-1000
175,1,123,1.63999996e+01,1,0
176,0,1,3.00000000e+00,1,-1000
176,0,2,2.50000000e+02,141,-1000
176,0,12,0.00000000e+00,140,-1000
176,0,13,0.00000000e+00,140,-1000
176,0,14,0.00000000e+00,140,-1000
176,0,15,0.00000000e+00,140,-1000
176,0,16,2.50000000e+02,141,-1000
176,0,32,4.10000000e+03,1,-1000
176,0,33,1.63999996e+01,1,-1000
176,0,72,2.50000000e+02,1,2
176,0,73,9.99999978e-03,1,-1302
176,0,83,8.20000000e+01,1,-1000
176,0,84,8.20000000e+01,1,-1000
176,0,85,4.10000000e+03,1,-1000
176,0,86,4.10000000e+03,1,-1000
176,0,87,0.00000000e+00,140,-1213
176,0,88,8.20000000e+01,1,-1000
176,0,89,4.10000000e+03,1,-1000
176,0,92,1.63999996e+01,1,107
176,0,93,2.50000000e+02,141,-1209
176,0,98,2.50000000e+02,141,-1300
176,0,99,8.20000000e+01,1,-1000
176,0,103,1.63999996e+01,140,-1000
176,0,104,1.63999996e+01,140,-1000
176,0,105,0.00000000e+00,141,-1208
176,0,106,1.63999996e+01,1,-1000
176,0,107,1.63999996e+01,1,-1000
176,0,108,1.63999996e+01,1,-1000
176,0,109,1.63999996e+01,1,-1000
176,0,110,0.00000000e+00,140,-1206
176,0,111,0.00000000e+00,140,-1211
176,0,112,0.00000000e+00,140,-1212
176,0,123,1.63999996e+01,1,-1000
176,0,130,0.00000000e+00,140,-1000
176,1,1,3.00000000e+00,1,-1000
176,1,2,2.50000000e+02,141,-1000
176,1,12,0.00000000e+00,140,-1000
176,1,13,0.00000000e+00,140,-1000
176,1,14,0.00000000e+00,140,-1000
176,1,15,0.00000000e+00,140,-1000
176,1,16,2.50000000e+02,141,-1000
176,1,32,4.10000000e+03,1,-1000
176,1,33,1.63999996e+01,1,-1000
176,1,72,2.50000000e+02,1,2
176,1,73,9.99999978e-03,1,-1302
176,1,83,8.20000000e+01,1,-1000
176,1,84,8.20000000e+01,1,-1000
176,1,85,4.10000000e+03,1,-1000
176,1,86,4.10000000e+03,1,-1000
176,1,87,0.00000000e+00,140,-1213
176,1,88,8.20000000e+01,1,-1000
176,1,89,4.10000000e+03,1,-1000
176,1,92,1.63999996e+01,1,107
176,1,93,2.50000000e+02,141,-1209
176,1,98,2.50000000e+02,141,-1300
176,1,99,8.20000000e+01,1,-1000
176,1,103,1.63999996e+01,140,-1000
176,1,104,1.63999996e+01,140,-1000
176,1,105,0.00000000e+00,141,-1208
176,1,106,1.63999996e+01,1,-1000
176,1,107,1.63999996e+01,1,-1000
176,1,108,1.63999996e+01,1,-1000
176,1,109,1.63999996e+01,1,-1000
176,1,110,0.00000000e+00,140,-1206
176,1,111,0.00000000e+00,140,-1211
176,1,112,0.00000000e+00,140,-1212
176,1,123,1.63999996e+01,1,-1000
176,1,130,0.00000000e+00,140,-1000
177,0,1,3.00000000e+00,1,-1000
177,0,2,2.50000000e+02,141,-1000
177,0,12,0.00000000e+00,140,-1000
177,0,13,0.00000000e+00,140,-1000
177,0,14,0.00000000e+00,140,-1000
177,0,15,0.00000000e+00,140,-1000
177,0,16,2.50000000e+02,141,-1000
177,0,32,4.10000000e+03,1,-1000
177,0,33,1.63999996e+01,1,-1000
177,0,72,2.50000000e+02,1,2
177,0,83,8.20000000e+01,1,-1000
177,0,84,8.20000000e+01,1,-1000
177,0,85,4.10000000e+03,1,-1000
177,0,86,4.10000000e+03,1,-1000
177,0,87,0.00000000e+00,140,-1213
177,0,88,8.20000000e+01,1,-1000
177,0,89,4.10000000e+03,1,-1000
177,0,92,1.63999996e+01,1,107
177,0,93,2.50000000e+02,141,-1209
177,0,98,2.50000000e+02,141,-1300
177,0,99,8.20000000e+01,1,-1000
177,0,103,1.63999996e+01,140,-1000
177,0,104,1.63999996e+01,140,-1000
177,0,105,0.00000000e+00,141,-1208
177,0,106,1.63999996e+01,1,-1000
177,0,107,1.63999996e+01,1,-1000
185,1,109,1.03800003e+02,140,-1000
185,1,110,2.08179993e+02,140,-1206
185,1,111,2.08179993e+02,140,-1211
185,1,112,9.61538467e+01,140,-1212
185,1,123,0.00000000e+00,140,-1000
185,1,130,0.00000000e+00,140,-1000
185,1,143,-1.30200000e+03,1,-1302
185,1,144,0.00000000e+00,1,-1302
186,0,1,1.50000000e+01,1,-1000
186,0,2,2.60000000e+02,141,-1000
186,0,4,1.00000001e-01,1,-1302
186,0,5,2.00000000e+02,1,-1102
186,0,7,1.00000000e+00,1,-1300
186,0,8,2.98000000e+02,1,-1300
186,0,16,2.60000000e+02,141,-1000
186,0,26,5.07999992e+00,1,-1302
186,0,28,0.00000000e+00,21,-1
186,0,31,6.15852652e-03,1,-1302
186,0,32,0.00000000e+00,1,0
186,0,33,2.62000008e+01,1,0
186,0,40,1.00000000e+00,1,118
186,0,50,0.00000000e+00,21,-1
186,0,69,1.00000000e+02,1,-1302
186,0,72,2.60000000e+02,1,93
186,0,83,2.62000008e+01,1,0
186,0,84,2.62000008e+01,1,0
186,0,85,0.00000000e+00,1,0
186,0,86,0.00000000e+00,1,0
186,0,88,2.62000008e+01,1,0
186,0,89,0.00000000e+00,1,0
186,0,93,2.60000000e+02,141,-1209
186,0,98,2.50000000e+02,141,-1300
186,0,99,2.62000008e+01,1,0
186,0,105,3.20243378e+01,141,-1208
186,0,106,0.00000000e+00,1,0
186,0,107,2.62000008e+01,1,0
186,0,108,0.00000000e+00,1,0
186,0,109,2.62000008e+01,1,0
186,0,118,1.00000000e+00,143,-1000
186,0,119,1.00000000e+00,143,-1000
186,0,120,1.00000000e+00,143,-1000
186,0,123,0.00000000e+00,1,0
186,1,1,1.50000000e+01,1,-1000
186,1,2,2.60000000e+02,141,-1000
186,1,4,1.00000001e-01,1,-1302
186,1,5,2.00000000e+02,1,-1102
186,1,7,1.00000000e+00,1,-1300
186,1,8,2.98000000e+02,1,-1300
186,1,16,2.60000000e+02,141,-1000
186,1,26,5.07999992e+00,1,-1302
186,1,28,2.02682991e+01,21,-1
186,1,31,6.15852652e-03,3,-1302
186,1,32,0.00000000e+00,1,0
186,1,33,2.62000008e+01,1,0
186,1,40,1.00000000e+00,1,118
186,1,50,2.07283028e-05,21,-1
186,1,69,1.00000000e+02,1,-1302
186,1,72,2.60000000e+02,1,93
186,1,83,2.62000008e+01,1,0
186,1,84,2.62000008e+01,1,0
186,1,85,0.00000000e+00,1,0
186,1,86,0.00000000e+00,1,0
186,1,88,2.62000008e+01,1,0
186,1,89,0.00000000e+00,1,0
186,1,93,2.60000000e+02,141,-1209
186,1,98,2.50000000e+02,141,-1300
186,1,99,2.62000008e+01,1,0
186,1,105,3.20243378e+01,141,-1208
186,1,106,0.00000000e+00,1,0
186,1,107,2.62000008e+01,1,0
186,1,108,0.00000000e+00,1,0
186,1,109,2.62000008e+01,1,0
186,1,118,1.00000000e+00,143,-1000
186,1,119,1.00000000e+00,143,-1000
186,1,120,1.00000000e+00,143,-1000
186,1,123,0.00000000e+00,1,0
187,0,1,1.50000000e+01,1,-1000
187,0,2,2.60000000e+02,141,-1000
187,0,4,1.00000001e-01,1,-1302
187,0,5,2.00000000e+02,1,-1102
187,0,7,1.00000000e+00,1,-1300
187,0,8,2.98000000e+02,1,-1300
187,0,16,2.60000000e+02,141,-1000
187,0,26,2.50000000e+00,1,-1302
187,0,28,4.90873861e+00,21,-1
187,0,31,1.00000000e+00,1,-1302
187,0,32,0.00000000e+00,1,0
187,0,33,2.62000008e+01,1,0
187,0,40,9.99999978e-03,3,999
187,0,50,7.15612956e-08,21,-1
187,0,69,1.00000000e+02,1,-1302
187,0,72,2.60000000e+02,1,2
187,0,83,2.62000008e+01,1,0
187,0,84,2.62000008e+01,1,0
187,0,85,0.00000000e+00,1,0
187,0,86,0.00000000e+00,1,0
187,0,88,2.62000008e+01,1,0
187,0,89,0.00000000e+00,1,0
187,0,93,2.60000000e+02,141,-1209
187,0,98,2.50000000e+02,141,-1300
187,0,99,2.62000008e+01,1,0
187,0,105,0.00000000e+00,141,-1208
187,0,106,0.00000000e+00,1,0
187,0,107,2.62000008e+01,1,0
187,0,108,0.00000000e+00,1,0
187,0,109,2.62000008e+01,1,0
187,0,118,1.00000000e+00,143,-1000
187,0,119,1.00000000e+00,143,-1000
187,0,120,1.00000000e+00,143,-1000
187,0,123,0.00000000e+00,1,0
187,1,1,1.50000000e+01,1,-1000
187,1,2,2.60000000e+02,141,-1000
187,1,4,1.00000001e-01,1,-1302
187,1,5,2.00000000e+02,1,-1102
187,1,7,1.00000000e+00,1,-1300
187,1,8,2.98000000e+02,1,-1300
187,1,16,2.60000000e+02,141,-1000
187,1,26,1.00000000e+01,1,-1302
187,1,28,7.85398178e+01,21,-1
187,1,31,1.00000000e+00,1,-1302
187,1,32,0.00000000e+00,1,0
187,1,33,2.62000008e+01,1,0
187,1,40,9.99999978e-03,3,999
187,1,50,5.72490364e-07,21,-1
187,1,69,1.00000000e+02,1,-1302
187,1,72,2.60000000e+02,1,2
187,1,83,2.62000008e+01,1,0
187,1,84,2.62000008e+01,1,0
187,1,85,0.00000000e+00,1,0
187,1,86,0.00000000e+00,1,0
187,1,88,2.62000008e+01,1,0
187,1,89,0.00000000e+00,1,0
187,1,93,2.60000000e+02,141,-1209
187,1,98,2.50000000e+02,141,-1300
187,1,99,2.62000008e+01,1,0
187,1,105,0.00000000e+00,141,-1208
187,1,106,0.00000000e+00,1,0
187,1,107,2.62000008e+01,1,0
187,1,108,0.00000000e+00,1,0
187,1,109,2.62000008e+01,1,0
187,1,118,1.00000000e+00,143,-1000
187,1,119,1.00000000e+00,143,-1000
187,1,120,1.00000000e+00,143,-1000
187,1,123,0.00000000e+00,1,0
188,0,1,1.50000000e+01,1,-1000
188,0,2,2.60000000e+02,141,-1000
188,0,12,0.00000000e+00,140,-1000
188,0,13,0.00000000e+00,140,-1000
188,0,14,0.00000000e+00,140,-1000
188,0,15,0.00000000e+00,140,-1000
188,0,16,2.60000000e+02,141,-1000
188,0,32,0.00000000e+00,1,-1000
188,0,33,2.62000008e+01,1,-1000
188,0,72,2.60000000e+02,1,2
188,0,83,2.62000008e+01,1,-1000
188,0,84,2.62000008e+01,1,-1000
188,0,85,0.00000000e+00,1,-1000
188,0,86,0.00000000e+00,1,-1000
188,0,87,0.00000000e+00,140,-1213
188,0,88,2.62000008e+01,1,-1000
188,0,89,0.00000000e+00,1,-1000
188,0,92,2.62000008e+01,1,107
188,0,93,2.60000000e+02,141,-1209
188,0,98,2.50000000e+02,141,-1300
188,0,99,2.62000008e+01,1,-1000
188,0,103,2.62000008e+01,140,-1000
188,0,104,0.00000000e+00,140,-1000
188,0,105,0.00000000e+00,141,-1208
188,0,106,0.00000000e+00,1,-1000
188,0,107,2.62000008e+01,1,-1000
188,0,108,0.00000000e+00,1,-1000
188,0,109,2.62000008e+01,1,-1000
188,0,110,0.00000000e+00,140,-1206
188,0,111,0.00000000e+00,140,-1211
188,0,112,0.00000000e+00,140,-1212
188,0,117,0.00000000e+00,3,999
188,0,123,0.00000000e+00,1,-1000
188,0,130,0.00000000e+00,140,-1000
188,1,1,1.50000000e+01,1,-1000
188,1,2,2.60000000e+02,141,-1000
188,1,12,0.00000000e+00,140,-1000
188,1,13,0.00000000e+00,140,-1000
188,1,14,0.00000000e+00,140,-1000
188,1,15,0.00000000e+00,140,-1000
188,1,16,2.60000000e+02,141,-1000
188,1,32,0.00000000e+00,1,-1000
188,1,33,2.62000008e+01,1,-1000
188,1,72,2.60000000e+02,1,2
188,1,83,2.62000008e+01,1,-1000
188,1,84,2.62000008e+01,1,-1000
188,1,85,0.00000000e+00,1,-1000
188,1,86,0.00000000e+00,1,-1000
188,1,87,0.00000000e+00,140,-1213
188,1,88,2.62000008e+01,1,-1000
208,1,14,0.00000000e+00,140,-1000
208,1,15,0.00000000e+00,140,-1000
208,1,16,2.50000000e+02,141,-1000
208,1,32,1.80000000e+05,1,-1000
208,1,33,1.80000000e+03,1,-1000
208,1,72,2.50000000e+02,1,2
208,1,83,1.80000000e+04,1,-1000
208,1,84,1.80000000e+04,1,-1000
208,1,85,1.80000000e+05,1,-1000
208,1,86,1.80000000e+05,1,-1000
208,1,87,0.00000000e+00,140,-1213
208,1,88,1.80000000e+04,1,-1000
208,1,89,1.80000000e+05,1,-1000
208,1,92,1.80000000e+03,1,107
208,1,93,2.50000000e+02,141,-1209
208,1,98,2.50000000e+02,141,-1300
208,1,99,1.80000000e+04,1,-1000
208,1,103,1.80000000e+03,140,-1000
208,1,104,1.80000000e+03,140,-1000
208,1,105,0.00000000e+00,141,-1208
208,1,106,1.80000000e+03,1,-1000
208,1,107,1.80000000e+03,1,-1000
208,1,108,1.80000000e+03,1,-1000
208,1,109,1.80000000e+03,1,-1000
208,1,110,0.00000000e+00,140,-1206
208,1,111,0.00000000e+00,140,-1211
208,1,112,0.00000000e+00,140,-1212
208,1,117,3.99999991e-02,3,999
208,1,123,1.80000000e+03,1,-1000
208,1,130,0.00000000e+00,140,-1000
209,0,1,1.00000000e+00,1,-1000
209,0,2,2.50000000e+02,141,-1000
209,0,12,0.00000000e+00,140,-1000
209,0,13,0.00000000e+00,140,-1000
209,0,14,0.00000000e+00,140,-1000
209,0,15,0.00000000e+00,140,-1000
209,0,16,2.50000000e+02,141,-1000
209,0,32,1.80000000e+05,140,-1000
209,0,33,1.80000000e+03,140,-1000
209,0,72,2.50000000e+02,1,93
209,0,73,4.99999989e-03,1,-1302
209,0,83,1.80000000e+04,140,-1000
209,0,84,1.80000000e+04,140,-1000
209,0,85,1.80000000e+05,140,-1000
209,0,86,1.80000000e+05,140,-1000
209,0,87,1.79999922e+04,140,-1213
209,0,88,1.80000000e+04,140,-1000
209,0,89,1.80000000e+05,140,-1000
209,0,92,1.79999915e+03,1,112
209,0,93,2.50000000e+02,141,-1209
209,0,98,2.50000000e+02,141,-1300
209,0,99,1.80000000e+04,140,-1000
209,0,103,1.80000000e+03,140,-1000
209,0,104,1.80000000e+03,140,-1000
209,0,105,2.16159102e+04,141,-1208
209,0,106,1.80000000e+03,140,-1000
209,0,107,1.80000000e+03,140,-1000
209,0,108,1.80000000e+03,140,-1000
209,0,109,1.80000000e+03,140,-1000
209,0,110,2.08179993e+02,140,-1206
209,0,111,2.08179989e+01,140,-1211
209,0,112,1.79999915e+03,140,-1212
209,0,123,1.80000000e+03,140,-1000
209,0,130,0.00000000e+00,140,-1000
209,0,143,-1.30200000e+03,1,-1302
209,0,144,0.00000000e+00,1,-1302
209,1,1,1.00000000e+00,1,-1000
209,1,2,2.50000000e+02,141,-1000
209,1,12,0.00000000e+00,140,-1000
209,1,13,0.00000000e+00,140,-1000
209,1,14,0.00000000e+00,140,-1000
209,1,15,0.00000000e+00,140,-1000
209,1,16,2.50000000e+02,141,-1000
209,1,32,1.80000000e+05,140,-1000
209,1,33,1.80000000e+03,140,-1000
209,1,72,2.50000000e+02,1,93
209,1,73,4.99999989e-03,1,-1302
209,1,83,1.80000000e+04,140,-1000
209,1,84,1.80000000e+04,140,-1000
209,1,85,1.80000000e+05,140,-1000
209,1,86,1.80000000e+05,140,-1000
209,1,87,1.79999922e+04,140,-1213
209,1,88,1.80000000e+04,140,-1000
209,1,89,1.80000000e+05,140,-1000
209,1,92,1.79999915e+03,1,112
209,1,93,2.50000000e+02,141,-1209
209,1,98,2.50000000e+02,141,-1300
209,1,99,1.80000000e+04,140,-1000
209,1,103,1.80000000e+03,140,-1000
209,1,104,1.80000000e+03,140,-1000
209,1,105,2.16159102e+04,141,-1208
209,1,106,1.80000000e+03,140,-1000
209,1,107,1.80000000e+03,140,-1000
209,1,108,1.80000000e+03,140,-1000
209,1,109,1.80000000e+03,140,-1000
209,1,110,2.08179993e+02,140,-1206
209,1,111,2.08179989e+01,140,-1211
209,1,112,1.79999915e+03,140,-1212
209,1,123,1.80000000e+03,140,-1000
209,1,130,0.00000000e+00,140,-1000
209,1,143,-1.30200000e+03,1,-1302
209,1,144,0.00000000e+00,1,-1302
210,0,1,1.00000000e+00,1,-1000
210,0,2,2.50000000e+02,141,-1000
210,0,12,0.00000000e+00,140,-1000
210,0,13,0.00000000e+00,140,-1000
210,0,14,0.00000000e+00,140,-1000
210,0,15,0.00000000e+00,140,-1000
210,0,16,2.50000000e+02,141,-1000
210,0,32,1.80000000e+05,140,-1000
210,0,33,1.80000000e+03,140,-1000
210,0,72,2.50000000e+02,1,93
210,0,73,9.99999978e-03,1,-1302
210,0,83,1.80000000e+04,140,-1000
210,0,84,1.80000000e+04,140,-1000
210,0,85,1.80000000e+05,140,-1000
210,0,86,1.80000000e+05,140,-1000
210,0,87,1.79999922e+04,140,-1213
210,0,88,1.80000000e+04,140,-1000
210,0,89,1.80000000e+05,140,-1000
210,0,92,1.79999915e+03,1,112
210,0,93,2.50000000e+02,141,-1209
210,0,98,2.50000000e+02,141,-1300
210,0,99,1.80000000e+04,140,-1000
210,0,103,1.80000000e+03,140,-1000
210,0,104,1.80000000e+03,140,-1000
210,0,105,2.16159102e+04,141,-1208
210,0,106,1.80000000e+03,140,-1000
210,0,107,1.80000000e+03,140,-1000
210,0,108,1.80000000e+03,140,-1000
210,0,109,1.80000000e+03,140,-1000
210,0,110,2.08179993e+02,140,-1206
210,0,111,2.08179989e+01,140,-1211
210,0,112,1.79999915e+03,140,-1212
210,0,123,1.80000000e+03,140,-1000
210,0,130,0.00000000e+00,140,-1000
210,1,1,1.00000000e+00,1,-1000
210,1,2,2.50000000e+02,141,-1000
210,1,12,0.00000000e+00,140,-1000
210,1,13,0.00000000e+00,140,-1000
210,1,14,0.00000000e+00,140,-1000
210,1,15,0.00000000e+00,140,-1000
210,1,16,2.50000000e+02,141,-1000
210,1,32,1.80000000e+05,140,-1000
210,1,33,1.80000000e+03,140,-1000
210,1,72,2.50000000e+02,1,93
210,1,73,9.99999978e-03,1,-1302
210,1,83,1.80000000e+04,140,-1000
210,1,84,1.80000000e+04,140,-1000
210,1,85,1.80000000e+05,140,-1000
210,1,86,1.80000000e+05,140,-1000
210,1,87,1.79999922e+04,140,-1213
210,1,88,1.80000000e+04,140,-1000
210,1,89,1.80000000e+05,140,-1000
210,1,92,1.79999915e+03,1,112
210,1,93,2.50000000e+02,141,-1209
210,1,98,2.50000000e+02,141,-1300
210,1,99,1.80000000e+04,140,-1000
210,1,103,1.80000000e+03,140,-1000
210,1,104,1.80000000e+03,140,-1000
210,1,105,2.16159102e+04,141,-1208
210,1,106,1.80000000e+03,140,-1000
210,1,107,1.80000000e+03,140,-1000
210,1,108,1.80000000e+03,140,-1000
210,1,109,1.80000000e+03,140,-1000
210,1,110,2.08179993e+02,140,-1206
210,1,111,2.08179989e+01,140,-1211
210,1,112,1.79999915e+03,140,-1212
210,1,123,1.80000000e+03,140,-1000
210,1,130,0.00000000e+00,140,-1000
211,0,1,1.00000000e+00,1,-1000
211,0,2,3.65000000e+02,141,-1000
211,0,12,0.00000000e+00,140,-1000
211,0,13,0.00000000e+00,140,-1000
211,0,14,0.00000000e+00,140,-1000
211,0,15,0.00000000e+00,140,-1000
211,0,16,3.65000000e+02,141,-1000
211,0,32,4.70587988e+03,1,-1000
211,0,33,4.00000000e+03,1,-1000
211,0,72,3.65000000e+02,1,93
211,0,73,2.50000004e-02,1,-1302
211,0,83,4.00000000e+03,1,-1000
211,0,84,4.00000000e+03,1,-1000
211,0,85,4.70587988e+03,1,-1000
211,0,86,4.70587988e+03,1,-1000
211,0,87,4.00000024e+03,140,-1213
211,0,88,4.00000000e+03,1,-1000
211,0,89,4.70587988e+03,1,-1000
211,0,92,4.00000024e+03,1,112
211,0,93,3.65000000e+02,141,-1209
211,0,98,2.50000000e+02,141,-1300
211,0,99,4.00000000e+03,1,-1000
211,0,103,4.00000000e+03,140,-1000
211,0,104,4.00000000e+03,140,-1000
271,0,16,2.60000000e+02,141,-1000
271,0,32,0.00000000e+00,1,-1000
271,0,33,3.16590004e+01,1,-1000
271,0,72,2.60000000e+02,1,2
271,0,73,2.00000009e-03,1,-1302
271,0,83,5.19000015e+01,1,-1000
271,0,84,5.19000015e+01,1,-1000
271,0,85,0.00000000e+00,1,-1000
271,0,86,0.00000000e+00,1,-1000
271,0,87,0.00000000e+00,140,-1213
271,0,88,5.19000015e+01,1,-1000
271,0,89,0.00000000e+00,1,-1000
271,0,92,3.16590004e+01,1,107
271,0,93,2.60000000e+02,141,-1209
271,0,98,2.50000000e+02,141,-1300
271,0,99,5.19000015e+01,1,-1000
271,0,103,3.16590004e+01,140,-1000
271,0,104,0.00000000e+00,140,-1000
271,0,105,0.00000000e+00,141,-1208
271,0,106,0.00000000e+00,1,-1000
271,0,107,3.16590004e+01,1,-1000
271,0,108,0.00000000e+00,1,-1000
271,0,109,3.16590004e+01,1,-1000
271,0,110,0.00000000e+00,140,-1206
271,0,111,0.00000000e+00,140,-1211
271,0,112,0.00000000e+00,140,-1212
271,0,123,0.00000000e+00,1,-1000
271,0,130,0.00000000e+00,140,-1000
271,1,1,1.20000000e+01,1,-1000
271,1,2,2.60000000e+02,141,-1000
271,1,12,0.00000000e+00,140,-1000
271,1,13,0.00000000e+00,140,-1000
271,1,14,0.00000000e+00,140,-1000
271,1,15,0.00000000e+00,140,-1000
271,1,16,2.60000000e+02,141,-1000
271,1,32,0.00000000e+00,1,-1000
271,1,33,3.16590004e+01,1,-1000
271,1,72,2.60000000e+02,1,2
271,1,73,9.99999978e-03,1,-1302
271,1,83,5.19000015e+01,1,-1000
271,1,84,5.19000015e+01,1,-1000
271,1,85,0.00000000e+00,1,-1000
271,1,86,0.00000000e+00,1,-1000
271,1,87,0.00000000e+00,140,-1213
271,1,88,5.19000015e+01,1,-1000
271,1,89,0.00000000e+00,1,-1000
271,1,92,3.16590004e+01,1,107
271,1,93,2.60000000e+02,141,-1209
271,1,98,2.50000000e+02,141,-1300
271,1,99,5.19000015e+01,1,-1000
271,1,103,3.16590004e+01,140,-1000
271,1,104,0.00000000e+00,140,-1000
271,1,105,0.00000000e+00,141,-1208
271,1,106,0.00000000e+00,1,-1000
271,1,107,3.16590004e+01,1,-1000
271,1,108,0.00000000e+00,1,-1000
271,1,109,3.16590004e+01,1,-1000
271,1,110,0.00000000e+00,140,-1206
271,1,111,0.00000000e+00,140,-1211
271,1,112,0.00000000e+00,140,-1212
271,1,123,0.00000000e+00,1,-1000
271,1,130,0.00000000e+00,140,-1000
272,0,1,1.20000000e+01,1,-1000
272,0,2,2.60000000e+02,141,-1000
272,0,12,0.00000000e+00,140,-1000
272,0,13,0.00000000e+00,140,-1000
272,0,14,0.00000000e+00,140,-1000
272,0,15,0.00000000e+00,140,-1000
272,0,16,2.60000000e+02,141,-1000
272,0,32,0.00000000e+00,1,-1000
272,0,33,3.16590004e+01,1,-1000
272,0,43,2.50000000e-01,1,-1300
272,0,45,9.59999979e-01,1,-1300
272,0,52,8.99999976e-01,1,-1300
272,0,72,2.60000000e+02,1,2
272,0,74,7.50000000e-01,20,-1302
272,0,83,5.19000015e+01,1,-1000
272,0,84,5.19000015e+01,1,-1000
272,0,85,0.00000000e+00,1,-1000
272,0,86,0.00000000e+00,1,-1000
272,0,87,0.00000000e+00,140,-1213
272,0,88,5.19000015e+01,1,-1000
272,0,89,0.00000000e+00,1,-1000
272,0,92,3.16590004e+01,1,107
272,0,93,2.60000000e+02,141,-1209
272,0,98,2.50000000e+02,141,-1300
272,0,99,5.19000015e+01,1,-1000
272,0,103,3.16590004e+01,140,-1000
272,0,104,0.00000000e+00,140,-1000
272,0,105,0.00000000e+00,141,-1208
272,0,106,0.00000000e+00,1,-1000
272,0,107,3.16590004e+01,1,-1000
272,0,108,0.00000000e+00,1,-1000
272,0,109,3.16590004e+01,1,-1000
272,0,110,0.00000000e+00,140,-1206
272,0,111,0.00000000e+00,140,-1211
272,0,112,0.00000000e+00,140,-1212
272,0,123,0.00000000e+00,1,-1000
272,0,130,0.00000000e+00,140,-1000
272,1,1,1.20000000e+01,1,-1000
272,1,2,2.60000000e+02,141,-1000
272,1,12,0.00000000e+00,140,-1000
272,1,13,0.00000000e+00,140,-1000
272,1,14,0.00000000e+00,140,-1000
272,1,15,0.00000000e+00,140,-1000
272,1,16,2.60000000e+02,141,-1000
272,1,32,0.00000000e+00,1,-1000
272,1,33,3.16590004e+01,1,-1000
272,1,43,2.50000000e-01,1,-1300
272,1,45,8.99999976e-01,1,-1300
272,1,52,1.00000000e+00,1,-1300
272,1,72,2.60000000e+02,1,2
272,1,74,7.50000000e-01,20,-1302
272,1,83,5.19000015e+01,1,-1000
272,1,84,5.19000015e+01,1,-1000
272,1,85,0.00000000e+00,1,-1000
272,1,86,0.00000000e+00,1,-1000
272,1,87,0.00000000e+00,140,-1213
272,1,88,5.19000015e+01,1,-1000
272,1,89,0.00000000e+00,1,-1000
272,1,92,3.16590004e+01,1,107
272,1,93,2.60000000e+02,141,-1209
272,1,98,2.50000000e+02,141,-1300
272,1,99,5.19000015e+01,1,-1000
272,1,103,3.16590004e+01,140,-1000
272,1,104,0.00000000e+00,140,-1000
272,1,105,0.00000000e+00,141,-1208
272,1,106,0.00000000e+00,1,-1000
272,1,107,3.16590004e+01,1,-1000
272,1,108,0.00000000e+00,1,-1000
272,1,109,3.16590004e+01,1,-1000
272,1,110,0.00000000e+00,140,-1206
272,1,111,0.00000000e+00,140,-1211
272,1,112,0.00000000e+00,140,-1212
272,1,123,0.00000000e+00,1,-1000
272,1,130,0.00000000e+00,140,-1000
273,0,1,1.20000000e+01,1,-1000
273,0,2,2.60000000e+02,141,-1000
273,0,4,1.00000001e-01,1,-1302
273,0,5,2.00000000e+02,1,-1102
273,0,6,8.20500031e+01,20,-1300
273,0,8,2.98000000e+02,1,-1300
273,0,16,2.60000000e+02,141,-1000
273,0,19,5.50000000e+01,1,-1203
273,0,22,5.00000000e-01,1,-1300
273,0,23,2.00000000e+01,1,-1201
273,0,31,1.26199303e-02,1,-1302
273,0,32,0.00000000e+00,1,0
273,0,33,3.16590004e+01,1,0
273,0,40,1.00000000e+00,1,118
273,0,50,6.22434309e-04,21,-1
273,0,72,2.60000000e+02,1,93
273,0,83,5.19000015e+01,1,0
273,0,84,5.19000015e+01,1,0
273,0,85,0.00000000e+00,1,0
273,0,86,0.00000000e+00,1,0
273,0,88,5.19000015e+01,1,0
273,0,89,0.00000000e+00,1,0
273,0,93,2.60000000e+02,141,-1209
273,0,98,2.50000000e+02,141,-1300
273,0,99,5.19000015e+01,1,0
273,0,105,6.56236420e+01,141,-1208
273,0,106,0.00000000e+00,1,0
273,0,107,3.16590004e+01,1,0
273,0,108,0.00000000e+00,1,0
273,0,109,3.16590004e+01,1,0
273,0,118,1.00000000e+00,143,-1000
273,0,119,1.00000000e+00,143,-1000
273,0,120,1.00000000e+00,143,-1000
273,0,123,0.00000000e+00,1,0
273,1,1,1.20000000e+01,1,-1000
273,1,2,2.60000000e+02,141,-1000
273,1,4,1.00000001e-01,1,-1302
273,1,5,2.00000000e+02,1,-1102
273,1,6,8.20500031e+01,20,-1300
273,1,8,2.98000000e+02,1,-1300
273,1,16,2.60000000e+02,141,-1000
273,1,19,5.50000000e+01,1,-1203
273,1,22,1.00000000e+00,1,-1300
273,1,23,2.00000000e+01,1,-1201
273,1,31,1.26199303e-02,1,-1302
273,1,32,0.00000000e+00,1,0
273,1,33,3.16590004e+01,1,0
273,1,40,1.00000000e+00,1,118
273,1,50,1.24486862e-03,21,-1
273,1,72,2.60000000e+02,1,93
273,1,83,5.19000015e+01,1,0
273,1,84,5.19000015e+01,1,0
273,1,85,0.00000000e+00,1,0
273,1,86,0.00000000e+00,1,0
273,1,88,5.19000015e+01,1,0
273,1,89,0.00000000e+00,1,0
273,1,93,2.60000000e+02,141,-1209
273,1,98,2.50000000e+02,141,-1300
183,0,16,2.60000000e+02,141,-1000
183,0,32,0.00000000e+00,1,-1000
183,0,33,2.62000008e+01,1,-1000
183,0,72,2.60000000e+02,1,2
183,0,83,2.62000008e+01,1,-1000
183,0,84,2.62000008e+01,1,-1000
183,0,85,0.00000000e+00,1,-1000
183,0,86,0.00000000e+00,1,-1000
183,0,87,0.00000000e+00,140,-1213
183,0,88,2.62000008e+01,1,-1000
183,0,89,0.00000000e+00,1,-1000
183,0,92,2.62000008e+01,1,107
183,0,93,2.60000000e+02,141,-1209
183,0,98,2.50000000e+02,141,-1300
183,0,99,2.62000008e+01,1,-1000
183,0,103,2.62000008e+01,140,-1000
183,0,104,0.00000000e+00,140,-1000
183,0,105,0.00000000e+00,141,-1208
183,0,106,0.00000000e+00,1,-1000
183,0,107,2.62000008e+01,1,-1000
183,0,108,0.00000000e+00,1,-1000
183,0,109,2.62000008e+01,1,-1000
183,0,110,0.00000000e+00,140,-1206
183,0,111,0.00000000e+00,140,-1211
183,0,112,0.00000000e+00,140,-1212
183,0,117,0.00000000e+00,3,999
183,0,123,0.00000000e+00,1,-1000
183,0,130,0.00000000e+00,140,-1000
183,1,1,1.50000000e+01,1,-1000
183,1,2,2.60000000e+02,141,-1000
183,1,12,0.00000000e+00,140,-1000
183,1,13,0.00000000e+00,140,-1000
183,1,14,0.00000000e+00,140,-1000
183,1,15,0.00000000e+00,140,-1000
183,1,16,2.60000000e+02,141,-1000
183,1,32,0.00000000e+00,1,-1000
183,1,33,2.62000008e+01,1,-1000
183,1,72,2.60000000e+02,1,2
183,1,83,2.62000008e+01,1,-1000
183,1,84,2.62000008e+01,1,-1000
183,1,85,0.00000000e+00,1,-1000
183,1,86,0.00000000e+00,1,-1000
183,1,87,0.00000000e+00,140,-1213
183,1,88,2.62000008e+01,1,-1000
183,1,89,0.00000000e+00,1,-1000
183,1,92,2.62000008e+01,1,107
183,1,93,2.60000000e+02,141,-1209
183,1,98,2.50000000e+02,141,-1300
183,1,99,2.62000008e+01,1,-1000
183,1,103,2.62000008e+01,140,-1000
183,1,104,0.00000000e+00,140,-1000
183,1,105,0.00000000e+00,141,-1208
183,1,106,0.00000000e+00,1,-1000
183,1,107,2.62000008e+01,1,-1000
183,1,108,0.00000000e+00,1,-1000
183,1,109,2.62000008e+01,1,-1000
183,1,110,0.00000000e+00,140,-1206
183,1,111,0.00000000e+00,140,-1211
183,1,112,0.00000000e+00,140,-1212
183,1,117,9.70000029e-01,3,999
183,1,123,0.00000000e+00,1,-1000
183,1,130,0.00000000e+00,140,-1000
184,0,1,4.00000000e+00,1,-1000
184,0,2,2.60000000e+02,141,-1000
184,0,12,0.00000000e+00,140,-1000
184,0,13,0.00000000e+00,140,-1000
184,0,14,0.00000000e+00,140,-1000
184,0,15,0.00000000e+00,140,-1000
184,0,16,2.60000000e+02,141,-1000
184,0,32,0.00000000e+00,1,-1000
184,0,33,1.03800003e+02,1,-1000
184,0,72,2.60000000e+02,1,2
184,0,83,1.03800003e+02,1,-1000
184,0,84,1.03800003e+02,1,-1000
184,0,85,0.00000000e+00,1,-1000
184,0,86,0.00000000e+00,1,-1000
184,0,87,0.00000000e+00,140,-1213
184,0,88,1.03800003e+02,1,-1000
184,0,89,0.00000000e+00,1,-1000
184,0,92,1.03800003e+02,1,107
184,0,93,2.60000000e+02,141,-1209
184,0,98,2.50000000e+02,141,-1300
184,0,99,1.03800003e+02,1,-1000
184,0,103,1.03800003e+02,140,-1000
184,0,104,0.00000000e+00,140,-1000
184,0,105,0.00000000e+00,141,-1208
184,0,106,0.00000000e+00,1,-1000
184,0,107,1.03800003e+02,1,-1000
184,0,108,0.00000000e+00,1,-1000
184,0,109,1.03800003e+02,1,-1000
184,0,110,0.00000000e+00,140,-1206
184,0,111,0.00000000e+00,140,-1211
184,0,112,0.00000000e+00,140,-1212
184,0,117,0.00000000e+00,3,999
184,0,123,0.00000000e+00,1,-1000
184,0,130,0.00000000e+00,140,-1000
184,1,1,4.00000000e+00,1,-1000
184,1,2,2.60000000e+02,141,-1000
184,1,12,0.00000000e+00,140,-1000
184,1,13,0.00000000e+00,140,-1000
184,1,14,0.00000000e+00,140,-1000
184,1,15,0.00000000e+00,140,-1000
184,1,16,2.60000000e+02,141,-1000
184,1,32,0.00000000e+00,1,-1000
184,1,33,1.03800003e+02,1,-1000
184,1,72,2.60000000e+02,1,2
184,1,83,1.03800003e+02,1,-1000
184,1,84,1.03800003e+02,1,-1000
184,1,85,0.00000000e+00,1,-1000
184,1,86,0.00000000e+00,1,-1000
184,1,87,0.00000000e+00,140,-1213
184,1,88,1.03800003e+02,1,-1000
184,1,89,0.00000000e+00,1,-1000
184,1,92,1.03800003e+02,1,107
184,1,93,2.60000000e+02,141,-1209
184,1,98,2.50000000e+02,141,-1300
184,1,99,1.03800003e+02,1,-1000
184,1,103,1.03800003e+02,140,-1000
184,1,104,0.00000000e+00,140,-1000
184,1,105,0.00000000e+00,141,-1208
184,1,106,0.00000000e+00,1,-1000
184,1,107,1.03800003e+02,1,-1000
184,1,108,0.00000000e+00,1,-1000
184,1,109,1.03800003e+02,1,-1000
184,1,110,0.00000000e+00,140,-1206
184,1,111,0.00000000e+00,140,-1211
184,1,112,0.00000000e+00,140,-1212
184,1,117,9.95000005e-01,3,999
184,1,123,0.00000000e+00,1,-1000
184,1,130,0.00000000e+00,140,-1000
185,0,1,4.00000000e+00,1,-1000
185,0,2,2.60000000e+02,141,-1000
185,0,12,0.00000000e+00,140,-1000
185,0,13,0.00000000e+00,140,-1000
185,0,14,0.00000000e+00,140,-1000
185,0,15,0.00000000e+00,140,-1000
185,0,16,2.60000000e+02,141,-1000
185,0,32,0.00000000e+00,140,-1000
185,0,33,1.03800003e+02,140,-1000
185,0,72,2.60000000e+02,1,93
185,0,73,4.99999989e-03,1,-1302
185,0,83,1.03800003e+02,140,-1000
185,0,84,1.03800003e+02,140,-1000
185,0,85,0.00000000e+00,140,-1000
185,0,86,0.00000000e+00,140,-1000
185,0,87,9.61538467e+01,140,-1213
185,0,88,1.03800003e+02,140,-1000
185,0,89,0.00000000e+00,140,-1000
185,0,92,9.61538467e+01,1,112
185,0,93,2.60000000e+02,141,-1209
185,0,98,2.50000000e+02,141,-1300
185,0,99,1.03800003e+02,140,-1000
185,0,103,1.03800003e+02,140,-1000
185,0,104,0.00000000e+00,140,-1000
185,0,105,1.20088387e+02,141,-1208
185,0,106,0.00000000e+00,140,-1000
185,0,107,1.03800003e+02,140,-1000
185,0,108,0.00000000e+00,140,-1000
185,0,109,1.03800003e+02,140,-1000
185,0,110,2.08179993e+02,140,-1206
185,0,111,2.08179993e+02,140,-1211
185,0,112,9.61538467e+01,140,-1212
185,0,123,0.00000000e+00,140,-1000
185,0,130,0.00000000e+00,140,-1000
185,0,143,-1.30200000e+03,1,-1302
185,0,144,0.00000000e+00,1,-1302
185,1,1,4.00000000e+00,1,-1000
185,1,2,2.60000000e+02,141,-1000
185,1,12,0.00000000e+00,140,-1000
185,1,13,0.00000000e+00,140,-1000
185,1,14,0.00000000e+00,140,-1000
185,1,15,0.00000000e+00,140,-1000
185,1,16,2.60000000e+02,141,-1000
185,1,32,0.00000000e+00,140,-1000
185,1,33,1.03800003e+02,140,-1000
185,1,72,2.60000000e+02,1,93
185,1,73,4.99999989e-03,1,-1302
185,1,83,1.03800003e+02,140,-1000
185,1,84,1.03800003e+02,140,-1000
185,1,85,0.00000000e+00,140,-1000
185,1,86,0.00000000e+00,140,-1000
185,1,87,9.61538467e+01,140,-1213
185,1,88,1.03800003e+02,140,-1000
185,1,89,0.00000000e+00,140,-1000
185,1,92,9.61538467e+01,1,112
185,1,93,2.60000000e+02,141,-1209
185,1,98,2.50000000e+02,141,-1300
185,1,99,1.03800003e+02,140,-1000
185,1,103,1.03800003e+02,140,-1000
185,1,104,0.00000000e+00,140,-1000
185,1,105,1.20088387e+02,141,-1208
185,1,106,0.00000000e+00,140,-1000
185,1,107,1.03800003e+02,140,-1000
185,1,108,0.00000000e+00,140,-1000
211,0,105,7.01333057e+03,141,-1208
211,0,106,4.00000000e+03,1,-1000
211,0,107,4.00000000e+03,1,-1000
211,0,108,4.00000000e+03,1,-1000
211,0,109,4.00000000e+03,1,-1000
211,0,110,2.08175003e+02,140,-1206
211,0,111,2.08175003e+02,140,-1211
211,0,112,4.00000024e+03,140,-1212
211,0,123,4.00000000e+03,1,-1000
211,0,130,0.00000000e+00,140,-1000
211,1,1,1.00000000e+00,1,-1000
211,1,2,3.65000000e+02,141,-1000
211,1,12,0.00000000e+00,140,-1000
211,1,13,0.00000000e+00,140,-1000
211,1,14,0.00000000e+00,140,-1000
211,1,15,0.00000000e+00,140,-1000
211,1,16,3.65000000e+02,141,-1000
211,1,32,4.70587988e+03,1,-1000
211,1,33,4.00000000e+03,1,-1000
211,1,72,3.65000000e+02,1,93
211,1,73,2.99999993e-02,1,-1302
211,1,83,4.00000000e+03,1,-1000
211,1,84,4.00000000e+03,1,-1000
211,1,85,4.70587988e+03,1,-1000
211,1,86,4.70587988e+03,1,-1000
211,1,87,4.00000024e+03,140,-1213
211,1,88,4.00000000e+03,1,-1000
211,1,89,4.70587988e+03,1,-1000
211,1,92,4.00000024e+03,1,112
211,1,93,3.65000000e+02,141,-1209
211,1,98,2.50000000e+02,141,-1300
211,1,99,4.00000000e+03,1,-1000
211,1,103,4.00000000e+03,140,-1000
211,1,104,4.00000000e+03,140,-1000
211,1,105,7.01333057e+03,141,-1208
211,1,106,4.00000000e+03,1,-1000
211,1,107,4.00000000e+03,1,-1000
211,1,108,4.00000000e+03,1,-1000
211,1,109,4.00000000e+03,1,-1000
211,1,110,2.08175003e+02,140,-1206
211,1,111,2.08175003e+02,140,-1211
211,1,112,4.00000024e+03,140,-1212
211,1,123,4.00000000e+03,1,-1000
211,1,130,0.00000000e+00,140,-1000
212,0,1,1.00000000e+00,1,-1000
212,0,2,3.65000000e+02,141,-1000
212,0,12,0.00000000e+00,140,-1000
212,0,13,0.00000000e+00,140,-1000
212,0,14,0.00000000e+00,140,-1000
212,0,15,0.00000000e+00,140,-1000
212,0,16,3.65000000e+02,141,-1000
212,0,32,4.70587988e+03,1,-1000
212,0,33,4.00000000e+03,1,-1000
212,0,72,3.65000000e+02,1,2
212,0,73,1.99999996e-02,1,-1302
212,0,83,4.00000000e+03,1,-1000
212,0,84,4.00000000e+03,1,-1000
212,0,85,4.70587988e+03,1,-1000
212,0,86,4.70587988e+03,1,-1000
212,0,87,0.00000000e+00,140,-1213
212,0,88,4.00000000e+03,1,-1000
212,0,89,4.70587988e+03,1,-1000
212,0,92,4.00000000e+03,1,107
212,0,93,3.65000000e+02,141,-1209
212,0,98,2.50000000e+02,141,-1300
212,0,99,4.00000000e+03,1,-1000
212,0,103,4.00000000e+03,140,-1000
212,0,104,4.00000000e+03,140,-1000
212,0,105,0.00000000e+00,141,-1208
212,0,106,4.00000000e+03,1,-1000
212,0,107,4.00000000e+03,1,-1000
212,0,108,4.00000000e+03,1,-1000
212,0,109,4.00000000e+03,1,-1000
212,0,110,0.00000000e+00,140,-1206
212,0,111,0.00000000e+00,140,-1211
212,0,112,0.00000000e+00,140,-1212
212,0,123,4.00000000e+03,1,-1000
212,0,130,0.00000000e+00,140,-1000
212,1,1,1.00000000e+00,1,-1000
212,1,2,3.65000000e+02,141,-1000
212,1,12,0.00000000e+00,140,-1000
212,1,13,0.00000000e+00,140,-1000
212,1,14,0.00000000e+00,140,-1000
212,1,15,0.00000000e+00,140,-1000
212,1,16,3.65000000e+02,141,-1000
212,1,32,4.70587988e+03,1,-1000
212,1,33,4.00000000e+03,1,-1000
212,1,72,3.65000000e+02,1,2
212,1,73,1.99999996e-02,1,-1302
212,1,83,4.00000000e+03,1,-1000
212,1,84,4.00000000e+03,1,-1000
212,1,85,4.70587988e+03,1,-1000
212,1,86,4.70587988e+03,1,-1000
212,1,87,0.00000000e+00,140,-1213
212,1,88,4.00000000e+03,1,-1000
212,1,89,4.70587988e+03,1,-1000
212,1,92,4.00000000e+03,1,107
212,1,93,3.65000000e+02,141,-1209
212,1,98,2.50000000e+02,141,-1300
212,1,99,4.00000000e+03,1,-1000
212,1,103,4.00000000e+03,140,-1000
212,1,104,4.00000000e+03,140,-1000
212,1,105,0.00000000e+00,141,-1208
212,1,106,4.00000000e+03,1,-1000
212,1,107,4.00000000e+03,1,-1000
212,1,108,4.00000000e+03,1,-1000
212,1,109,4.00000000e+03,1,-1000
212,1,110,0.00000000e+00,140,-1206
212,1,111,0.00000000e+00,140,-1211
212,1,112,0.00000000e+00,140,-1212
212,1,123,4.00000000e+03,1,-1000
212,1,130,0.00000000e+00,140,-1000
213,0,1,1.00000000e+00,1,-1000
213,0,2,3.65000000e+02,141,-1000
213,0,12,0.00000000e+00,140,-1000
213,0,13,0.00000000e+00,140,-1000
213,0,14,0.00000000e+00,140,-1000
213,0,15,0.00000000e+00,140,-1000
213,0,16,3.65000000e+02,141,-1000
213,0,32,4.70587988e+03,1,-1000
213,0,33,4.00000000e+03,1,-1000
213,0,72,3.65000000e+02,1,2
213,0,73,1.99999996e-02,1,-1302
213,0,83,4.00000000e+03,1,-1000
213,0,84,4.00000000e+03,1,-1000
213,0,85,4.70587988e+03,1,-1000
213,0,86,4.70587988e+03,1,-1000
213,0,87,0.00000000e+00,140,-1213
213,0,88,4.00000000e+03,1,-1000
213,0,89,4.70587988e+03,1,-1000
213,0,92,4.00000000e+03,1,107
213,0,93,3.65000000e+02,141,-1209
213,0,98,2.50000000e+02,141,-1300
213,0,99,4.00000000e+03,1,-1000
213,0,103,4.00000000e+03,140,-1000
213,0,104,4.00000000e+03,140,-1000
213,0,105,0.00000000e+00,141,-1208
213,0,106,4.00000000e+03,1,-1000
213,0,107,4.00000000e+03,1,-1000
213,0,108,4.00000000e+03,1,-1000
213,0,109,4.00000000e+03,1,-1000
213,0,110,0.00000000e+00,140,-1206
213,0,111,0.00000000e+00,140,-1211
213,0,112,0.00000000e+00,140,-1212
213,0,123,4.00000000e+03,1,-1000
213,0,130,0.00000000e+00,140,-1000
213,1,1,1.00000000e+00,1,-1000
213,1,2,3.65000000e+02,141,-1000
213,1,12,0.00000000e+00,140,-1000
213,1,13,0.00000000e+00,140,-1000
213,1,14,0.00000000e+00,140,-1000
213,1,15,0.00000000e+00,140,-1000
213,1,16,3.65000000e+02,141,-1000
213,1,32,4.70587988e+03,1,-1000
213,1,33,4.00000000e+03,1,-1000
213,1,72,3.65000000e+02,1,2
213,1,73,1.99999996e-02,1,-1302
213,1,83,4.00000000e+03,1,-1000
213,1,84,4.00000000e+03,1,-1000
213,1,85,4.70587988e+03,1,-1000
213,1,86,4.70587988e+03,1,-1000
213,1,87,0.00000000e+00,140,-1213
213,1,88,4.00000000e+03,1,-1000
213,1,89,4.70587988e+03,1,-1000
213,1,92,4.00000000e+03,1,107
213,1,93,3.65000000e+02,141,-1209
213,1,98,2.50000000e+02,141,-1300
213,1,99,4.00000000e+03,1,-1000
213,1,103,4.00000000e+03,140,-1000
213,1,104,4.00000000e+03,140,-1000
213,1,105,0.00000000e+00,141,-1208
213,1,106,4.00000000e+03,1,-1000
213,1,107,4.00000000e+03,1,-1000
213,1,108,4.00000000e+03,1,-1000
213,1,109,4.00000000e+03,1,-1000
213,1,110,0.00000000e+00,140,-1206
213,1,111,0.00000000e+00,140,-1211
213,1,112,0.00000000e+00,140,-1212
213,1,123,4.00000000e+03,1,-1000
213,1,130,0.00000000e+00,140,-1000
214,0,1,1.00000000e+00,1,-1000
214,0,2,3.65000000e+02,141,-1000
214,0,12,0.00000000e+00,140,-1000
214,0,13,0.00000000e+00,140,-1000
214,0,14,0.00000000e+00,140,-1000
214,0,15,0.00000000e+00,140,-1000
214,0,16,3.65000000e+02,141,-1000
214,0,32,4.70587988e+03,140,-1000
214,0,33,4.00000000e+03,140,-1000
214,0,72,3.65000000e+02,1,93
214,0,73,4.99999989e-03,1,-1302
214,0,83,4.00000000e+03,140,-1000
214,0,84,4.00000000e+03,140,-1000
214,0,85,4.70587988e+03,140,-1000
214,0,86,4.70587988e+03,140,-1000
214,0,87,3.99996729e+03,140,-1213
214,0,88,4.00000000e+03,140,-1000
214,0,89,4.70587988e+03,140,-1000
214,0,92,3.99996729e+03,1,112
214,0,93,3.65000000e+02,141,-1209
214,0,98,2.50000000e+02,141,-1300
214,0,99,4.00000000e+03,140,-1000
214,0,103,4.00000000e+03,140,-1000
214,0,104,4.00000000e+03,140,-1000
214,0,105,6.43171914e+04,141,-1208
214,0,106,4.00000000e+03,140,-1000
214,0,107,4.00000000e+03,140,-1000
214,0,108,4.00000000e+03,140,-1000
214,0,109,4.00000000e+03,140,-1000
214,0,110,2.27000008e+01,140,-1206
214,0,111,2.27000008e+01,140,-1211
214,0,112,3.99996729e+03,140,-1212
214,0,123,4.00000000e+03,140,-1000
214,0,130,0.00000000e+00,140,-1000
214,0,143,-1.30200000e+03,1,-1302
214,0,144,0.00000000e+00,1,-1302
214,1,1,1.00000000e+00,1,-1000
214,1,2,3.65000000e+02,141,-1000
214,1,12,0.00000000e+00,140,-1000
214,1,13,0.00000000e+00,140,-1000
214,1,14,0.00000000e+00,140,-1000
214,1,15,0.00000000e+00,140,-1000
214,1,16,3.65000000e+02,141,-1000
214,1,32,4.70587988e+03,140,-1000
214,1,33,4.00000000e+03,140,-1000
214,1,72,3.65000000e+02,1,93
214,1,73,4.99999989e-03,1,-1302
214,1,83,4.00000000e+03,140,-1000
214,1,84,4.00000000e+03,140,-1000
214,1,85,4.70587988e+03,140,-1000
214,1,86,4.70587988e+03,140,-1000
214,1,87,3.99996729e+03,140,-1213
214,1,88,4.00000000e+03,140,-1000
214,1,89,4.70587988e+03,140,-1000
214,1,92,3.99996729e+03,1,112
214,1,93,3.65000000e+02,141,-1209
214,1,98,2.50000000e+02,141,-1300
214,1,99,4.00000000e+03,140,-1000
214,1,103,4.00000000e+03,140,-1000
214,1,104,4.00000000e+03,140,-1000
214,1,105,6.43171914e+04,141,-1208
214,1,106,4.00000000e+03,140,-1000
214,1,107,4.00000000e+03,140,-1000
214,1,108,4.00000000e+03,140,-1000
214,1,109,4.00000000e+03,140,-1000
214,1,110,2.27000008e+01,140,-1206
214,1,111,2.27000008e+01,140,-1211
214,1,112,3.99996729e+03,140,-1212
214,1,123,4.00000000e+03,140,-1000
214,1,130,0.00000000e+00,140,-1000
214,1,143,-1.30200000e+03,1,-1302
214,1,144,0.00000000e+00,1,-1302
215,0,1,1.00000000e+00,1,-1000
215,0,2,3.65000000e+02,141,-1000
215,0,12,0.00000000e+00,140,-1000
215,0,13,0.00000000e+00,140,-1000
215,0,14,0.00000000e+00,140,-1000
215,0,15,0.00000000e+00,140,-1000
215,0,16,3.65000000e+02,141,-1000
215,0,32,4.70587988e+03,140,-1000
215,0,33,4.00000000e+03,140,-1000
215,0,72,3.65000000e+02,1,93
215,0,73,9.99999978e-03,1,-1302
215,0,83,4.00000000e+03,140,-1000
215,0,84,4.00000000e+03,140,-1000
215,0,85,4.70587988e+03,140,-1000
215,0,86,4.70587988e+03,140,-1000
215,0,87,3.99996729e+03,140,-1213
215,0,88,4.00000000e+03,140,-1000
215,0,89,4.70587988e+03,140,-1000
215,0,92,3.99996729e+03,1,112
215,0,93,3.65000000e+02,141,-1209
215,0,98,2.50000000e+02,141,-1300
215,0,99,4.00000000e+03,140,-1000
215,0,103,4.00000000e+03,140,-1000
215,0,104,4.00000000e+03,140,-1000
215,0,105,6.43171914e+04,141,-1208
215,0,106,4.00000000e+03,140,-1000
215,0,107,4.00000000e+03,140,-1000
215,0,108,4.00000000e+03,140,-1000
215,0,109,4.00000000e+03,140,-1000
215,0,110,2.27000008e+01,140,-1206
215,0,111,2.27000008e+01,140,-1211
215,0,112,3.99996729e+03,140,-1212
215,0,123,4.00000000e+03,140,-1000
215,0,130,0.00000000e+00,140,-1000
215,1,1,1.00000000e+00,1,-1000
215,1,2,3.65000000e+02,141,-1000
215,1,12,0.00000000e+00,140,-1000
215,1,13,0.00000000e+00,140,-1000
215,1,14,0.00000000e+00,140,-1000
215,1,15,0.00000000e+00,140,-1000
215,1,16,3.65000000e+02,141,-1000
215,1,32,4.70587988e+03,140,-1000
215,1,33,4.00000000e+03,140,-1000
215,1,72,3.65000000e+02,1,93
215,1,73,9.99999978e-03,1,-1302
215,1,83,4.00000000e+03,140,-1000
215,1,84,4.00000000e+03,140,-1000
215,1,85,4.70587988e+03,140,-1000
215,1,86,4.70587988e+03,140,-1000
215,1,87,3.99996729e+03,140,-1213
215,1,88,4.00000000e+03,140,-1000
215,1,89,4.70587988e+03,140,-1000
215,1,92,3.99996729e+03,1,112
215,1,93,3.65000000e+02,141,-1209
215,1,98,2.50000000e+02,141,-1300
215,1,99,4.00000000e+03,140,-1000
215,1,103,4.00000000e+03,140,-1000
215,1,104,4.00000000e+03,140,-1000
215,1,105,6.43171914e+04,141,-1208
215,1,106,4.00000000e+03,140,-1000
215,1,107,4.00000000e+03,140,-1000
215,1,108,4.00000000e+03,140,-1000
215,1,109,4.00000000e+03,140,-1000
215,1,110,2.27000008e+01,140,-1206
215,1,111,2.27000008e+01,140,-1211
215,1,112,3.99996729e+03,140,-1212
215,1,123,4.00000000e+03,140,-1000
215,1,130,0.00000000e+00,140,-1000
216,0,1,1.00000000e+00,1,-1000
216,0,2,3.65000000e+02,141,-1000
216,0,12,0.00000000e+00,140,-1000
216,0,13,0.00000000e+00,140,-1000
216,0,14,0.00000000e+00,140,-1000
216,0,15,0.00000000e+00,140,-1000
216,0,16,3.65000000e+02,141,-1000
216,0,32,4.70587988e+03,1,-1000
216,0,33,4.00000000e+03,1,-1000
216,0,72,3.65000000e+02,1,93
216,0,73,2.50000004e-02,1,-1302
216,0,83,4.00000000e+03,1,-1000
216,0,84,4.00000000e+03,1,-1000
216,0,85,4.70587988e+03,1,-1000
216,0,86,4.70587988e+03,1,-1000
216,0,87,4.00000024e+03,140,-1213
216,0,88,4.00000000e+03,1,-1000
216,0,89,4.70587988e+03,1,-1000
216,0,92,4.00000024e+03,1,112
216,0,93,3.65000000e+02,141,-1209
216,0,98,2.50000000e+02,141,-1300
216,0,99,4.00000000e+03,1,-1000
216,0,103,4.00000000e+03,140,-1000
216,0,104,4.00000000e+03,140,-1000
216,0,105,7.01333057e+03,141,-1208
216,0,106,4.00000000e+03,1,-1000
216,0,107,4.00000000e+03,1,-1000
216,0,108,4.00000000e+03,1,-1000
216,0,109,4.00000000e+03,1,-1000
216,0,110,2.08175003e+02,140,-1206
216,0,111,2.08175003e+02,140,-1211
216,0,112,4.00000024e+03,140,-1212
216,0,123,4.00000000e+03,1,-1000
216,0,130,0.00000000e+00,140,-1000
216,1,1,1.00000000e+00,1,-1000
216,1,2,3.65000000e+02,141,-1000
216,1,12,0.00000000e+00,140,-1000
216,1,13,0.00000000e+00,140,-1000
216,1,14,0.00000000e+00,140,-1000
216,1,15,0.00000000e+00,140,-1000
216,1,16,3.65000000e+02,141,-1000
216,1,32,4.70587988e+03,1,-1000
216,1,33,4.00000000e+03,1,-1000
216,1,72,3.65000000e+02,1,93
216,1,73,2.99999993e-02,1,-1302
216,1,83,4.00000000e+03,1,-1000
216,1,84,4.00000000e+03,1,-1000
216,1,85,4.70587988e+03,1,-1000
216,1,86,4.70587988e+03,1,-1000
216,1,87,4.00000024e+03,140,-1213
216,1,88,4.00000000e+03,1,-1000
216,1,89,4.70587988e+03,1,-1000
216,1,92,4.00000024e+03,1,112
216,1,93,3.65000000e+02,141,-1209
216,1,98,2.50000000e+02,141,-1300
216,1,99,4.00000000e+03,1,-1000
216,1,103,4.00000000e+03,140,-1000
216,1,104,4.00000000e+03,140,-1000
216,1,105,7.01333057e+03,141,-1208
216,1,106,4.00000000e+03,1,-1000
216,1,107,4.00000000e+03,1,-1000
216,1,108,4.00000000e+03,1,-1000
216,1,109,4.00000000e+03,1,-1000
216,1,110,2.08175003e+02,140,-1206
216,1,111,2.08175003e+02,140,-1211
216,1,112,4.00000024e+03,140,-1212
216,1,123,4.00000000e+03,1,-1000
216,1,130,0.00000000e+00,140,-1000
217,0,1,1.00000000e+00,1,-1000
217,0,2,3.65000000e+02,141,-1000
217,0,4,1.00000001e-01,1,-1302
217,0,5,2.00000000e+02,1,-1102
217,0,7,1.00000000e+00,1,-1300
217,0,8,2.98000000e+02,1,-1300
217,0,16,3.65000000e+02,141,-1000
217,0,26,5.07999992e+00,1,-1302
217,0,28,0.00000000e+00,21,-1
217,0,31,9.60730195e-01,1,-1302
217,0,32,4.70587988e+03,1,0
217,0,33,4.00000000e+03,1,0
217,0,40,0.00000000e+00,1,118
217,0,50,0.00000000e+00,21,-1
217,0,69,1.00000000e+02,1,-1302
217,0,72,3.65000000e+02,1,93
217,0,83,4.00000000e+03,1,0
217,0,84,4.00000000e+03,1,0
217,0,85,4.70587988e+03,1,0
217,0,86,4.70587988e+03,1,0
217,0,88,4.00000000e+03,1,0
217,0,89,4.70587988e+03,1,0
217,0,93,3.65000000e+02,141,-1209
217,0,98,2.50000000e+02,141,-1300
217,0,99,4.00000000e+03,1,0
217,0,105,7.01333057e+03,141,-1208
217,0,106,4.00000000e+03,1,0
217,0,107,4.00000000e+03,1,0
217,0,108,4.00000000e+03,1,0
217,0,109,4.00000000e+03,1,0
217,0,118,1.00000000e+00,143,-1000
217,0,119,1.00000000e+00,143,-1000
217,0,120,1.00000000e+00,143,-1000
217,0,123,4.00000000e+03,1,0
217,1,1,1.00000000e+00,1,-1000
217,1,2,3.65000000e+02,141,-1000
217,1,4,1.00000001e-01,1,-1302
217,1,5,2.00000000e+02,1,-1102
217,1,7,1.00000000e+00,1,-1300
217,1,8,2.98000000e+02,1,-1300
217,1,16,3.65000000e+02,141,-1000
217,1,26,5.07999992e+00,1,-1302
217,1,28,2.02682991e+01,21,-1
217,1,31,9.60730195e-01,1,-1302
217,1,32,4.70587988e+03,1,0
217,1,33,4.00000000e+03,1,0
217,1,40,0.00000000e+00,1,118
217,1,50,2.07283028e-05,21,-1
217,1,69,1.00000000e+02,1,-1302
217,1,72,3.65000000e+02,1,93
217,1,83,4.00000000e+03,1,0
217,1,84,4.00000000e+03,1,0
217,1,85,4.70587988e+03,1,0
217,1,86,4.70587988e+03,1,0
217,1,88,4.00000000e+03,1,0
217,1,89,4.70587988e+03,1,0
217,1,93,3.65000000e+02,141,-1209
217,1,98,2.50000000e+02,141,-1300
217,1,99,4.00000000e+03,1,0
217,1,105,7.01333057e+03,141,-1208
217,1,106,4.00000000e+03,1,0
217,1,107,4.00000000e+03,1,0
217,1,108,4.00000000e+03,1,0
217,1,109,4.00000000e+03,1,0
217,1,118,1.00000000e+00,143,-1000
217,1,119,1.00000000e+00,143,-1000
217,1,120,1.00000000e+00,143,-1000
217,1,123,4.00000000e+03,1,0
218,0,1,1.00000000e+00,1,-1000
218,0,2,3.65000000e+02,141,-1000
218,0,4,1.00000001e-01,1,-1302
218,0,5,2.00000000e+02,1,-1102
218,0,6,8.20500031e+01,20,-1300
218,0,8,2.98000000e+02,1,-1300
218,0,16,3.65000000e+02,141,-1000
218,0,19,5.50000000e+01,1,-1203
218,0,22,5.00000000e-01,1,-1300
218,0,23,2.00000000e+01,1,-1201
218,0,31,9.60730195e-01,1,-1302
218,0,32,4.70587988e+03,1,0
218,0,33,4.00000000e+03,1,0
218,0,40,0.00000000e+00,1,118
218,0,50,6.22434309e-04,21,-1
218,0,72,3.65000000e+02,1,93
218,0,83,4.00000000e+03,1,0
218,0,84,4.00000000e+03,1,0
218,0,85,4.70587988e+03,1,0
218,0,86,4.70587988e+03,1,0
218,0,88,4.00000000e+03,1,0
218,0,89,4.70587988e+03,1,0
218,0,93,3.65000000e+02,141,-1209
218,0,98,2.50000000e+02,141,-1300
218,0,99,4.00000000e+03,1,0
218,0,105,7.01333057e+03,141,-1208
218,0,106,4.00000000e+03,1,0
218,0,107,4.00000000e+03,1,0
218,0,108,4.00000000e+03,1,0
218,0,109,4.00000000e+03,1,0
218,0,118,1.00000000e+00,143,-1000
218,0,119,1.00000000e+00,143,-1000
218,0,120,1.00000000e+00,143,-1000
218,0,123,4.00000000e+03,1,0
218,1,1,1.00000000e+00,1,-1000
218,1,2,3.65000000e+02,141,-1000
218,1,4,1.00000001e-01,1,-1302
218,1,5,2.00000000e+02,1,-1102
218,1,6,8.20500031e+01,20,-1300
218,1,8,2.98000000e+02,1,-1300
218,1,16,3.65000000e+02,141,-1000
218,1,19,5.50000000e+01,1,-1203
218,1,22,1.00000000e+00,1,-1300
218,1,23,2.00000000e+01,1,-1201
218,1,31,9.60730195e-01,1,-1302
218,1,32,4.70587988e+03,1,0
218,1,33,4.00000000e+03,1,0
218,1,40,0.00000000e+00,1,118
218,1,50,1.24486862e-03,21,-1
218,1,72,3.65000000e+02,1,93
218,1,83,4.00000000e+03,1,0
218,1,84,4.00000000e+03,1,0
218,1,85,4.70587988e+03,1,0
218,1,86,4.70587988e+03,1,0
218,1,88,4.00000000e+03,1,0
218,1,89,4.70587988e+03,1,0
218,1,93,3.65000000e+02,141,-1209
218,1,98,2.50000000e+02,141,-1300
218,1,99,4.00000000e+03,1,0
218,1,105,7.01333057e+03,141,-1208
218,1,106,4.00000000e+03,1,0
218,1,107,4.00000000e+03,1,0
218,1,108,4.00000000e+03,1,0
218,1,109,4.00000000e+03,1,0
218,1,118,1.00000000e+00,143,-1000
218,1,119,1.00000000e+00,143,-1000
218,1,120,1.00000000e+00,143,-1000
218,1,123,4.00000000e+03,1,0
219,0,1,1.00000000e+00,1,-1000
219,0,2,3.65000000e+02,141,-1000
219,0,4,1.00000001e-01,1,-1302
219,0,5,2.00000000e+02,1,-1102
219,0,7,1.00000000e+00,1,-1300
219,0,8,2.98000000e+02,1,-1300
219,0,16,3.65000000e+02,141,-1000
219,0,26,2.50000000e+00,1,-1302
219,0,28,4.90873861e+00,21,-1
219,0,31,1.00000000e+00,1,-1302
219,0,32,4.70587988e+03,1,0
219,0,33,4.00000000e+03,1,0
219,0,40,0.00000000e+00,1,118
219,0,50,7.15612987e-06,21,-1
219,0,69,1.00000000e+02,1,-1302
219,0,72,3.65000000e+02,1,2
219,0,83,4.00000000e+03,1,0
219,0,84,4.00000000e+03,1,0
219,0,85,4.70587988e+03,1,0
219,0,86,4.70587988e+03,1,0
219,0,88,4.00000000e+03,1,0
219,0,89,4.70587988e+03,1,0
219,0,93,3.65000000e+02,141,-1209
219,0,98,2.50000000e+02,141,-1300
219,0,99,4.00000000e+03,1,0
219,0,105,0.00000000e+00,141,-1208
219,0,106,4.00000000e+03,1,0
219,0,107,4.00000000e+03,1,0
219,0,108,4.00000000e+03,1,0
219,0,109,4.00000000e+03,1,0
219,0,118,1.00000000e+00,143,-1000
219,0,119,1.00000000e+00,143,-1000
219,0,120,1.00000000e+00,143,-1000
219,0,123,4.00000000e+03,1,0
219,1,1,1.00000000e+00,1,-1000
219,1,2,3.65000000e+02,141,-1000
219,1,4,1.00000001e-01,1,-1302
219,1,5,2.00000000e+02,1,-1102
219,1,7,1.00000000e+00,1,-1300
219,1,8,2.98000000e+02,1,-1300
219,1,16,3.65000000e+02,141,-1000
219,1,26,1.00000000e+01,1,-1302
219,1,28,7.85398178e+01,21,-1
219,1,31,1.00000000e+00,1,-1302
219,1,32,4.70587988e+03,1,0
219,1,33,4.00000000e+03,1,0
219,1,40,0.00000000e+00,1,118
219,1,50,5.72490389e-05,21,-1
219,1,69,1.00000000e+02,1,-1302
219,1,72,3.65000000e+02,1,2
219,1,83,4.00000000e+03,1,0
219,1,84,4.00000000e+03,1,0
219,1,85,4.70587988e+03,1,0
219,1,86,4.70587988e+03,1,0
219,1,88,4.00000000e+03,1,0
219,1,89,4.70587988e+03,1,0
219,1,93,3.65000000e+02,141,-1209
219,1,98,2.50000000e+02,141,-1300
219,1,99,4.00000000e+03,1,0
219,1,105,0.00000000e+00,141,-1208
219,1,106,4.00000000e+03,1,0
219,1,107,4.00000000e+03,1,0
219,1,108,4.00000000e+03,1,0
219,1,109,4.00000000e+03,1,0
219,1,118,1.00000000e+00,143,-1000
219,1,119,1.00000000e+00,143,-1000
219,1,120,1.00000000e+00,143,-1000
219,1,123,4.00000000e+03,1,0
220,0,1,1.00000000e+00,1,-1000
220,0,2,3.65000000e+02,141,-1000
220,0,4,1.00000001e-01,1,-1302
220,0,5,2.00000000e+02,1,-1102
220,0,7,1.00000000e+00,1,-1300
220,0,8,2.98000000e+02,1,-1300
220,0,16,3.65000000e+02,141,-1000
220,0,26,2.50000000e+00,1,-1302
220,0,28,4.90873861e+00,21,-1
220,0,31,1.00000000e+00,1,-1302
220,0,32,4.70587988e+03,1,0
220,0,33,4.00000000e+03,1,0
220,0,40,0.00000000e+00,1,118
220,0,50,7.15612987e-06,21,-1
220,0,69,1.00000000e+02,1,-1302
220,0,72,3.65000000e+02,1,2
220,0,83,4.00000000e+03,1,0
220,0,84,4.00000000e+03,1,0
220,0,85,4.70587988e+03,1,0
220,0,86,4.70587988e+03,1,0
220,0,88,4.00000000e+03,1,0
220,0,89,4.70587988e+03,1,0
220,0,93,3.65000000e+02,141,-1209
220,0,98,2.50000000e+02,141,-1300
220,0,99,4.00000000e+03,1,0
220,0,105,0.00000000e+00,141,-1208
220,0,106,4.00000000e+03,1,0
220,0,107,4.00000000e+03,1,0
220,0,108,4.00000000e+03,1,0
220,0,109,4.00000000e+03,1,0
220,0,118,1.00000000e+00,143,-1000
220,0,119,1.00000000e+00,143,-1000
220,0,120,1.00000000e+00,143,-1000
220,0,123,4.00000000e+03,1,0
220,1,1,1.00000000e+00,1,-1000
220,1,2,3.65000000e+02,141,-1000
220,1,4,1.00000001e-01,1,-1302
220,1,5,2.00000000e+02,1,-1102
220,1,7,1.00000000e+00,1,-1300
220,1,8,2.98000000e+02,1,-1300
220,1,16,3.65000000e+02,141,-1000
220,1,26,1.00000000e+01,1,-1302
220,1,28,7.85398178e+01,21,-1
220,1,31,1.00000000e+00,1,-1302
220,1,32,4.70587988e+03,1,0
220,1,33,4.00000000e+03,1,0
220,1,40,0.00000000e+00,1,118
220,1,50,5.72490389e-05,21,-1
220,1,69,1.00000000e+02,1,-1302
220,1,72,3.65000000e+02,1,2
220,1,83,4.00000000e+03,1,0
220,1,84,4.00000000e+03,1,0
220,1,85,4.70587988e+03,1,0
220,1,86,4.70587988e+03,1,0
220,1,88,4.00000000e+03,1,0
220,1,89,4.70587988e+03,1,0
220,1,93,3.65000000e+02,141,-1209
220,1,98,2.50000000e+02,141,-1300
220,1,99,4.00000000e+03,1,0
220,1,105,0.00000000e+00,141,-1208
220,1,106,4.00000000e+03,1,0
220,1,107,4.00000000e+03,1,0
220,1,108,4.00000000e+03,1,0
220,1,109,4.00000000e+03,1,0
220,1,118,1.00000000e+00,143,-1000
220,1,119,1.00000000e+00,143,-1000
220,1,120,1.00000000e+00,143,-1000
220,1,123,4.00000000e+03,1,0
221,0,1,1.00000000e+00,1,-1000
221,0,2,3.65000000e+02,141,-1000
221,0,12,0.00000000e+00,140,-1000
221,0,13,0.00000000e+00,140,-1000
221,0,14,0.00000000e+00,140,-1000
221,0,15,0.00000000e+00,140,-1000
221,0,16,3.65000000e+02,141,-1000
221,0,32,4.70587988e+03,1,-1000
221,0,33,4.00000000e+03,1,-1000
221,0,72,3.65000000e+02,1,2
221,0,73,1.99999996e-02,1,-1302
221,0,83,4.00000000e+03,1,-1000
221,0,84,4.00000000e+03,1,-1000
221,0,85,4.70587988e+03,1,-1000
221,0,86,4.70587988e+03,1,-1000
221,0,87,0.00000000e+00,140,-1213
221,0,88,4.00000000e+03,1,-1000
221,0,89,4.70587988e+03,1,-1000
221,0,92,4.00000000e+03,1,107
221,0,93,3.65000000e+02,141,-1209
221,0,98,2.50000000e+02,141,-1300
221,0,99,4.00000000e+03,1,-1000
221,0,103,4.00000000e+03,140,-1000
221,0,104,4.00000000e+03,140,-1000
221,0,105,0.00000000e+00,141,-1208
221,0,106,4.00000000e+03,1,-1000
221,0,107,4.00000000e+03,1,-1000
221,0,108,4.00000000e+03,1,-1000
221,0,109,4.00000000e+03,1,-1000
221,0,110,0.00000000e+00,140,-1206
221,0,111,0.00000000e+00,140,-1211
221,0,112,0.00000000e+00,140,-1212
221,0,123,4.00000000e+03,1,-1000
221,0,130,0.00000000e+00,140,-1000
221,1,1,1.00000000e+00,1,-1000
221,1,2,3.65000000e+02,141,-1000
221,1,12,0.00000000e+00,140,-1000
221,1,13,0.00000000e+00,140,-1000
221,1,14,0.00000000e+00,140,-1000
221,1,15,0.00000000e+00,140,-1000
221,1,16,3.65000000e+02,141,-1000
221,1,32,4.70587988e+03,1,-1000
221,1,33,4.00000000e+03,1,-1000
221,1,72,3.65000000e+02,1,2
221,1,73,1.99999996e-02,1,-1302
221,1,83,4.00000000e+03,1,-1000
221,1,84,4.00000000e+03,1,-1000
221,1,85,4.70587988e+03,1,-1000
221,1,86,4.70587988e+03,1,-1000
221,1,87,0.00000000e+00,140,-1213
221,1,88,4.00000000e+03,1,-1000
221,1,89,4.70587988e+03,1,-1000
221,1,92,4.00000000e+03,1,107
221,1,93,3.65000000e+02,141,-1209
221,1,98,2.50000000e+02,141,-1300
221,1,99,4.00000000e+03,1,-1000
221,1,103,4.00000000e+03,140,-1000
221,1,104,4.00000000e+03,140,-1000
221,1,105,0.00000000e+00,141,-1208
221,1,106,4.00000000e+03,1,-1000
221,1,107,4.00000000e+03,1,-1000
221,1,108,4.00000000e+03,1,-1000
221,1,109,4.00000000e+03,1,-1000
221,1,110,0.00000000e+00,140,-1206
221,1,111,0.00000000e+00,140,-1211
221,1,112,0.00000000e+00,140,-1212
221,1,123,4.00000000e+03,1,-1000
221,1,130,0.00000000e+00,140,-1000
222,0,1,1.00000000e+00,1,-1000
222,0,2,3.65000000e+02,141,-1000
222,0,4,1.00000001e-01,1,-1302
222,0,5,2.00000000e+02,1,-1102
222,0,7,1.00000000e+00,1,-1300
222,0,8,2.98000000e+02,1,-1300
222,0,16,3.65000000e+02,141,-1000
222,0,26,9.20000000e+01,1,-1302
222,0,28,0.00000000e+00,21,-1
222,0,31,4.00000000e+00,1,-1302
222,0,32,4.70587988e+03,1,0
222,0,33,4.00000000e+03,1,0
222,0,40,1.00000000e+00,1,118
222,0,50,0.00000000e+00,21,-1
222,0,69,1.00000000e+02,1,-1302
222,0,72,3.65000000e+02,1,2
222,0,83,4.00000000e+03,1,0
222,0,84,4.00000000e+03,1,0
222,0,85,4.70587988e+03,1,0
222,0,86,4.70587988e+03,1,0
222,0,88,4.00000000e+03,1,0
222,0,89,4.70587988e+03,1,0
222,0,93,3.65000000e+02,141,-1209
222,0,98,2.50000000e+02,141,-1300
222,0,99,4.00000000e+03,1,0
222,0,105,0.00000000e+00,141,-1208
222,0,106,4.00000000e+03,1,0
222,0,107,4.00000000e+03,1,0
222,0,108,4.00000000e+03,1,0
222,0,109,4.00000000e+03,1,0
222,0,118,1.00000000e+00,143,-1000
222,0,119,1.00000000e+00,143,-1000
222,0,120,1.00000000e+00,143,-1000
222,0,123,4.00000000e+03,1,0
222,1,1,1.00000000e+00,1,-1000
222,1,2,3.65000000e+02,141,-1000
222,1,4,1.00000001e-01,1,-1302
222,1,5,2.00000000e+02,1,-1102
222,1,7,1.00000000e+00,1,-1300
222,1,8,2.98000000e+02,1,-1300
222,1,16,3.65000000e+02,141,-1000
222,1,26,9.20000000e+01,1,-1302
222,1,28,6.64760986e+03,21,-1
222,1,31,4.00000000e+00,1,-1302
222,1,32,4.70587988e+03,1,0
222,1,33,4.00000000e+03,1,0
222,1,40,1.00000000e+00,1,118
222,1,50,1.59753335e-03,21,-1
222,1,69,1.00000000e+02,1,-1302
222,1,72,3.65000000e+02,1,2
222,1,83,4.00000000e+03,1,0
222,1,84,4.00000000e+03,1,0
222,1,85,4.70587988e+03,1,0
222,1,86,4.70587988e+03,1,0
222,1,88,4.00000000e+03,1,0
222,1,89,4.70587988e+03,1,0
222,1,93,3.65000000e+02,141,-1209
222,1,98,2.50000000e+02,141,-1300
222,1,99,4.00000000e+03,1,0
222,1,105,0.00000000e+00,141,-1208
222,1,106,4.00000000e+03,1,0
222,1,107,4.00000000e+03,1,0
222,1,108,4.00000000e+03,1,0
222,1,109,4.00000000e+03,1,0
222,1,118,1.00000000e+00,143,-1000
222,1,119,1.00000000e+00,143,-1000
222,1,120,1.00000000e+00,143,-1000
222,1,123,4.00000000e+03,1,0
223,0,1,1.00000000e+00,1,-1000
223,0,2,3.65000000e+02,141,-1000
223,0,4,1.00000001e-01,1,-1302
223,0,5,2.00000000e+02,1,-1102
223,0,6,8.20500031e+01,20,-1300
223,0,8,2.98000000e+02,1,-1300
223,0,16,3.65000000e+02,141,-1000
223,0,19,5.50000000e+01,1,-1203
223,0,22,5.00000000e-01,1,-1300
223,0,23,2.00000000e+01,1,-1201
223,0,31,1.13027072e+00,1,-1302
223,0,32,4.70587988e+03,1,0
223,0,33,4.00000000e+03,1,0
223,0,40,0.00000000e+00,1,119
223,0,50,6.22434309e-04,21,-1
223,0,72,3.65000000e+02,1,93
223,0,83,4.00000000e+03,1,0
223,0,84,4.00000000e+03,1,0
223,0,85,4.70587988e+03,1,0
223,0,86,4.70587988e+03,1,0
223,0,88,4.00000000e+03,1,0
223,0,89,4.70587988e+03,1,0
223,0,93,3.65000000e+02,141,-1209
223,0,98,2.50000000e+02,141,-1300
223,0,99,4.00000000e+03,1,0
223,0,105,8.25097656e+03,141,-1208
223,0,106,4.00000000e+03,1,0
223,0,107,4.00000000e+03,1,0
223,0,108,4.00000000e+03,1,0
223,0,109,4.00000000e+03,1,0
223,0,118,1.00000000e+00,143,-1000
223,0,119,1.00000000e+00,143,-1000
223,0,120,1.00000000e+00,143,-1000
223,0,123,4.00000000e+03,1,0
223,1,1,1.00000000e+00,1,-1000
223,1,2,3.65000000e+02,141,-1000
223,1,4,1.00000001e-01,1,-1302
223,1,5,2.00000000e+02,1,-1102
223,1,6,8.20500031e+01,20,-1300
223,1,8,2.98000000e+02,1,-1300
223,1,16,3.65000000e+02,141,-1000
223,1,19,5.50000000e+01,1,-1203
223,1,22,1.00000000e+00,1,-1300
223,1,23,2.00000000e+01,1,-1201
223,1,31,1.13027072e+00,1,-1302
223,1,32,4.70587988e+03,1,0
223,1,33,4.00000000e+03,1,0
223,1,40,0.00000000e+00,1,119
223,1,50,1.24486862e-03,21,-1
223,1,72,3.65000000e+02,1,93
223,1,83,4.00000000e+03,1,0
223,1,84,4.00000000e+03,1,0
223,1,85,4.70587988e+03,1,0
223,1,86,4.70587988e+03,1,0
223,1,88,4.00000000e+03,1,0
223,1,89,4.70587988e+03,1,0
223,1,93,3.65000000e+02,141,-1209
223,1,98,2.50000000e+02,141,-1300
223,1,99,4.00000000e+03,1,0
223,1,105,8.25097656e+03,141,-1208
223,1,106,4.00000000e+03,1,0
223,1,107,4.00000000e+03,1,0
223,1,108,4.00000000e+03,1,0
223,1,109,4.00000000e+03,1,0
223,1,118,1.00000000e+00,143,-1000
223,1,119,1.00000000e+00,143,-1000
223,1,120,1.00000000e+00,143,-1000
223,1,123,4.00000000e+03,1,0
224,0,1,8.00000000e+00,1,-1000
224,0,2,2.50000000e+02,141,-1000
224,0,12,0.00000000e+00,140,-1000
224,0,13,0.00000000e+00,140,-1000
224,0,14,0.00000000e+00,140,-1000
224,0,15,0.00000000e+00,140,-1000
224,0,16,2.50000000e+02,141,-1000
224,0,32,7.42859985e+02,1,-1000
224,0,33,5.20000000e+02,1,-1000
224,0,72,2.50000000e+02,1,93
224,0,73,2.50000004e-02,1,-1302
224,0,83,5.20000000e+02,1,-1000
224,0,84,5.20000000e+02,1,-1000
224,0,85,7.42859985e+02,1,-1000
224,0,86,7.42859985e+02,1,-1000
224,0,87,5.00000031e+02,140,-1213
224,0,88,5.20000000e+02,1,-1000
224,0,89,7.42859985e+02,1,-1000
224,0,92,5.00000031e+02,1,112
224,0,93,2.50000000e+02,141,-1209
224,0,98,2.50000000e+02,141,-1300
224,0,99,5.20000000e+02,1,-1000
224,0,103,5.20000000e+02,140,-1000
224,0,104,5.20000000e+02,140,-1000
224,0,105,6.00456360e+02,141,-1208
224,0,106,5.20000000e+02,1,-1000
224,0,107,5.20000000e+02,1,-1000
224,0,108,5.20000000e+02,1,-1000
224,0,109,5.20000000e+02,1,-1000
224,0,110,2.08175003e+02,140,-1206
224,0,111,2.08175003e+02,140,-1211
224,0,112,5.00000031e+02,140,-1212
224,0,123,5.20000000e+02,1,-1000
224,0,130,0.00000000e+00,140,-1000
224,1,1,8.00000000e+00,1,-1000
224,1,2,2.50000000e+02,141,-1000
224,1,12,0.00000000e+00,140,-1000
224,1,13,0.00000000e+00,140,-1000
224,1,14,0.00000000e+00,140,-1000
224,1,15,0.00000000e+00,140,-1000
224,1,16,2.50000000e+02,141,-1000
224,1,32,7.42859985e+02,1,-1000
224,1,33,5.20000000e+02,1,-1000
224,1,72,2.50000000e+02,1,93
224,1,73,2.99999993e-02,1,-1302
224,1,83,5.20000000e+02,1,-1000
224,1,84,5.20000000e+02,1,-1000
224,1,85,7.42859985e+02,1,-1000
224,1,86,7.42859985e+02,1,-1000
224,1,87,5.00000031e+02,140,-1213
224,1,88,5.20000000e+02,1,-1000
224,1,89,7.42859985e+02,1,-1000
224,1,92,5.00000031e+02,1,112
224,1,93,2.50000000e+02,141,-1209
224,1,98,2.50000000e+02,141,-1300
224,1,99,5.20000000e+02,1,-1000
224,1,103,5.20000000e+02,140,-1000
224,1,104,5.20000000e+02,140,-1000
224,1,105,6.00456360e+02,141,-1208
224,1,106,5.20000000e+02,1,-1000
224,1,107,5.20000000e+02,1,-1000
224,1,108,5.20000000e+02,1,-1000
224,1,109,5.20000000e+02,1,-1000
224,1,110,2.08175003e+02,140,-1206
224,1,111,2.08175003e+02,140,-1211
224,1,112,5.00000031e+02,140,-1212
224,1,123,5.20000000e+02,1,-1000
224,1,130,0.00000000e+00,140,-1000
225,0,1,8.00000000e+00,1,-1000
225,0,2,2.50000000e+02,141,-1000
225,0,12,0.00000000e+00,140,-1000
225,0,13,0.00000000e+00,140,-1000
225,0,14,0.00000000e+00,140,-1000
225,0,15,0.00000000e+00,140,-1000
225,0,16,2.50000000e+02,141,-1000
225,0,32,7.42859985e+02,1,-1000
225,0,33,5.20000000e+02,1,-1000
225,0,72,2.50000000e+02,1,2
225,0,73,2.00000009e-03,1,-1302
225,0,83,5.20000000e+02,1,-1000
225,0,84,5.20000000e+02,1,-1000
225,0,85,7.42859985e+02,1,-1000
225,0,86,7.42859985e+02,1,-1000
225,0,87,0.00000000e+00,140,-1213
225,0,88,5.20000000e+02,1,-1000
225,0,89,7.42859985e+02,1,-1000
225,0,92,5.20000000e+02,1,107
225,0,93,2.50000000e+02,141,-1209
225,0,98,2.50000000e+02,141,-1300
225,0,99,5.20000000e+02,1,-1000
225,0,103,5.20000000e+02,140,-1000
225,0,104,5.20000000e+02,140,-1000
225,0,105,0.00000000e+00,141,-1208
225,0,106,5.20000000e+02,1,-1000
225,0,107,5.20000000e+02,1,-1000
225,0,108,5.20000000e+02,1,-1000
225,0,109,5.20000000e+02,1,-1000
225,0,110,0.00000000e+00,140,-1206
225,0,111,0.00000000e+00,140,-1211
225,0,112,0.00000000e+00,140,-1212
225,0,123,5.20000000e+02,1,-1000
225,0,130,0.00000000e+00,140,-1000
225,1,1,8.00000000e+00,1,-1000
225,1,2,2.50000000e+02,141,-1000
225,1,12,0.00000000e+00,140,-1000
225,1,13,0.00000000e+00,140,-1000
273,1,99,5.19000015e+01,1,0
273,1,105,6.56236420e+01,141,-1208
273,1,106,0.00000000e+00,1,0
273,1,107,3.16590004e+01,1,0
273,1,108,0.00000000e+00,1,0
273,1,109,3.16590004e+01,1,0
273,1,118,1.00000000e+00,143,-1000
273,1,119,1.00000000e+00,143,-1000
273,1,120,1.00000000e+00,143,-1000
273,1,123,0.00000000e+00,1,0
274,0,1,1.20000000e+01,1,-1000
274,0,2,2.60000000e+02,141,-1000
274,0,12,0.00000000e+00,140,-1000
274,0,13,0.00000000e+00,140,-1000
274,0,14,0.00000000e+00,140,-1000
274,0,15,0.00000000e+00,140,-1000
274,0,16,2.60000000e+02,141,-1000
274,0,32,0.00000000e+00,1,-1000
274,0,33,3.16590004e+01,1,-1000
274,0,72,6.56236420e+01,1,105
274,0,73,2.50000004e-02,1,-1302
274,0,83,5.19000015e+01,1,-1000
274,0,84,5.19000015e+01,1,-1000
274,0,85,0.00000000e+00,1,-1000
274,0,86,0.00000000e+00,1,-1000
274,0,87,5.25430832e+01,140,-1213
274,0,88,5.19000015e+01,1,-1000
274,0,89,0.00000000e+00,1,-1000
274,0,92,1.26986755e+02,1,111
274,0,93,2.60000000e+02,141,-1209
274,0,98,2.50000000e+02,141,-1300
274,0,99,5.19000015e+01,1,-1000
274,0,103,3.16590004e+01,140,-1000
274,0,104,0.00000000e+00,140,-1000
274,0,105,6.56236420e+01,141,-1208
274,0,106,0.00000000e+00,1,-1000
274,0,107,3.16590004e+01,1,-1000
274,0,108,0.00000000e+00,1,-1000
274,0,109,3.16590004e+01,1,-1000
274,0,110,2.08175003e+02,140,-1206
274,0,111,1.26986755e+02,140,-1211
274,0,112,3.20512810e+01,140,-1212
274,0,123,0.00000000e+00,1,-1000
274,0,130,0.00000000e+00,140,-1000
274,1,1,1.20000000e+01,1,-1000
274,1,2,2.60000000e+02,141,-1000
274,1,12,0.00000000e+00,140,-1000
274,1,13,0.00000000e+00,140,-1000
274,1,14,0.00000000e+00,140,-1000
274,1,15,0.00000000e+00,140,-1000
274,1,16,2.60000000e+02,141,-1000
274,1,32,0.00000000e+00,1,-1000
274,1,33,3.16590004e+01,1,-1000
274,1,72,6.56236420e+01,1,105
274,1,73,2.99999993e-02,1,-1302
274,1,83,5.19000015e+01,1,-1000
274,1,84,5.19000015e+01,1,-1000
274,1,85,0.00000000e+00,1,-1000
274,1,86,0.00000000e+00,1,-1000
274,1,87,5.25430832e+01,140,-1213
274,1,88,5.19000015e+01,1,-1000
274,1,89,0.00000000e+00,1,-1000
274,1,92,1.26986755e+02,1,111
274,1,93,2.60000000e+02,141,-1209
274,1,98,2.50000000e+02,141,-1300
274,1,99,5.19000015e+01,1,-1000
274,1,103,3.16590004e+01,140,-1000
274,1,104,0.00000000e+00,140,-1000
274,1,105,6.56236420e+01,141,-1208
274,1,106,0.00000000e+00,1,-1000
274,1,107,3.16590004e+01,1,-1000
274,1,108,0.00000000e+00,1,-1000
274,1,109,3.16590004e+01,1,-1000
274,1,110,2.08175003e+02,140,-1206
274,1,111,1.26986755e+02,140,-1211
274,1,112,3.20512810e+01,140,-1212
274,1,123,0.00000000e+00,1,-1000
274,1,130,0.00000000e+00,140,-1000
275,0,1,1.20000000e+01,1,-1000
275,0,2,2.60000000e+02,141,-1000
275,0,4,1.00000001e-01,1,-1302
275,0,5,2.00000000e+02,1,-1102
275,0,7,1.00000000e+00,1,-1300
275,0,8,2.98000000e+02,1,-1300
275,0,16,2.60000000e+02,141,-1000
275,0,26,5.07999992e+00,1,-1302
275,0,28,0.00000000e+00,21,-1
275,0,31,1.26199303e-02,1,-1302
275,0,32,0.00000000e+00,1,0
275,0,33,3.16590004e+01,1,0
275,0,40,1.00000000e+00,1,118
275,0,50,0.00000000e+00,21,-1
275,0,69,1.00000000e+02,1,-1302
275,0,72,2.60000000e+02,1,93
275,0,83,5.19000015e+01,1,0
275,0,84,5.19000015e+01,1,0
275,0,85,0.00000000e+00,1,0
275,0,86,0.00000000e+00,1,0
275,0,88,5.19000015e+01,1,0
275,0,89,0.00000000e+00,1,0
275,0,93,2.60000000e+02,141,-1209
275,0,98,2.50000000e+02,141,-1300
275,0,99,5.19000015e+01,1,0
275,0,105,6.56236420e+01,141,-1208
275,0,106,0.00000000e+00,1,0
275,0,107,3.16590004e+01,1,0
275,0,108,0.00000000e+00,1,0
275,0,109,3.16590004e+01,1,0
275,0,118,1.00000000e+00,143,-1000
275,0,119,1.00000000e+00,143,-1000
275,0,120,1.00000000e+00,143,-1000
275,0,123,0.00000000e+00,1,0
275,1,1,1.20000000e+01,1,-1000
275,1,2,2.60000000e+02,141,-1000
275,1,4,1.00000001e-01,1,-1302
275,1,5,2.00000000e+02,1,-1102
275,1,7,1.00000000e+00,1,-1300
275,1,8,2.98000000e+02,1,-1300
275,1,16,2.60000000e+02,141,-1000
275,1,26,5.07999992e+00,1,-1302
275,1,28,2.02682991e+01,21,-1
275,1,31,1.26199303e-02,1,-1302
275,1,32,0.00000000e+00,1,0
275,1,33,3.16590004e+01,1,0
275,1,40,1.00000000e+00,1,118
275,1,50,2.07283028e-05,21,-1
275,1,69,1.00000000e+02,1,-1302
275,1,72,2.60000000e+02,1,93
275,1,83,5.19000015e+01,1,0
275,1,84,5.19000015e+01,1,0
275,1,85,0.00000000e+00,1,0
275,1,86,0.00000000e+00,1,0
275,1,88,5.19000015e+01,1,0
275,1,89,0.00000000e+00,1,0
275,1,93,2.60000000e+02,141,-1209
275,1,98,2.50000000e+02,141,-1300
275,1,99,5.19000015e+01,1,0
275,1,105,6.56236420e+01,141,-1208
275,1,106,0.00000000e+00,1,0
275,1,107,3.16590004e+01,1,0
275,1,108,0.00000000e+00,1,0
275,1,109,3.16590004e+01,1,0
275,1,118,1.00000000e+00,143,-1000
275,1,119,1.00000000e+00,143,-1000
275,1,120,1.00000000e+00,143,-1000
275,1,123,0.00000000e+00,1,0
276,0,1,1.20000000e+01,1,-1000
276,0,2,2.60000000e+02,141,-1000
276,0,12,0.00000000e+00,140,-1000
276,0,13,0.00000000e+00,140,-1000
276,0,14,0.00000000e+00,140,-1000
276,0,15,0.00000000e+00,140,-1000
276,0,16,2.60000000e+02,141,-1000
276,0,32,0.00000000e+00,1,-1000
276,0,33,3.16590004e+01,1,-1000
276,0,72,2.60000000e+02,1,2
276,0,73,2.00000009e-03,1,-1302
276,0,83,5.19000015e+01,1,-1000
276,0,84,5.19000015e+01,1,-1000
276,0,85,0.00000000e+00,1,-1000
276,0,86,0.00000000e+00,1,-1000
276,0,87,0.00000000e+00,140,-1213
276,0,88,5.19000015e+01,1,-1000
276,0,89,0.00000000e+00,1,-1000
276,0,92,3.16590004e+01,1,107
276,0,93,2.60000000e+02,141,-1209
276,0,98,2.50000000e+02,141,-1300
276,0,99,5.19000015e+01,1,-1000
276,0,103,3.16590004e+01,140,-1000
276,0,104,0.00000000e+00,140,-1000
276,0,105,0.00000000e+00,141,-1208
276,0,106,0.00000000e+00,1,-1000
276,0,107,3.16590004e+01,1,-1000
276,0,108,0.00000000e+00,1,-1000
276,0,109,3.16590004e+01,1,-1000
276,0,110,0.00000000e+00,140,-1206
276,0,111,0.00000000e+00,140,-1211
276,0,112,0.00000000e+00,140,-1212
276,0,123,0.00000000e+00,1,-1000
276,0,130,0.00000000e+00,140,-1000
276,1,1,1.20000000e+01,1,-1000
276,1,2,2.60000000e+02,141,-1000
276,1,12,0.00000000e+00,140,-1000
276,1,13,0.00000000e+00,140,-1000
276,1,14,0.00000000e+00,140,-1000
276,1,15,0.00000000e+00,140,-1000
276,1,16,2.60000000e+02,141,-1000
276,1,32,0.00000000e+00,1,-1000
276,1,33,3.16590004e+01,1,-1000
276,1,72,2.60000000e+02,1,2
276,1,73,9.99999978e-03,1,-1302
276,1,83,5.19000015e+01,1,-1000
276,1,84,5.19000015e+01,1,-1000
276,1,85,0.00000000e+00,1,-1000
276,1,86,0.00000000e+00,1,-1000
276,1,87,0.00000000e+00,140,-1213
276,1,88,5.19000015e+01,1,-1000
276,1,89,0.00000000e+00,1,-1000
276,1,92,3.16590004e+01,1,107
276,1,93,2.60000000e+02,141,-1209
276,1,98,2.50000000e+02,141,-1300
276,1,99,5.19000015e+01,1,-1000
276,1,103,3.16590004e+01,140,-1000
276,1,104,0.00000000e+00,140,-1000
276,1,105,0.00000000e+00,141,-1208
276,1,106,0.00000000e+00,1,-1000
276,1,107,3.16590004e+01,1,-1000
276,1,108,0.00000000e+00,1,-1000
276,1,109,3.16590004e+01,1,-1000
276,1,110,0.00000000e+00,140,-1206
276,1,111,0.00000000e+00,140,-1211
276,1,112,0.00000000e+00,140,-1212
276,1,123,0.00000000e+00,1,-1000
276,1,130,0.00000000e+00,140,-1000
277,0,1,1.20000000e+01,1,-1000
277,0,2,2.60000000e+02,141,-1000
277,0,4,1.00000001e-01,1,-1302
277,0,5,2.00000000e+02,1,-1102
277,0,7,1.00000000e+00,1,-1300
277,0,8,2.98000000e+02,1,-1300
277,0,16,2.60000000e+02,141,-1000
277,0,26,9.20000000e+01,1,-1302
277,0,28,0.00000000e+00,21,-1
277,0,31,1.00000000e+00,1,-1302
277,0,32,0.00000000e+00,1,0
277,0,33,3.16590004e+01,1,0
277,0,40,1.00000000e+00,1,118
277,0,50,0.00000000e+00,21,-1
277,0,69,1.00000000e+02,1,-1302
277,0,72,2.60000000e+02,1,2
277,0,83,5.19000015e+01,1,0
277,0,84,5.19000015e+01,1,0
277,0,85,0.00000000e+00,1,0
277,0,86,0.00000000e+00,1,0
277,0,88,5.19000015e+01,1,0
277,0,89,0.00000000e+00,1,0
277,0,93,2.60000000e+02,141,-1209
277,0,98,2.50000000e+02,141,-1300
277,0,99,5.19000015e+01,1,0
277,0,105,0.00000000e+00,141,-1208
277,0,106,0.00000000e+00,1,0
277,0,107,3.16590004e+01,1,0
277,0,108,0.00000000e+00,1,0
277,0,109,3.16590004e+01,1,0
277,0,118,1.00000000e+00,143,-1000
277,0,119,1.00000000e+00,143,-1000
277,0,120,1.00000000e+00,143,-1000
277,0,123,0.00000000e+00,1,0
277,1,1,1.20000000e+01,1,-1000
277,1,2,2.60000000e+02,141,-1000
277,1,4,1.00000001e-01,1,-1302
277,1,5,2.00000000e+02,1,-1102
277,1,7,1.00000000e+00,1,-1300
277,1,8,2.98000000e+02,1,-1300
277,1,16,2.60000000e+02,141,-1000
277,1,26,9.20000000e+01,1,-1302
277,1,28,6.64760986e+03,21,-1
277,1,31,1.00000000e+00,1,-1302
277,1,32,0.00000000e+00,1,0
277,1,33,3.16590004e+01,1,0
277,1,40,1.00000000e+00,1,118
277,1,50,1.59753335e-03,21,-1
277,1,69,1.00000000e+02,1,-1302
277,1,72,2.60000000e+02,1,2
277,1,83,5.19000015e+01,1,0
277,1,84,5.19000015e+01,1,0
277,1,85,0.00000000e+00,1,0
277,1,86,0.00000000e+00,1,0
277,1,88,5.19000015e+01,1,0
277,1,89,0.00000000e+00,1,0
277,1,93,2.60000000e+02,141,-1209
277,1,98,2.50000000e+02,141,-1300
277,1,99,5.19000015e+01,1,0
277,1,105,0.00000000e+00,141,-1208
277,1,106,0.00000000e+00,1,0
277,1,107,3.16590004e+01,1,0
277,1,108,0.00000000e+00,1,0
277,1,109,3.16590004e+01,1,0
277,1,118,1.00000000e+00,143,-1000
277,1,119,1.00000000e+00,143,-1000
277,1,120,1.00000000e+00,143,-1000
277,1,123,0.00000000e+00,1,0
278,0,1,1.20000000e+01,1,-1000
278,0,2,2.60000000e+02,141,-1000
278,0,12,0.00000000e+00,140,-1000
278,0,13,0.00000000e+00,140,-1000
278,0,14,0.00000000e+00,140,-1000
278,0,15,0.00000000e+00,140,-1000
278,0,16,2.60000000e+02,141,-1000
278,0,32,0.00000000e+00,1,-1000
278,0,33,3.16590004e+01,1,-1000
278,0,43,2.50000000e-01,1,-1300
278,0,45,9.59999979e-01,1,-1300
278,0,52,8.99999976e-01,1,-1300
278,0,72,2.60000000e+02,1,2
278,0,74,7.50000000e-01,20,-1302
278,0,83,5.19000015e+01,1,-1000
278,0,84,5.19000015e+01,1,-1000
278,0,85,0.00000000e+00,1,-1000
278,0,86,0.00000000e+00,1,-1000
278,0,87,0.00000000e+00,140,-1213
278,0,88,5.19000015e+01,1,-1000
278,0,89,0.00000000e+00,1,-1000
278,0,92,3.16590004e+01,1,107
278,0,93,2.60000000e+02,141,-1209
278,0,98,2.50000000e+02,141,-1300
278,0,99,5.19000015e+01,1,-1000
278,0,103,3.16590004e+01,140,-1000
278,0,104,0.00000000e+00,140,-1000
278,0,105,0.00000000e+00,141,-1208
278,0,106,0.00000000e+00,1,-1000
278,0,107,3.16590004e+01,1,-1000
278,0,108,0.00000000e+00,1,-1000
278,0,109,3.16590004e+01,1,-1000
278,0,110,0.00000000e+00,140,-1206
278,0,111,0.00000000e+00,140,-1211
278,0,112,0.00000000e+00,140,-1212
278,0,123,0.00000000e+00,1,-1000
278,0,130,0.00000000e+00,140,-1000
278,1,1,1.20000000e+01,1,-1000
278,1,2,2.60000000e+02,141,-1000
278,1,12,0.00000000e+00,140,-1000
278,1,13,0.00000000e+00,140,-1000
278,1,14,0.00000000e+00,140,-1000
278,1,15,0.00000000e+00,140,-1000
278,1,16,2.60000000e+02,141,-1000
278,1,32,0.00000000e+00,1,-1000
278,1,33,3.16590004e+01,1,-1000
278,1,43,2.50000000e-01,1,-1300
278,1,45,8.99999976e-01,1,-1300
278,1,52,1.00000000e+00,1,-1300
278,1,72,2.60000000e+02,1,2
278,1,74,7.50000000e-01,20,-1302
278,1,83,5.19000015e+01,1,-1000
278,1,84,5.19000015e+01,1,-1000
278,1,85,0.00000000e+00,1,-1000
278,1,86,0.00000000e+00,1,-1000
278,1,87,0.00000000e+00,140,-1213
278,1,88,5.19000015e+01,1,-1000
278,1,89,0.00000000e+00,1,-1000
278,1,92,3.16590004e+01,1,107
278,1,93,2.60000000e+02,141,-1209
278,1,98,2.50000000e+02,141,-1300
278,1,99,5.19000015e+01,1,-1000
278,1,103,3.16590004e+01,140,-1000
278,1,104,0.00000000e+00,140,-1000
278,1,105,0.00000000e+00,141,-1208
278,1,106,0.00000000e+00,1,-1000
278,1,107,3.16590004e+01,1,-1000
278,1,108,0.00000000e+00,1,-1000
278,1,109,3.16590004e+01,1,-1000
278,1,110,0.00000000e+00,140,-1206
278,1,111,0.00000000e+00,140,-1211
278,1,112,0.00000000e+00,140,-1212
278,1,123,0.00000000e+00,1,-1000
278,1,130,0.00000000e+00,140,-1000
279,0,1,1.20000000e+01,1,-1000
279,0,2,2.60000000e+02,141,-1000
279,0,12,0.00000000e+00,140,-1000
279,0,13,0.00000000e+00,140,-1000
279,0,14,0.00000000e+00,140,-1000
279,0,15,0.00000000e+00,140,-1000
279,0,16,2.60000000e+02,141,-1000
279,0,32,0.00000000e+00,1,-1000
279,0,33,3.16590004e+01,1,-1000
279,0,72,2.60000000e+02,1,2
279,0,83,5.19000015e+01,1,-1000
279,0,84,5.19000015e+01,1,-1000
279,0,85,0.00000000e+00,1,-1000
279,0,86,0.00000000e+00,1,-1000
279,0,87,0.00000000e+00,140,-1213
279,0,88,5.19000015e+01,1,-1000
279,0,89,0.00000000e+00,1,-1000
279,0,92,3.16590004e+01,1,107
279,0,93,2.60000000e+02,141,-1209
279,0,98,2.50000000e+02,141,-1300
279,0,99,5.19000015e+01,1,-1000
279,0,103,3.16590004e+01,140,-1000
279,0,104,0.00000000e+00,140,-1000
279,0,105,0.00000000e+00,141,-1208
279,0,106,0.00000000e+00,1,-1000
279,0,107,3.16590004e+01,1,-1000
279,0,108,0.00000000e+00,1,-1000
279,0,109,3.16590004e+01,1,-1000
279,0,110,0.00000000e+00,140,-1206
279,0,111,0.00000000e+00,140,-1211
279,0,112,0.00000000e+00,140,-1212
279,0,117,0.00000000e+00,3,999
279,0,123,0.00000000e+00,1,-1000
279,0,130,0.00000000e+00,140,-1000
279,1,1,1.20000000e+01,1,-1000
279,1,2,2.60000000e+02,141,-1000
279,1,12,0.00000000e+00,140,-1000
279,1,13,0.00000000e+00,140,-1000
279,1,14,0.00000000e+00,140,-1000
279,1,15,0.00000000e+00,140,-1000
279,1,16,2.60000000e+02,141,-1000
279,1,32,0.00000000e+00,1,-1000
279,1,33,3.16590004e+01,1,-1000
279,1,72,2.60000000e+02,1,2
279,1,83,5.19000015e+01,1,-1000
279,1,84,5.19000015e+01,1,-1000
279,1,85,0.00000000e+00,1,-1000
279,1,86,0.00000000e+00,1,-1000
279,1,87,0.00000000e+00,140,-1213
279,1,88,5.19000015e+01,1,-1000
279,1,89,0.00000000e+00,1,-1000
279,1,92,3.16590004e+01,1,107
279,1,93,2.60000000e+02,141,-1209
279,1,98,2.50000000e+02,141,-1300
279,1,99,5.19000015e+01,1,-1000
279,1,103,3.16590004e+01,140,-1000
279,1,104,0.00000000e+00,140,-1000
279,1,105,0.00000000e+00,141,-1208
279,1,106,0.00000000e+00,1,-1000
279,1,107,3.16590004e+01,1,-1000
279,1,108,0.00000000e+00,1,-1000
279,1,109,3.16590004e+01,1,-1000
279,1,110,0.00000000e+00,140,-1206
279,1,111,0.00000000e+00,140,-1211
279,1,112,0.00000000e+00,140,-1212
279,1,117,2.09999993e-01,3,999
279,1,123,0.00000000e+00,1,-1000
279,1,130,0.00000000e+00,140,-1000
280,0,1,1.00000000e+00,1,-1000
280,0,2,2.47000000e+02,141,-1000
280,0,12,0.00000000e+00,140,-1000
280,0,13,0.00000000e+00,140,-1000
280,0,14,0.00000000e+00,140,-1000
280,0,15,0.00000000e+00,140,-1000
280,0,16,2.47000000e+02,141,-1000
280,0,32,1.14199997e+02,1,-1000
280,0,33,3.99699998e+00,1,-1000
280,0,72,1.35462952e+01,1,105
280,0,73,2.50000004e-02,1,-1302
280,0,83,1.14200001e+01,1,-1000
280,0,84,1.14200001e+01,1,-1000
280,0,85,1.14199997e+02,1,-1000
280,0,86,1.14199997e+02,1,-1000
280,0,87,1.14170036e+01,140,-1213
280,0,88,1.14200001e+01,1,-1000
280,0,89,1.14199997e+02,1,-1000
280,0,92,7.28612518e+01,1,111
280,0,93,2.47000000e+02,141,-1209
280,0,98,2.50000000e+02,141,-1300
280,0,99,1.14200001e+01,1,-1000
280,0,103,3.99699998e+00,140,-1000
280,0,104,3.99699998e+00,140,-1000
280,0,105,1.35462952e+01,141,-1208
280,0,106,3.99699998e+00,1,-1000
280,0,107,3.99699998e+00,1,-1000
280,0,108,3.99699998e+00,1,-1000
280,0,109,3.99699998e+00,1,-1000
280,0,110,2.08175003e+02,140,-1206
280,0,111,7.28612518e+01,140,-1211
280,0,112,3.99595141e+00,140,-1212
280,0,123,3.99699998e+00,1,-1000
280,0,130,0.00000000e+00,140,-1000
280,1,1,1.00000000e+00,1,-1000
280,1,2,2.47000000e+02,141,-1000
280,1,12,0.00000000e+00,140,-1000
280,1,13,0.00000000e+00,140,-1000
280,1,14,0.00000000e+00,140,-1000
280,1,15,0.00000000e+00,140,-1000
280,1,16,2.47000000e+02,141,-1000
280,1,32,1.14199997e+02,1,-1000
280,1,33,3.99699998e+00,1,-1000
280,1,72,1.35462952e+01,1,105
280,1,73,2.99999993e-02,1,-1302
280,1,83,1.14200001e+01,1,-1000
280,1,84,1.14200001e+01,1,-1000
280,1,85,1.14199997e+02,1,-1000
280,1,86,1.14199997e+02,1,-1000
280,1,87,1.14170036e+01,140,-1213
280,1,88,1.14200001e+01,1,-1000
280,1,89,1.14199997e+02,1,-1000
280,1,92,7.28612518e+01,1,111
280,1,93,2.47000000e+02,141,-1209
280,1,98,2.50000000e+02,141,-1300
280,1,99,1.14200001e+01,1,-1000
280,1,103,3.99699998e+00,140,-1000
280,1,104,3.99699998e+00,140,-1000
280,1,105,1.35462952e+01,141,-1208
280,1,106,3.99699998e+00,1,-1000
280,1,107,3.99699998e+00,1,-1000
280,1,108,3.99699998e+00,1,-1000
280,1,109,3.99699998e+00,1,-1000
280,1,110,2.08175003e+02,140,-1206
280,1,111,7.28612518e+01,140,-1211
280,1,112,3.99595141e+00,140,-1212
280,1,123,3.99699998e+00,1,-1000
280,1,130,0.00000000e+00,140,-1000
281,0,1,1.00000000e+00,1,-1000
281,0,2,2.47000000e+02,141,-1000
281,0,12,0.00000000e+00,140,-1000
281,0,13,0.00000000e+00,140,-1000
281,0,14,0.00000000e+00,140,-1000
281,0,15,0.00000000e+00,140,-1000
281,0,16,2.47000000e+02,141,-1000
281,0,32,1.14199997e+02,1,-1000
281,0,33,3.99699998e+00,1,-1000
281,0,72,2.47000000e+02,1,2
281,0,83,1.14200001e+01,1,-1000
281,0,84,1.14200001e+01,1,-1000
281,0,85,1.14199997e+02,1,-1000
281,0,86,1.14199997e+02,1,-1000
281,0,87,0.00000000e+00,140,-1213
281,0,88,1.14200001e+01,1,-1000
281,0,89,1.14199997e+02,1,-1000
281,0,92,3.99699998e+00,1,107
281,0,93,2.47000000e+02,141,-1209
281,0,98,2.50000000e+02,141,-1300
281,0,99,1.14200001e+01,1,-1000
281,0,103,3.99699998e+00,140,-1000
281,0,104,3.99699998e+00,140,-1000
281,0,105,0.00000000e+00,141,-1208
281,0,106,3.99699998e+00,1,-1000
281,0,107,3.99699998e+00,1,-1000
281,0,108,3.99699998e+00,1,-1000
281,0,109,3.99699998e+00,1,-1000
281,0,110,0.00000000e+00,140,-1206
281,0,111,0.00000000e+00,140,-1211
281,0,112,0.00000000e+00,140,-1212
281,0,117,0.00000000e+00,3,999
281,0,123,3.99699998e+00,1,-1000
281,0,130,0.00000000e+00,140,-1000
281,1,1,1.00000000e+00,1,-1000
281,1,2,2.47000000e+02,141,-1000
281,1,12,0.00000000e+00,140,-1000
281,1,13,0.00000000e+00,140,-1000
281,1,14,0.00000000e+00,140,-1000
281,1,15,0.00000000e+00,140,-1000
281,1,16,2.47000000e+02,141,-1000
281,1,32,1.14199997e+02,1,-1000
281,1,33,3.99699998e+00,1,-1000
281,1,72,2.47000000e+02,1,2
281,1,83,1.14200001e+01,1,-1000
281,1,84,1.14200001e+01,1,-1000
281,1,85,1.14199997e+02,1,-1000
281,1,86,1.14199997e+02,1,-1000
281,1,87,0.00000000e+00,140,-1213
281,1,88,1.14200001e+01,1,-1000
281,1,89,1.14199997e+02,1,-1000
281,1,92,3.99699998e+00,1,107
281,1,93,2.47000000e+02,141,-1209
281,1,98,2.50000000e+02,141,-1300
281,1,99,1.14200001e+01,1,-1000
281,1,103,3.99699998e+00,140,-1000
281,1,104,3.99699998e+00,140,-1000
281,1,105,0.00000000e+00,141,-1208
281,1,106,3.99699998e+00,1,-1000
281,1,107,3.99699998e+00,1,-1000
281,1,108,3.99699998e+00,1,-1000
281,1,109,3.99699998e+00,1,-1000
281,1,110,0.00000000e+00,140,-1206
281,1,111,0.00000000e+00,140,-1211
281,1,112,0.00000000e+00,140,-1212
281,1,117,1.06700003e-01,3,999
281,1,123,3.99699998e+00,1,-1000
281,1,130,0.00000000e+00,140,-1000
282,0,1,1.00000000e+00,1,-1000
282,0,2,2.47000000e+02,141,-1000
282,0,12,0.00000000e+00,140,-1000
282,0,13,0.00000000e+00,140,-1000
282,0,14,0.00000000e+00,140,-1000
282,0,15,0.00000000e+00,140,-1000
282,0,16,2.47000000e+02,141,-1000
282,0,32,1.14199997e+02,1,-1000
282,0,33,3.99699998e+00,1,-1000
282,0,72,2.47000000e+02,1,2
282,0,83,1.14200001e+01,1,-1000
282,0,84,1.14200001e+01,1,-1000
282,0,85,1.14199997e+02,1,-1000
282,0,86,1.14199997e+02,1,-1000
282,0,87,0.00000000e+00,140,-1213
282,0,88,1.14200001e+01,1,-1000
282,0,89,1.14199997e+02,1,-1000
282,0,92,3.99699998e+00,1,107
282,0,93,2.47000000e+02,141,-1209
282,0,98,2.50000000e+02,141,-1300
282,0,99,1.14200001e+01,1,-1000
282,0,103,3.99699998e+00,140,-1000
225,1,14,0.00000000e+00,140,-1000
225,1,15,0.00000000e+00,140,-1000
225,1,16,2.50000000e+02,141,-1000
225,1,32,7.42859985e+02,1,-1000
225,1,33,5.20000000e+02,1,-1000
225,1,72,2.50000000e+02,1,2
225,1,73,9.99999978e-03,1,-1302
225,1,83,5.20000000e+02,1,-1000
225,1,84,5.20000000e+02,1,-1000
225,1,85,7.42859985e+02,1,-1000
225,1,86,7.42859985e+02,1,-1000
225,1,87,0.00000000e+00,140,-1213
225,1,88,5.20000000e+02,1,-1000
225,1,89,7.42859985e+02,1,-1000
225,1,92,5.20000000e+02,1,107
225,1,93,2.50000000e+02,141,-1209
225,1,98,2.50000000e+02,141,-1300
225,1,99,5.20000000e+02,1,-1000
225,1,103,5.20000000e+02,140,-1000
225,1,104,5.20000000e+02,140,-1000
225,1,105,0.00000000e+00,141,-1208
225,1,106,5.20000000e+02,1,-1000
225,1,107,5.20000000e+02,1,-1000
225,1,108,5.20000000e+02,1,-1000
225,1,109,5.20000000e+02,1,-1000
225,1,110,0.00000000e+00,140,-1206
225,1,111,0.00000000e+00,140,-1211
225,1,112,0.00000000e+00,140,-1212
225,1,123,5.20000000e+02,1,-1000
225,1,130,0.00000000e+00,140,-1000
226,0,1,8.00000000e+00,1,-1000
226,0,2,2.50000000e+02,141,-1000
226,0,12,0.00000000e+00,140,-1000
226,0,13,0.00000000e+00,140,-1000
226,0,14,0.00000000e+00,140,-1000
226,0,15,0.00000000e+00,140,-1000
226,0,16,2.50000000e+02,141,-1000
226,0,32,7.42859985e+02,1,-1000
226,0,33,5.20000000e+02,1,-1000
226,0,72,2.50000000e+02,1,2
226,0,73,2.00000009e-03,1,-1302
226,0,83,5.20000000e+02,1,-1000
226,0,84,5.20000000e+02,1,-1000
226,0,85,7.42859985e+02,1,-1000
226,0,86,7.42859985e+02,1,-1000
226,0,87,0.00000000e+00,140,-1213
226,0,88,5.20000000e+02,1,-1000
226,0,89,7.42859985e+02,1,-1000
226,0,92,5.20000000e+02,1,107
226,0,93,2.50000000e+02,141,-1209
226,0,98,2.50000000e+02,141,-1300
226,0,99,5.20000000e+02,1,-1000
226,0,103,5.20000000e+02,140,-1000
226,0,104,5.20000000e+02,140,-1000
226,0,105,0.00000000e+00,141,-1208
226,0,106,5.20000000e+02,1,-1000
226,0,107,5.20000000e+02,1,-1000
226,0,108,5.20000000e+02,1,-1000
226,0,109,5.20000000e+02,1,-1000
226,0,110,0.00000000e+00,140,-1206
226,0,111,0.00000000e+00,140,-1211
226,0,112,0.00000000e+00,140,-1212
226,0,123,5.20000000e+02,1,-1000
226,0,130,0.00000000e+00,140,-1000
226,1,1,8.00000000e+00,1,-1000
226,1,2,2.50000000e+02,141,-1000
226,1,12,0.00000000e+00,140,-1000
226,1,13,0.00000000e+00,140,-1000
226,1,14,0.00000000e+00,140,-1000
226,1,15,0.00000000e+00,140,-1000
226,1,16,2.50000000e+02,141,-1000
226,1,32,7.42859985e+02,1,-1000
226,1,33,5.20000000e+02,1,-1000
226,1,72,2.50000000e+02,1,2
226,1,73,9.99999978e-03,1,-1302
226,1,83,5.20000000e+02,1,-1000
226,1,84,5.20000000e+02,1,-1000
226,1,85,7.42859985e+02,1,-1000
226,1,86,7.42859985e+02,1,-1000
226,1,87,0.00000000e+00,140,-1213
226,1,88,5.20000000e+02,1,-1000
226,1,89,7.42859985e+02,1,-1000
226,1,92,5.20000000e+02,1,107
226,1,93,2.50000000e+02,141,-1209
226,1,98,2.50000000e+02,141,-1300
226,1,99,5.20000000e+02,1,-1000
226,1,103,5.20000000e+02,140,-1000
226,1,104,5.20000000e+02,140,-1000
226,1,105,0.00000000e+00,141,-1208
226,1,106,5.20000000e+02,1,-1000
226,1,107,5.20000000e+02,1,-1000
226,1,108,5.20000000e+02,1,-1000
226,1,109,5.20000000e+02,1,-1000
226,1,110,0.00000000e+00,140,-1206
226,1,111,0.00000000e+00,140,-1211
226,1,112,0.00000000e+00,140,-1212
226,1,123,5.20000000e+02,1,-1000
226,1,130,0.00000000e+00,140,-1000
227,0,1,8.00000000e+00,1,-1000
227,0,2,2.50000000e+02,141,-1000
227,0,12,0.00000000e+00,140,-1000
227,0,13,0.00000000e+00,140,-1000
227,0,14,0.00000000e+00,140,-1000
227,0,15,0.00000000e+00,140,-1000
227,0,16,2.50000000e+02,141,-1000
227,0,32,7.42859985e+02,140,-1000
227,0,33,5.20000000e+02,140,-1000
227,0,72,2.50000000e+02,1,93
227,0,73,4.99999989e-03,1,-1302
227,0,83,5.20000000e+02,140,-1000
227,0,84,5.20000000e+02,140,-1000
227,0,85,7.42859985e+02,140,-1000
227,0,86,7.42859985e+02,140,-1000
227,0,87,5.00000000e+02,140,-1213
227,0,88,5.20000000e+02,140,-1000
227,0,89,7.42859985e+02,140,-1000
227,0,92,5.00000000e+02,1,112
227,0,93,2.50000000e+02,141,-1209
227,0,98,2.50000000e+02,141,-1300
227,0,99,5.20000000e+02,140,-1000
227,0,103,5.20000000e+02,140,-1000
227,0,104,5.20000000e+02,140,-1000
227,0,105,5.43478271e+03,141,-1208
227,0,106,5.20000000e+02,140,-1000
227,0,107,5.20000000e+02,140,-1000
227,0,108,5.20000000e+02,140,-1000
227,0,109,5.20000000e+02,140,-1000
227,0,110,2.30000000e+01,140,-1206
227,0,111,2.30000000e+01,140,-1211
227,0,112,5.00000000e+02,140,-1212
227,0,123,5.20000000e+02,140,-1000
227,0,130,0.00000000e+00,140,-1000
227,0,143,-1.30200000e+03,1,-1302
227,0,144,0.00000000e+00,1,-1302
227,1,1,8.00000000e+00,1,-1000
227,1,2,2.50000000e+02,141,-1000
227,1,12,0.00000000e+00,140,-1000
227,1,13,0.00000000e+00,140,-1000
227,1,14,0.00000000e+00,140,-1000
227,1,15,0.00000000e+00,140,-1000
227,1,16,2.50000000e+02,141,-1000
227,1,32,7.42859985e+02,140,-1000
227,1,33,5.20000000e+02,140,-1000
227,1,72,2.50000000e+02,1,93
227,1,73,4.99999989e-03,1,-1302
227,1,83,5.20000000e+02,140,-1000
227,1,84,5.20000000e+02,140,-1000
227,1,85,7.42859985e+02,140,-1000
227,1,86,7.42859985e+02,140,-1000
227,1,87,5.00000000e+02,140,-1213
227,1,88,5.20000000e+02,140,-1000
227,1,89,7.42859985e+02,140,-1000
227,1,92,5.00000000e+02,1,112
227,1,93,2.50000000e+02,141,-1209
227,1,98,2.50000000e+02,141,-1300
227,1,99,5.20000000e+02,140,-1000
227,1,103,5.20000000e+02,140,-1000
227,1,104,5.20000000e+02,140,-1000
227,1,105,5.43478271e+03,141,-1208
227,1,106,5.20000000e+02,140,-1000
227,1,107,5.20000000e+02,140,-1000
227,1,108,5.20000000e+02,140,-1000
227,1,109,5.20000000e+02,140,-1000
227,1,110,2.30000000e+01,140,-1206
227,1,111,2.30000000e+01,140,-1211
227,1,112,5.00000000e+02,140,-1212
227,1,123,5.20000000e+02,140,-1000
227,1,130,0.00000000e+00,140,-1000
227,1,143,-1.30200000e+03,1,-1302
227,1,144,0.00000000e+00,1,-1302
228,0,1,8.00000000e+00,1,-1000
228,0,2,2.50000000e+02,141,-1000
228,0,12,0.00000000e+00,140,-1000
228,0,13,0.00000000e+00,140,-1000
228,0,14,0.00000000e+00,140,-1000
228,0,15,0.00000000e+00,140,-1000
228,0,16,2.50000000e+02,141,-1000
228,0,32,7.42859985e+02,1,-1000
228,0,33,5.20000000e+02,1,-1000
228,0,72,2.50000000e+02,1,93
228,0,73,9.99999978e-03,1,-1302
228,0,83,5.20000000e+02,1,-1000
228,0,84,5.20000000e+02,1,-1000
228,0,85,7.42859985e+02,1,-1000
228,0,86,7.42859985e+02,1,-1000
228,0,87,5.00000000e+02,140,-1213
228,0,88,5.20000000e+02,1,-1000
228,0,89,7.42859985e+02,1,-1000
228,0,92,5.00000000e+02,1,112
228,0,93,2.50000000e+02,141,-1209
228,0,98,2.50000000e+02,141,-1300
228,0,99,5.20000000e+02,1,-1000
228,0,103,5.20000000e+02,140,-1000
228,0,104,5.20000000e+02,140,-1000
228,0,105,5.43478271e+03,141,-1208
228,0,106,5.20000000e+02,1,-1000
228,0,107,5.20000000e+02,1,-1000
228,0,108,5.20000000e+02,1,-1000
228,0,109,5.20000000e+02,1,-1000
228,0,110,2.30000000e+01,140,-1206
228,0,111,2.30000000e+01,140,-1211
228,0,112,5.00000000e+02,140,-1212
228,0,123,5.20000000e+02,1,-1000
228,0,130,0.00000000e+00,140,-1000
228,1,1,8.00000000e+00,1,-1000
228,1,2,2.50000000e+02,141,-1000
228,1,12,0.00000000e+00,140,-1000
228,1,13,0.00000000e+00,140,-1000
228,1,14,0.00000000e+00,140,-1000
228,1,15,0.00000000e+00,140,-1000
228,1,16,2.50000000e+02,141,-1000
228,1,32,7.42859985e+02,1,-1000
228,1,33,5.20000000e+02,1,-1000
228,1,72,2.50000000e+02,1,93
228,1,73,9.99999978e-03,1,-1302
228,1,83,5.20000000e+02,1,-1000
228,1,84,5.20000000e+02,1,-1000
228,1,85,7.42859985e+02,1,-1000
228,1,86,7.42859985e+02,1,-1000
228,1,87,5.00000000e+02,140,-1213
228,1,88,5.20000000e+02,1,-1000
228,1,89,7.42859985e+02,1,-1000
228,1,92,5.00000000e+02,1,112
228,1,93,2.50000000e+02,141,-1209
228,1,98,2.50000000e+02,141,-1300
228,1,99,5.20000000e+02,1,-1000
228,1,103,5.20000000e+02,140,-1000
228,1,104,5.20000000e+02,140,-1000
228,1,105,5.43478271e+03,141,-1208
228,1,106,5.20000000e+02,1,-1000
228,1,107,5.20000000e+02,1,-1000
228,1,108,5.20000000e+02,1,-1000
228,1,109,5.20000000e+02,1,-1000
228,1,110,2.30000000e+01,140,-1206
228,1,111,2.30000000e+01,140,-1211
228,1,112,5.00000000e+02,140,-1212
228,1,123,5.20000000e+02,1,-1000
228,1,130,0.00000000e+00,140,-1000
229,0,1,8.00000000e+00,1,-1000
229,0,2,2.50000000e+02,141,-1000
229,0,12,0.00000000e+00,140,-1000
229,0,13,0.00000000e+00,140,-1000
229,0,14,0.00000000e+00,140,-1000
229,0,15,0.00000000e+00,140,-1000
229,0,16,2.50000000e+02,141,-1000
229,0,32,7.42859985e+02,1,-1000
229,0,33,5.20000000e+02,1,-1000
229,0,72,2.50000000e+02,1,93
229,0,73,2.50000004e-02,1,-1302
229,0,83,5.20000000e+02,1,-1000
229,0,84,5.20000000e+02,1,-1000
229,0,85,7.42859985e+02,1,-1000
229,0,86,7.42859985e+02,1,-1000
229,0,87,5.00000031e+02,140,-1213
229,0,88,5.20000000e+02,1,-1000
229,0,89,7.42859985e+02,1,-1000
229,0,92,5.00000031e+02,1,112
229,0,93,2.50000000e+02,141,-1209
229,0,98,2.50000000e+02,141,-1300
229,0,99,5.20000000e+02,1,-1000
229,0,103,5.20000000e+02,140,-1000
229,0,104,5.20000000e+02,140,-1000
229,0,105,6.00456360e+02,141,-1208
229,0,106,5.20000000e+02,1,-1000
229,0,107,5.20000000e+02,1,-1000
229,0,108,5.20000000e+02,1,-1000
229,0,109,5.20000000e+02,1,-1000
229,0,110,2.08175003e+02,140,-1206
229,0,111,2.08175003e+02,140,-1211
229,0,112,5.00000031e+02,140,-1212
229,0,123,5.20000000e+02,1,-1000
229,0,130,0.00000000e+00,140,-1000
229,1,1,8.00000000e+00,1,-1000
229,1,2,2.50000000e+02,141,-1000
229,1,12,0.00000000e+00,140,-1000
229,1,13,0.00000000e+00,140,-1000
229,1,14,0.00000000e+00,140,-1000
229,1,15,0.00000000e+00,140,-1000
229,1,16,2.50000000e+02,141,-1000
229,1,32,7.42859985e+02,1,-1000
229,1,33,5.20000000e+02,1,-1000
229,1,72,2.50000000e+02,1,93
229,1,73,2.99999993e-02,1,-1302
229,1,83,5.20000000e+02,1,-1000
229,1,84,5.20000000e+02,1,-1000
229,1,85,7.42859985e+02,1,-1000
229,1,86,7.42859985e+02,1,-1000
229,1,87,5.00000031e+02,140,-1213
229,1,88,5.20000000e+02,1,-1000
229,1,89,7.42859985e+02,1,-1000
229,1,92,5.00000031e+02,1,112
229,1,93,2.50000000e+02,141,-1209
229,1,98,2.50000000e+02,141,-1300
229,1,99,5.20000000e+02,1,-1000
229,1,103,5.20000000e+02,140,-1000
229,1,104,5.20000000e+02,140,-1000
229,1,105,6.00456360e+02,141,-1208
229,1,106,5.20000000e+02,1,-1000
229,1,107,5.20000000e+02,1,-1000
229,1,108,5.20000000e+02,1,-1000
229,1,109,5.20000000e+02,1,-1000
229,1,110,2.08175003e+02,140,-1206
229,1,111,2.08175003e+02,140,-1211
229,1,112,5.00000031e+02,140,-1212
229,1,123,5.20000000e+02,1,-1000
229,1,130,0.00000000e+00,140,-1000
230,0,1,8.00000000e+00,1,-1000
230,0,2,2.50000000e+02,141,-1000
230,0,4,1.00000001e-01,1,-1302
230,0,5,2.00000000e+02,1,-1102
230,0,7,1.00000000e+00,1,-1300
230,0,8,2.98000000e+02,1,-1300
230,0,16,2.50000000e+02,141,-1000
230,0,26,5.07999992e+00,1,-1302
230,0,28,0.00000000e+00,21,-1
230,0,31,1.20091274e-01,1,-1302
230,0,32,7.42859985e+02,1,0
230,0,33,5.20000000e+02,1,0
230,0,40,0.00000000e+00,1,118
230,0,50,0.00000000e+00,21,-1
230,0,69,1.00000000e+02,1,-1302
230,0,72,2.50000000e+02,1,93
230,0,83,5.20000000e+02,1,0
230,0,84,5.20000000e+02,1,0
230,0,85,7.42859985e+02,1,0
230,0,86,7.42859985e+02,1,0
230,0,88,5.20000000e+02,1,0
230,0,89,7.42859985e+02,1,0
230,0,93,2.50000000e+02,141,-1209
230,0,98,2.50000000e+02,141,-1300
230,0,99,5.20000000e+02,1,0
230,0,105,6.00456360e+02,141,-1208
230,0,106,5.20000000e+02,1,0
230,0,107,5.20000000e+02,1,0
230,0,108,5.20000000e+02,1,0
230,0,109,5.20000000e+02,1,0
230,0,118,1.00000000e+00,143,-1000
230,0,119,1.00000000e+00,143,-1000
230,0,120,1.00000000e+00,143,-1000
230,0,123,5.20000000e+02,1,0
230,1,1,8.00000000e+00,1,-1000
230,1,2,2.50000000e+02,141,-1000
230,1,4,1.00000001e-01,1,-1302
230,1,5,2.00000000e+02,1,-1102
230,1,7,1.00000000e+00,1,-1300
230,1,8,2.98000000e+02,1,-1300
230,1,16,2.50000000e+02,141,-1000
230,1,26,5.07999992e+00,1,-1302
230,1,28,2.02682991e+01,21,-1
230,1,31,1.20091274e-01,1,-1302
230,1,32,7.42859985e+02,1,0
230,1,33,5.20000000e+02,1,0
230,1,40,0.00000000e+00,1,118
230,1,50,2.07283028e-05,21,-1
230,1,69,1.00000000e+02,1,-1302
230,1,72,2.50000000e+02,1,93
230,1,83,5.20000000e+02,1,0
230,1,84,5.20000000e+02,1,0
230,1,85,7.42859985e+02,1,0
230,1,86,7.42859985e+02,1,0
230,1,88,5.20000000e+02,1,0
230,1,89,7.42859985e+02,1,0
230,1,93,2.50000000e+02,141,-1209
230,1,98,2.50000000e+02,141,-1300
230,1,99,5.20000000e+02,1,0
230,1,105,6.00456360e+02,141,-1208
230,1,106,5.20000000e+02,1,0
230,1,107,5.20000000e+02,1,0
230,1,108,5.20000000e+02,1,0
230,1,109,5.20000000e+02,1,0
230,1,118,1.00000000e+00,143,-1000
230,1,119,1.00000000e+00,143,-1000
230,1,120,1.00000000e+00,143,-1000
230,1,123,5.20000000e+02,1,0
231,0,1,8.00000000e+00,1,-1000
231,0,2,2.50000000e+02,141,-1000
231,0,4,1.00000001e-01,1,-1302
231,0,5,2.00000000e+02,1,-1102
231,0,6,8.20500031e+01,20,-1300
231,0,8,2.98000000e+02,1,-1300
231,0,16,2.50000000e+02,141,-1000
231,0,19,5.50000000e+01,1,-1203
231,0,22,5.00000000e-01,1,-1300
231,0,23,2.00000000e+01,1,-1201
231,0,31,1.20091274e-01,1,-1302
231,0,32,7.42859985e+02,1,0
231,0,33,5.20000000e+02,1,0
231,0,40,0.00000000e+00,1,118
231,0,50,6.22434309e-04,21,-1
231,0,72,2.50000000e+02,1,93
231,0,83,5.20000000e+02,1,0
231,0,84,5.20000000e+02,1,0
231,0,85,7.42859985e+02,1,0
231,0,86,7.42859985e+02,1,0
231,0,88,5.20000000e+02,1,0
231,0,89,7.42859985e+02,1,0
231,0,93,2.50000000e+02,141,-1209
231,0,98,2.50000000e+02,141,-1300
231,0,99,5.20000000e+02,1,0
231,0,105,6.00456360e+02,141,-1208
231,0,106,5.20000000e+02,1,0
231,0,107,5.20000000e+02,1,0
231,0,108,5.20000000e+02,1,0
231,0,109,5.20000000e+02,1,0
231,0,118,1.00000000e+00,143,-1000
231,0,119,1.00000000e+00,143,-1000
231,0,120,1.00000000e+00,143,-1000
231,0,123,5.20000000e+02,1,0
231,1,1,8.00000000e+00,1,-1000
231,1,2,2.50000000e+02,141,-1000
231,1,4,1.00000001e-01,1,-1302
231,1,5,2.00000000e+02,1,-1102
231,1,6,8.20500031e+01,20,-1300
231,1,8,2.98000000e+02,1,-1300
231,1,16,2.50000000e+02,141,-1000
231,1,19,5.50000000e+01,1,-1203
231,1,22,1.00000000e+00,1,-1300
231,1,23,2.00000000e+01,1,-1201
231,1,31,1.20091274e-01,1,-1302
231,1,32,7.42859985e+02,1,0
231,1,33,5.20000000e+02,1,0
231,1,40,0.00000000e+00,1,118
231,1,50,1.24486862e-03,21,-1
231,1,72,2.50000000e+02,1,93
231,1,83,5.20000000e+02,1,0
231,1,84,5.20000000e+02,1,0
231,1,85,7.42859985e+02,1,0
231,1,86,7.42859985e+02,1,0
231,1,88,5.20000000e+02,1,0
231,1,89,7.42859985e+02,1,0
231,1,93,2.50000000e+02,141,-1209
231,1,98,2.50000000e+02,141,-1300
231,1,99,5.20000000e+02,1,0
231,1,105,6.00456360e+02,141,-1208
231,1,106,5.20000000e+02,1,0
231,1,107,5.20000000e+02,1,0
231,1,108,5.20000000e+02,1,0
231,1,109,5.20000000e+02,1,0
231,1,118,1.00000000e+00,143,-1000
231,1,119,1.00000000e+00,143,-1000
231,1,120,1.00000000e+00,143,-1000
231,1,123,5.20000000e+02,1,0
232,0,1,8.00000000e+00,1,-1000
232,0,2,2.50000000e+02,141,-1000
232,0,4,1.00000001e-01,1,-1302
232,0,5,2.00000000e+02,1,-1102
232,0,7,1.00000000e+00,1,-1300
232,0,8,2.98000000e+02,1,-1300
232,0,16,2.50000000e+02,141,-1000
232,0,26,2.50000000e+00,1,-1302
232,0,28,4.90873861e+00,21,-1
232,0,31,1.00000000e+00,1,-1302
232,0,32,7.42859985e+02,1,0
232,0,33,5.20000000e+02,1,0
232,0,40,0.00000000e+00,1,118
232,0,50,7.15612987e-06,21,-1
232,0,69,1.00000000e+02,1,-1302
232,0,72,2.50000000e+02,1,2
232,0,83,5.20000000e+02,1,0
232,0,84,5.20000000e+02,1,0
232,0,85,7.42859985e+02,1,0
232,0,86,7.42859985e+02,1,0
232,0,88,5.20000000e+02,1,0
232,0,89,7.42859985e+02,1,0
232,0,93,2.50000000e+02,141,-1209
232,0,98,2.50000000e+02,141,-1300
232,0,99,5.20000000e+02,1,0
232,0,105,0.00000000e+00,141,-1208
232,0,106,5.20000000e+02,1,0
232,0,107,5.20000000e+02,1,0
232,0,108,5.20000000e+02,1,0
232,0,109,5.20000000e+02,1,0
232,0,118,1.00000000e+00,143,-1000
232,0,119,1.00000000e+00,143,-1000
232,0,120,1.00000000e+00,143,-1000
232,0,123,5.20000000e+02,1,0
232,1,1,8.00000000e+00,1,-1000
232,1,2,2.50000000e+02,141,-1000
232,1,4,1.00000001e-01,1,-1302
232,1,5,2.00000000e+02,1,-1102
232,1,7,1.00000000e+00,1,-1300
232,1,8,2.98000000e+02,1,-1300
232,1,16,2.50000000e+02,141,-1000
232,1,26,1.00000000e+01,1,-1302
232,1,28,7.85398178e+01,21,-1
232,1,31,1.00000000e+00,1,-1302
232,1,32,7.42859985e+02,1,0
232,1,33,5.20000000e+02,1,0
232,1,40,0.00000000e+00,1,118
232,1,50,5.72490389e-05,21,-1
232,1,69,1.00000000e+02,1,-1302
232,1,72,2.50000000e+02,1,2
232,1,83,5.20000000e+02,1,0
232,1,84,5.20000000e+02,1,0
232,1,85,7.42859985e+02,1,0
232,1,86,7.42859985e+02,1,0
232,1,88,5.20000000e+02,1,0
232,1,89,7.42859985e+02,1,0
232,1,93,2.50000000e+02,141,-1209
232,1,98,2.50000000e+02,141,-1300
232,1,99,5.20000000e+02,1,0
232,1,105,0.00000000e+00,141,-1208
232,1,106,5.20000000e+02,1,0
232,1,107,5.20000000e+02,1,0
232,1,108,5.20000000e+02,1,0
232,1,109,5.20000000e+02,1,0
232,1,118,1.00000000e+00,143,-1000
232,1,119,1.00000000e+00,143,-1000
232,1,120,1.00000000e+00,143,-1000
232,1,123,5.20000000e+02,1,0
233,0,1,8.00000000e+00,1,-1000
233,0,2,2.50000000e+02,141,-1000
233,0,4,1.00000001e-01,1,-1302
233,0,5,2.00000000e+02,1,-1102
233,0,7,1.00000000e+00,1,-1300
233,0,8,2.98000000e+02,1,-1300
233,0,16,2.50000000e+02,141,-1000
233,0,26,2.50000000e+00,1,-1302
233,0,28,4.90873861e+00,21,-1
233,0,31,1.00000000e+00,1,-1302
233,0,32,7.42859985e+02,1,0
233,0,33,5.20000000e+02,1,0
233,0,40,0.00000000e+00,1,118
233,0,50,7.15612987e-06,21,-1
233,0,69,1.00000000e+02,1,-1302
233,0,72,2.50000000e+02,1,2
233,0,83,5.20000000e+02,1,0
233,0,84,5.20000000e+02,1,0
233,0,85,7.42859985e+02,1,0
233,0,86,7.42859985e+02,1,0
233,0,88,5.20000000e+02,1,0
233,0,89,7.42859985e+02,1,0
233,0,93,2.50000000e+02,141,-1209
233,0,98,2.50000000e+02,141,-1300
233,0,99,5.20000000e+02,1,0
233,0,105,0.00000000e+00,141,-1208
233,0,106,5.20000000e+02,1,0
233,0,107,5.20000000e+02,1,0
233,0,108,5.20000000e+02,1,0
233,0,109,5.20000000e+02,1,0
233,0,118,1.00000000e+00,143,-1000
233,0,119,1.00000000e+00,143,-1000
233,0,120,1.00000000e+00,143,-1000
233,0,123,5.20000000e+02,1,0
233,1,1,8.00000000e+00,1,-1000
233,1,2,2.50000000e+02,141,-1000
233,1,4,1.00000001e-01,1,-1302
233,1,5,2.00000000e+02,1,-1102
233,1,7,1.00000000e+00,1,-1300
233,1,8,2.98000000e+02,1,-1300
233,1,16,2.50000000e+02,141,-1000
233,1,26,1.00000000e+01,1,-1302
233,1,28,7.85398178e+01,21,-1
233,1,31,1.00000000e+00,1,-1302
233,1,32,7.42859985e+02,1,0
233,1,33,5.20000000e+02,1,0
233,1,40,0.00000000e+00,1,118
233,1,50,5.72490389e-05,21,-1
233,1,69,1.00000000e+02,1,-1302
233,1,72,2.50000000e+02,1,2
233,1,83,5.20000000e+02,1,0
233,1,84,5.20000000e+02,1,0
233,1,85,7.42859985e+02,1,0
233,1,86,7.42859985e+02,1,0
233,1,88,5.20000000e+02,1,0
233,1,89,7.42859985e+02,1,0
233,1,93,2.50000000e+02,141,-1209
233,1,98,2.50000000e+02,141,-1300
233,1,99,5.20000000e+02,1,0
233,1,105,0.00000000e+00,141,-1208
233,1,106,5.20000000e+02,1,0
233,1,107,5.20000000e+02,1,0
233,1,108,5.20000000e+02,1,0
233,1,109,5.20000000e+02,1,0
233,1,118,1.00000000e+00,143,-1000
233,1,119,1.00000000e+00,143,-1000
233,1,120,1.00000000e+00,143,-1000
233,1,123,5.20000000e+02,1,0
234,0,1,8.00000000e+00,1,-1000
234,0,2,2.50000000e+02,141,-1000
234,0,12,0.00000000e+00,140,-1000
234,0,13,0.00000000e+00,140,-1000
234,0,14,0.00000000e+00,140,-1000
234,0,15,0.00000000e+00,140,-1000
234,0,16,2.50000000e+02,141,-1000
234,0,32,7.42859985e+02,1,-1000
234,0,33,5.20000000e+02,1,-1000
234,0,72,2.50000000e+02,1,2
234,0,73,2.00000009e-03,1,-1302
234,0,83,5.20000000e+02,1,-1000
234,0,84,5.20000000e+02,1,-1000
234,0,85,7.42859985e+02,1,-1000
234,0,86,7.42859985e+02,1,-1000
234,0,87,0.00000000e+00,140,-1213
234,0,88,5.20000000e+02,1,-1000
234,0,89,7.42859985e+02,1,-1000
234,0,92,5.20000000e+02,1,107
234,0,93,2.50000000e+02,141,-1209
234,0,98,2.50000000e+02,141,-1300
234,0,99,5.20000000e+02,1,-1000
234,0,103,5.20000000e+02,140,-1000
234,0,104,5.20000000e+02,140,-1000
234,0,105,0.00000000e+00,141,-1208
234,0,106,5.20000000e+02,1,-1000
234,0,107,5.20000000e+02,1,-1000
234,0,108,5.20000000e+02,1,-1000
234,0,109,5.20000000e+02,1,-1000
234,0,110,0.00000000e+00,140,-1206
234,0,111,0.00000000e+00,140,-1211
234,0,112,0.00000000e+00,140,-1212
234,0,123,5.20000000e+02,1,-1000
234,0,130,0.00000000e+00,140,-1000
234,1,1,8.00000000e+00,1,-1000
234,1,2,2.50000000e+02,141,-1000
234,1,12,0.00000000e+00,140,-1000
234,1,13,0.00000000e+00,140,-1000
234,1,14,0.00000000e+00,140,-1000
234,1,15,0.00000000e+00,140,-1000
234,1,16,2.50000000e+02,141,-1000
234,1,32,7.42859985e+02,1,-1000
234,1,33,5.20000000e+02,1,-1000
234,1,72,2.50000000e+02,1,2
234,1,73,9.99999978e-03,1,-1302
234,1,83,5.20000000e+02,1,-1000
234,1,84,5.20000000e+02,1,-1000
234,1,85,7.42859985e+02,1,-1000
234,1,86,7.42859985e+02,1,-1000
234,1,87,0.00000000e+00,140,-1213
234,1,88,5.20000000e+02,1,-1000
234,1,89,7.42859985e+02,1,-1000
234,1,92,5.20000000e+02,1,107
234,1,93,2.50000000e+02,141,-1209
234,1,98,2.50000000e+02,141,-1300
234,1,99,5.20000000e+02,1,-1000
234,1,103,5.20000000e+02,140,-1000
234,1,104,5.20000000e+02,140,-1000
234,1,105,0.00000000e+00,141,-1208
234,1,106,5.20000000e+02,1,-1000
234,1,107,5.20000000e+02,1,-1000
234,1,108,5.20000000e+02,1,-1000
234,1,109,5.20000000e+02,1,-1000
234,1,110,0.00000000e+00,140,-1206
234,1,111,0.00000000e+00,140,-1211
234,1,112,0.00000000e+00,140,-1212
234,1,123,5.20000000e+02,1,-1000
234,1,130,0.00000000e+00,140,-1000
235,0,1,8.00000000e+00,1,-1000
235,0,2,2.50000000e+02,141,-1000
235,0,4,1.00000001e-01,1,-1302
235,0,5,2.00000000e+02,1,-1102
235,0,7,1.00000000e+00,1,-1300
235,0,8,2.98000000e+02,1,-1300
235,0,16,2.50000000e+02,141,-1000
235,0,26,9.20000000e+01,1,-1302
235,0,28,0.00000000e+00,21,-1
235,0,31,1.00000000e+00,1,-1302
235,0,32,7.42859985e+02,1,0
235,0,33,5.20000000e+02,1,0
235,0,40,0.00000000e+00,1,118
235,0,50,0.00000000e+00,21,-1
235,0,69,1.00000000e+02,1,-1302
235,0,72,2.50000000e+02,1,2
235,0,83,5.20000000e+02,1,0
235,0,84,5.20000000e+02,1,0
235,0,85,7.42859985e+02,1,0
235,0,86,7.42859985e+02,1,0
235,0,88,5.20000000e+02,1,0
235,0,89,7.42859985e+02,1,0
235,0,93,2.50000000e+02,141,-1209
235,0,98,2.50000000e+02,141,-1300
235,0,99,5.20000000e+02,1,0
235,0,105,0.00000000e+00,141,-1208
235,0,106,5.20000000e+02,1,0
235,0,107,5.20000000e+02,1,0
235,0,108,5.20000000e+02,1,0
235,0,109,5.20000000e+02,1,0
235,0,118,1.00000000e+00,143,-1000
235,0,119,1.00000000e+00,143,-1000
235,0,120,1.00000000e+00,143,-1000
235,0,123,5.20000000e+02,1,0
235,1,1,8.00000000e+00,1,-1000
235,1,2,2.50000000e+02,141,-1000
235,1,4,1.00000001e-01,1,-1302
235,1,5,2.00000000e+02,1,-1102
235,1,7,1.00000000e+00,1,-1300
235,1,8,2.98000000e+02,1,-1300
235,1,16,2.50000000e+02,141,-1000
235,1,26,9.20000000e+01,1,-1302
235,1,28,6.64760986e+03,21,-1
235,1,31,1.00000000e+00,1,-1302
235,1,32,7.42859985e+02,1,0
235,1,33,5.20000000e+02,1,0
235,1,40,0.00000000e+00,1,118
235,1,50,1.59753335e-03,21,-1
235,1,69,1.00000000e+02,1,-1302
235,1,72,2.50000000e+02,1,2
235,1,83,5.20000000e+02,1,0
235,1,84,5.20000000e+02,1,0
235,1,85,7.42859985e+02,1,0
235,1,86,7.42859985e+02,1,0
235,1,88,5.20000000e+02,1,0
235,1,89,7.42859985e+02,1,0
235,1,93,2.50000000e+02,141,-1209
235,1,98,2.50000000e+02,141,-1300
235,1,99,5.20000000e+02,1,0
235,1,105,0.00000000e+00,141,-1208
235,1,106,5.20000000e+02,1,0
235,1,107,5.20000000e+02,1,0
235,1,108,5.20000000e+02,1,0
235,1,109,5.20000000e+02,1,0
235,1,118,1.00000000e+00,143,-1000
235,1,119,1.00000000e+00,143,-1000
235,1,120,1.00000000e+00,143,-1000
235,1,123,5.20000000e+02,1,0
236,0,1,8.00000000e+00,1,-1000
236,0,2,2.50000000e+02,141,-1000
236,0,4,1.00000001e-01,1,-1302
236,0,5,2.00000000e+02,1,-1102
236,0,7,1.00000000e+00,1,-1300
236,0,8,2.98000000e+02,1,-1300
236,0,16,2.50000000e+02,141,-1000
236,0,26,0.00000000e+00,1,-1302
236,0,28,0.00000000e+00,21,-1
236,0,31,2.40000000e+01,1,-1302
236,0,32,7.42859985e+02,1,0
236,0,33,5.20000000e+02,1,0
236,0,40,1.00000000e+00,1,118
236,0,50,0.00000000e+00,21,-1
236,0,69,1.00000000e+02,1,-1302
236,0,72,2.50000000e+02,1,2
236,0,83,5.20000000e+02,1,0
236,0,84,5.20000000e+02,1,0
236,0,85,7.42859985e+02,1,0
236,0,86,7.42859985e+02,1,0
236,0,88,5.20000000e+02,1,0
236,0,89,7.42859985e+02,1,0
236,0,93,2.50000000e+02,141,-1209
236,0,98,2.50000000e+02,141,-1300
236,0,99,5.20000000e+02,1,0
236,0,105,0.00000000e+00,141,-1208
236,0,106,5.20000000e+02,1,0
236,0,107,5.20000000e+02,1,0
236,0,108,5.20000000e+02,1,0
236,0,109,5.20000000e+02,1,0
236,0,118,1.00000000e+00,143,-1000
236,0,119,1.00000000e+00,143,-1000
236,0,120,1.00000000e+00,143,-1000
236,0,123,5.20000000e+02,1,0
236,1,1,8.00000000e+00,1,-1000
236,1,2,2.50000000e+02,141,-1000
236,1,4,1.00000001e-01,1,-1302
236,1,5,2.00000000e+02,1,-1102
236,1,7,1.00000000e+00,1,-1300
236,1,8,2.98000000e+02,1,-1300
236,1,16,2.50000000e+02,141,-1000
236,1,26,1.50000000e+01,1,-1302
236,1,28,1.76714584e+02,21,-1
236,1,31,2.40000000e+01,1,-1302
236,1,32,7.42859985e+02,1,0
236,1,33,5.20000000e+02,1,0
236,1,40,1.00000000e+00,1,118
236,1,50,1.05173203e-04,21,-1
236,1,69,1.00000000e+02,1,-1302
236,1,72,2.50000000e+02,1,2
236,1,83,5.20000000e+02,1,0
236,1,84,5.20000000e+02,1,0
236,1,85,7.42859985e+02,1,0
236,1,86,7.42859985e+02,1,0
236,1,88,5.20000000e+02,1,0
236,1,89,7.42859985e+02,1,0
236,1,93,2.50000000e+02,141,-1209
236,1,98,2.50000000e+02,141,-1300
236,1,99,5.20000000e+02,1,0
236,1,105,0.00000000e+00,141,-1208
236,1,106,5.20000000e+02,1,0
236,1,107,5.20000000e+02,1,0
282,0,104,3.99699998e+00,140,-1000
282,0,105,0.00000000e+00,141,-1208
282,0,106,3.99699998e+00,1,-1000
282,0,107,3.99699998e+00,1,-1000
282,0,108,3.99699998e+00,1,-1000
282,0,109,3.99699998e+00,1,-1000
282,0,110,0.00000000e+00,140,-1206
282,0,111,0.00000000e+00,140,-1211
282,0,112,0.00000000e+00,140,-1212
282,0,117,0.00000000e+00,3,999
282,0,123,3.99699998e+00,1,-1000
282,0,130,0.00000000e+00,140,-1000
282,1,1,1.00000000e+00,1,-1000
282,1,2,2.47000000e+02,141,-1000
282,1,12,0.00000000e+00,140,-1000
282,1,13,0.00000000e+00,140,-1000
282,1,14,0.00000000e+00,140,-1000
282,1,15,0.00000000e+00,140,-1000
282,1,16,2.47000000e+02,141,-1000
282,1,32,1.14199997e+02,1,-1000
282,1,33,3.99699998e+00,1,-1000
282,1,72,2.47000000e+02,1,2
282,1,83,1.14200001e+01,1,-1000
282,1,84,1.14200001e+01,1,-1000
282,1,85,1.14199997e+02,1,-1000
282,1,86,1.14199997e+02,1,-1000
282,1,87,0.00000000e+00,140,-1213
282,1,88,1.14200001e+01,1,-1000
282,1,89,1.14199997e+02,1,-1000
282,1,92,3.99699998e+00,1,107
282,1,93,2.47000000e+02,141,-1209
282,1,98,2.50000000e+02,141,-1300
282,1,99,1.14200001e+01,1,-1000
282,1,103,3.99699998e+00,140,-1000
282,1,104,3.99699998e+00,140,-1000
282,1,105,0.00000000e+00,141,-1208
282,1,106,3.99699998e+00,1,-1000
282,1,107,3.99699998e+00,1,-1000
282,1,108,3.99699998e+00,1,-1000
282,1,109,3.99699998e+00,1,-1000
282,1,110,0.00000000e+00,140,-1206
282,1,111,0.00000000e+00,140,-1211
282,1,112,0.00000000e+00,140,-1212
282,1,117,3.49200010e-01,3,999
282,1,123,3.99699998e+00,1,-1000
282,1,130,0.00000000e+00,140,-1000
283,0,1,1.00000000e+00,1,-1000
283,0,2,2.47000000e+02,141,-1000
283,0,12,0.00000000e+00,140,-1000
283,0,13,0.00000000e+00,140,-1000
283,0,14,0.00000000e+00,140,-1000
283,0,15,0.00000000e+00,140,-1000
283,0,16,2.47000000e+02,141,-1000
283,0,32,1.14199997e+02,1,-1000
283,0,33,3.99699998e+00,1,-1000
283,0,72,2.47000000e+02,1,2
283,0,83,1.14200001e+01,1,-1000
283,0,84,1.14200001e+01,1,-1000
283,0,85,1.14199997e+02,1,-1000
283,0,86,1.14199997e+02,1,-1000
283,0,87,0.00000000e+00,140,-1213
283,0,88,1.14200001e+01,1,-1000
283,0,89,1.14199997e+02,1,-1000
283,0,92,3.99699998e+00,1,107
283,0,93,2.47000000e+02,141,-1209
283,0,98,2.50000000e+02,141,-1300
283,0,99,1.14200001e+01,1,-1000
283,0,103,3.99699998e+00,140,-1000
283,0,104,3.99699998e+00,140,-1000
283,0,105,0.00000000e+00,141,-1208
283,0,106,3.99699998e+00,1,-1000
283,0,107,3.99699998e+00,1,-1000
283,0,108,3.99699998e+00,1,-1000
283,0,109,3.99699998e+00,1,-1000
283,0,110,0.00000000e+00,140,-1206
283,0,111,0.00000000e+00,140,-1211
283,0,112,0.00000000e+00,140,-1212
283,0,117,0.00000000e+00,3,999
283,0,123,3.99699998e+00,1,-1000
283,0,130,0.00000000e+00,140,-1000
283,1,1,1.00000000e+00,1,-1000
283,1,2,2.47000000e+02,141,-1000
283,1,12,0.00000000e+00,140,-1000
283,1,13,0.00000000e+00,140,-1000
283,1,14,0.00000000e+00,140,-1000
283,1,15,0.00000000e+00,140,-1000
283,1,16,2.47000000e+02,141,-1000
283,1,32,1.14199997e+02,1,-1000
283,1,33,3.99699998e+00,1,-1000
283,1,72,2.47000000e+02,1,2
283,1,83,1.14200001e+01,1,-1000
283,1,84,1.14200001e+01,1,-1000
283,1,85,1.14199997e+02,1,-1000
283,1,86,1.14199997e+02,1,-1000
283,1,87,0.00000000e+00,140,-1213
283,1,88,1.14200001e+01,1,-1000
283,1,89,1.14199997e+02,1,-1000
283,1,92,3.99699998e+00,1,107
283,1,93,2.47000000e+02,141,-1209
283,1,98,2.50000000e+02,141,-1300
283,1,99,1.14200001e+01,1,-1000
283,1,103,3.99699998e+00,140,-1000
283,1,104,3.99699998e+00,140,-1000
283,1,105,0.00000000e+00,141,-1208
283,1,106,3.99699998e+00,1,-1000
283,1,107,3.99699998e+00,1,-1000
283,1,108,3.99699998e+00,1,-1000
283,1,109,3.99699998e+00,1,-1000
283,1,110,0.00000000e+00,140,-1206
283,1,111,0.00000000e+00,140,-1211
283,1,112,0.00000000e+00,140,-1212
283,1,117,5.14100015e-01,3,999
283,1,123,3.99699998e+00,1,-1000
283,1,130,0.00000000e+00,140,-1000
284,0,1,2.00000000e+00,1,-1000
284,0,2,3.60000000e+02,141,-1000
284,0,12,0.00000000e+00,1,-1000
284,0,13,0.00000000e+00,140,-1000
284,0,14,3.60000000e+01,1,-1000
284,0,15,1.43999996e+01,140,-1000
284,0,16,3.60000000e+02,141,-1000
284,0,32,0.00000000e+00,140,-1000
284,0,33,1.43999996e+01,140,-1000
284,0,72,3.60000000e+02,1,93
284,0,73,3.00000003e-03,1,-1302
284,0,83,3.60000000e+01,140,-1000
284,0,84,3.60000000e+01,140,-1000
284,0,85,0.00000000e+00,140,-1000
284,0,86,0.00000000e+00,140,-1000
284,0,87,3.47222214e+01,140,-1213
284,0,88,3.60000000e+01,140,-1000
284,0,89,0.00000000e+00,140,-1000
284,0,92,1.38888893e+01,1,112
284,0,93,3.60000000e+02,141,-1209
284,0,98,2.50000000e+02,141,-1300
284,0,99,3.60000000e+01,140,-1000
284,0,103,1.43999996e+01,140,-1000
284,0,104,0.00000000e+00,140,-1000
284,0,105,3.30250977e+03,141,-1208
284,0,106,0.00000000e+00,140,-1000
284,0,107,1.43999996e+01,140,-1000
284,0,108,0.00000000e+00,140,-1000
284,0,109,1.43999996e+01,140,-1000
284,0,110,3.78500009e+00,140,-1206
284,0,111,1.51400006e+00,140,-1211
284,0,112,1.38888893e+01,140,-1212
284,0,123,0.00000000e+00,140,-1000
284,0,130,0.00000000e+00,140,-1000
284,1,1,2.00000000e+00,1,-1000
284,1,2,3.60000000e+02,141,-1000
284,1,12,0.00000000e+00,1,-1000
284,1,13,0.00000000e+00,140,-1000
284,1,14,3.60000000e+01,1,-1000
284,1,15,1.43999996e+01,140,-1000
284,1,16,3.60000000e+02,141,-1000
284,1,32,0.00000000e+00,140,-1000
284,1,33,1.43999996e+01,140,-1000
284,1,72,3.60000000e+02,1,93
284,1,73,6.00000005e-03,1,-1302
284,1,83,3.60000000e+01,140,-1000
284,1,84,3.60000000e+01,140,-1000
284,1,85,0.00000000e+00,140,-1000
284,1,86,0.00000000e+00,140,-1000
284,1,87,3.47222214e+01,140,-1213
284,1,88,3.60000000e+01,140,-1000
284,1,89,0.00000000e+00,140,-1000
284,1,92,1.38888893e+01,1,112
284,1,93,3.60000000e+02,141,-1209
284,1,98,2.50000000e+02,141,-1300
284,1,99,3.60000000e+01,140,-1000
284,1,103,1.43999996e+01,140,-1000
284,1,104,0.00000000e+00,140,-1000
284,1,105,3.30250977e+03,141,-1208
284,1,106,0.00000000e+00,140,-1000
284,1,107,1.43999996e+01,140,-1000
284,1,108,0.00000000e+00,140,-1000
284,1,109,1.43999996e+01,140,-1000
284,1,110,3.78500009e+00,140,-1206
284,1,111,1.51400006e+00,140,-1211
284,1,112,1.38888893e+01,140,-1212
284,1,123,0.00000000e+00,140,-1000
284,1,130,0.00000000e+00,140,-1000
285,0,1,2.00000000e+00,1,-1000
285,0,2,3.60000000e+02,141,-1000
285,0,12,0.00000000e+00,140,-1000
285,0,13,0.00000000e+00,140,-1000
285,0,14,3.60000000e+01,140,-1000
285,0,15,1.43999996e+01,140,-1000
285,0,16,3.60000000e+02,141,-1000
285,0,32,0.00000000e+00,140,-1000
285,0,33,1.43999996e+01,140,-1000
285,0,72,3.60000000e+02,1,2
285,0,83,3.60000000e+01,140,-1000
285,0,84,3.60000000e+01,140,-1000
285,0,85,0.00000000e+00,140,-1000
285,0,86,0.00000000e+00,140,-1000
285,0,87,0.00000000e+00,140,-1213
285,0,88,3.60000000e+01,140,-1000
285,0,89,0.00000000e+00,140,-1000
285,0,92,1.43999996e+01,1,15
285,0,93,3.60000000e+02,141,-1209
285,0,98,2.50000000e+02,141,-1300
285,0,99,3.60000000e+01,140,-1000
285,0,103,1.43999996e+01,140,-1000
285,0,104,0.00000000e+00,140,-1000
285,0,105,0.00000000e+00,141,-1208
285,0,106,0.00000000e+00,140,-1000
285,0,107,1.43999996e+01,140,-1000
285,0,108,0.00000000e+00,140,-1000
285,0,109,1.43999996e+01,140,-1000
285,0,110,0.00000000e+00,140,-1206
285,0,111,0.00000000e+00,140,-1211
285,0,112,0.00000000e+00,140,-1212
285,0,117,0.00000000e+00,3,999
285,0,123,0.00000000e+00,140,-1000
285,0,130,0.00000000e+00,140,-1000
285,1,1,2.00000000e+00,1,-1000
285,1,2,3.60000000e+02,141,-1000
285,1,12,0.00000000e+00,140,-1000
285,1,13,0.00000000e+00,140,-1000
285,1,14,3.60000000e+01,140,-1000
285,1,15,1.43999996e+01,140,-1000
285,1,16,3.60000000e+02,141,-1000
285,1,32,0.00000000e+00,140,-1000
285,1,33,1.43999996e+01,140,-1000
285,1,72,3.60000000e+02,1,2
285,1,83,3.60000000e+01,140,-1000
285,1,84,3.60000000e+01,140,-1000
285,1,85,0.00000000e+00,140,-1000
285,1,86,0.00000000e+00,140,-1000
285,1,87,0.00000000e+00,140,-1213
285,1,88,3.60000000e+01,140,-1000
285,1,89,0.00000000e+00,140,-1000
285,1,92,1.43999996e+01,1,15
285,1,93,3.60000000e+02,141,-1209
285,1,98,2.50000000e+02,141,-1300
285,1,99,3.60000000e+01,140,-1000
285,1,103,1.43999996e+01,140,-1000
285,1,104,0.00000000e+00,140,-1000
285,1,105,0.00000000e+00,141,-1208
285,1,106,0.00000000e+00,140,-1000
285,1,107,1.43999996e+01,140,-1000
285,1,108,0.00000000e+00,140,-1000
285,1,109,1.43999996e+01,140,-1000
285,1,110,0.00000000e+00,140,-1206
285,1,111,0.00000000e+00,140,-1211
285,1,112,0.00000000e+00,140,-1212
285,1,117,9.94000025e-03,3,999
285,1,123,0.00000000e+00,140,-1000
285,1,130,0.00000000e+00,140,-1000
286,0,1,2.00000000e+00,1,-1000
286,0,2,3.60000000e+02,141,-1000
286,0,12,0.00000000e+00,1,-1000
286,0,13,0.00000000e+00,140,-1000
286,0,14,3.60000000e+01,1,-1000
286,0,15,1.43999996e+01,140,-1000
286,0,16,3.60000000e+02,141,-1000
286,0,32,0.00000000e+00,140,-1000
286,0,33,1.43999996e+01,140,-1000
286,0,72,3.60000000e+02,1,2
286,0,83,3.60000000e+01,140,-1000
286,0,84,3.60000000e+01,140,-1000
286,0,85,0.00000000e+00,140,-1000
286,0,86,0.00000000e+00,140,-1000
286,0,87,0.00000000e+00,140,-1213
286,0,88,3.60000000e+01,140,-1000
286,0,89,0.00000000e+00,140,-1000
286,0,92,1.43999996e+01,1,15
286,0,93,3.60000000e+02,141,-1209
286,0,98,2.50000000e+02,141,-1300
286,0,99,3.60000000e+01,140,-1000
286,0,103,1.43999996e+01,140,-1000
286,0,104,0.00000000e+00,140,-1000
286,0,105,0.00000000e+00,141,-1208
286,0,106,0.00000000e+00,140,-1000
286,0,107,1.43999996e+01,140,-1000
286,0,108,0.00000000e+00,140,-1000
286,0,109,1.43999996e+01,140,-1000
286,0,110,0.00000000e+00,140,-1206
286,0,111,0.00000000e+00,140,-1211
286,0,112,0.00000000e+00,140,-1212
286,0,117,0.00000000e+00,3,999
286,0,123,0.00000000e+00,140,-1000
286,0,130,0.00000000e+00,140,-1000
286,1,1,2.00000000e+00,1,-1000
286,1,2,3.60000000e+02,141,-1000
286,1,12,0.00000000e+00,1,-1000
286,1,13,0.00000000e+00,140,-1000
286,1,14,3.60000000e+01,1,-1000
286,1,15,1.43999996e+01,140,-1000
286,1,16,3.60000000e+02,141,-1000
286,1,32,0.00000000e+00,140,-1000
286,1,33,1.43999996e+01,140,-1000
286,1,72,3.60000000e+02,1,2
286,1,83,3.60000000e+01,140,-1000
286,1,84,3.60000000e+01,140,-1000
286,1,85,0.00000000e+00,140,-1000
286,1,86,0.00000000e+00,140,-1000
286,1,87,0.00000000e+00,140,-1213
286,1,88,3.60000000e+01,140,-1000
286,1,89,0.00000000e+00,140,-1000
286,1,92,1.43999996e+01,1,15
286,1,93,3.60000000e+02,141,-1209
286,1,98,2.50000000e+02,141,-1300
286,1,99,3.60000000e+01,140,-1000
286,1,103,1.43999996e+01,140,-1000
286,1,104,0.00000000e+00,140,-1000
286,1,105,0.00000000e+00,141,-1208
286,1,106,0.00000000e+00,140,-1000
286,1,107,1.43999996e+01,140,-1000
286,1,108,0.00000000e+00,140,-1000
286,1,109,1.43999996e+01,140,-1000
286,1,110,0.00000000e+00,140,-1206
286,1,111,0.00000000e+00,140,-1211
286,1,112,0.00000000e+00,140,-1212
286,1,117,9.15000021e-01,3,999
286,1,123,0.00000000e+00,140,-1000
286,1,130,0.00000000e+00,140,-1000
287,0,1,2.00000000e+00,1,-1000
287,0,2,3.60000000e+02,141,-1000
287,0,12,0.00000000e+00,1,-1000
287,0,13,0.00000000e+00,140,-1000
287,0,14,3.60000000e+01,1,-1000
287,0,15,1.43999996e+01,140,-1000
287,0,16,3.60000000e+02,141,-1000
287,0,32,0.00000000e+00,140,-1000
287,0,33,1.43999996e+01,140,-1000
287,0,72,3.60000000e+02,1,2
287,0,83,3.60000000e+01,140,-1000
287,0,84,3.60000000e+01,140,-1000
287,0,85,0.00000000e+00,140,-1000
287,0,86,0.00000000e+00,140,-1000
287,0,87,0.00000000e+00,140,-1213
287,0,88,3.60000000e+01,140,-1000
287,0,89,0.00000000e+00,140,-1000
287,0,92,1.43999996e+01,1,15
287,0,93,3.60000000e+02,141,-1209
287,0,98,2.50000000e+02,141,-1300
287,0,99,3.60000000e+01,140,-1000
287,0,103,1.43999996e+01,140,-1000
287,0,104,0.00000000e+00,140,-1000
287,0,105,0.00000000e+00,141,-1208
287,0,106,0.00000000e+00,140,-1000
287,0,107,1.43999996e+01,140,-1000
287,0,108,0.00000000e+00,140,-1000
287,0,109,1.43999996e+01,140,-1000
287,0,110,0.00000000e+00,140,-1206
287,0,111,0.00000000e+00,140,-1211
287,0,112,0.00000000e+00,140,-1212
287,0,117,0.00000000e+00,3,999
287,0,123,0.00000000e+00,140,-1000
287,0,130,0.00000000e+00,140,-1000
287,1,1,2.00000000e+00,1,-1000
287,1,2,3.60000000e+02,141,-1000
287,1,12,0.00000000e+00,1,-1000
287,1,13,0.00000000e+00,140,-1000
287,1,14,3.60000000e+01,1,-1000
287,1,15,1.43999996e+01,140,-1000
287,1,16,3.60000000e+02,141,-1000
287,1,32,0.00000000e+00,140,-1000
287,1,33,1.43999996e+01,140,-1000
287,1,72,3.60000000e+02,1,2
287,1,83,3.60000000e+01,140,-1000
287,1,84,3.60000000e+01,140,-1000
287,1,85,0.00000000e+00,140,-1000
287,1,86,0.00000000e+00,140,-1000
287,1,87,0.00000000e+00,140,-1213
287,1,88,3.60000000e+01,140,-1000
287,1,89,0.00000000e+00,140,-1000
287,1,92,1.43999996e+01,1,15
287,1,93,3.60000000e+02,141,-1209
287,1,98,2.50000000e+02,141,-1300
287,1,99,3.60000000e+01,140,-1000
287,1,103,1.43999996e+01,140,-1000
287,1,104,0.00000000e+00,140,-1000
287,1,105,0.00000000e+00,141,-1208
287,1,106,0.00000000e+00,140,-1000
287,1,107,1.43999996e+01,140,-1000
287,1,108,0.00000000e+00,140,-1000
287,1,109,1.43999996e+01,140,-1000
287,1,110,0.00000000e+00,140,-1206
287,1,111,0.00000000e+00,140,-1211
287,1,112,0.00000000e+00,140,-1212
287,1,117,3.44000012e-02,3,999
287,1,123,0.00000000e+00,140,-1000
287,1,130,0.00000000e+00,140,-1000
288,0,1,2.00000000e+00,1,-1000
288,0,2,3.60000000e+02,141,-1000
288,0,12,0.00000000e+00,1,-1000
288,0,13,0.00000000e+00,140,-1000
288,0,14,3.60000000e+01,1,-1000
288,0,15,1.43999996e+01,140,-1000
288,0,16,3.60000000e+02,141,-1000
288,0,32,0.00000000e+00,140,-1000
288,0,33,1.43999996e+01,140,-1000
288,0,72,3.60000000e+02,1,2
288,0,83,3.60000000e+01,140,-1000
288,0,84,3.60000000e+01,140,-1000
288,0,85,0.00000000e+00,140,-1000
288,0,86,0.00000000e+00,140,-1000
288,0,87,0.00000000e+00,140,-1213
288,0,88,3.60000000e+01,140,-1000
288,0,89,0.00000000e+00,140,-1000
288,0,92,1.43999996e+01,1,15
288,0,93,3.60000000e+02,141,-1209
288,0,98,2.50000000e+02,141,-1300
288,0,99,3.60000000e+01,140,-1000
288,0,103,1.43999996e+01,140,-1000
288,0,104,0.00000000e+00,140,-1000
288,0,105,0.00000000e+00,141,-1208
288,0,106,0.00000000e+00,140,-1000
288,0,107,1.43999996e+01,140,-1000
288,0,108,0.00000000e+00,140,-1000
288,0,109,1.43999996e+01,140,-1000
288,0,110,0.00000000e+00,140,-1206
288,0,111,0.00000000e+00,140,-1211
288,0,112,0.00000000e+00,140,-1212
288,0,117,0.00000000e+00,3,999
288,0,123,0.00000000e+00,140,-1000
288,0,130,0.00000000e+00,140,-1000
288,1,1,2.00000000e+00,1,-1000
288,1,2,3.60000000e+02,141,-1000
288,1,12,0.00000000e+00,1,-1000
288,1,13,0.00000000e+00,140,-1000
288,1,14,3.60000000e+01,1,-1000
288,1,15,1.43999996e+01,140,-1000
288,1,16,3.60000000e+02,141,-1000
288,1,32,0.00000000e+00,140,-1000
288,1,33,1.43999996e+01,140,-1000
288,1,72,3.60000000e+02,1,2
288,1,83,3.60000000e+01,140,-1000
288,1,84,3.60000000e+01,140,-1000
288,1,85,0.00000000e+00,140,-1000
288,1,86,0.00000000e+00,140,-1000
288,1,87,0.00000000e+00,140,-1213
288,1,88,3.60000000e+01,140,-1000
288,1,89,0.00000000e+00,140,-1000
288,1,92,1.43999996e+01,1,15
288,1,93,3.60000000e+02,141,-1209
288,1,98,2.50000000e+02,141,-1300
288,1,99,3.60000000e+01,140,-1000
288,1,103,1.43999996e+01,140,-1000
288,1,104,0.00000000e+00,140,-1000
288,1,105,0.00000000e+00,141,-1208
288,1,106,0.00000000e+00,140,-1000
288,1,107,1.43999996e+01,140,-1000
288,1,108,0.00000000e+00,140,-1000
288,1,109,1.43999996e+01,140,-1000
288,1,110,0.00000000e+00,140,-1206
288,1,111,0.00000000e+00,140,-1211
288,1,112,0.00000000e+00,140,-1212
288,1,117,3.44000012e-02,3,999
288,1,123,0.00000000e+00,140,-1000
288,1,130,0.00000000e+00,140,-1000
289,0,1,9.90000000e+01,1,-1000
289,0,2,1.48000000e+02,141,-1000
289,0,12,0.00000000e+00,140,-1000
289,0,13,0.00000000e+00,140,-1000
289,0,14,0.00000000e+00,140,-1000
289,0,15,0.00000000e+00,140,-1000
289,0,16,1.48000000e+02,141,-1000
289,0,32,1.13750000e+03,1,-1000
289,0,33,6.82500000e+01,1,-1000
289,0,72,1.48000000e+02,1,2
289,0,83,2.73000000e+02,1,-1000
289,0,84,2.73000000e+02,1,-1000
289,0,85,1.13750000e+03,1,-1000
289,0,86,1.13750000e+03,1,-1000
289,0,87,0.00000000e+00,140,-1213
289,0,88,2.73000000e+02,1,-1000
289,0,89,1.13750000e+03,1,-1000
289,0,92,6.82500000e+01,1,107
289,0,93,1.48000000e+02,141,-1209
289,0,98,2.50000000e+02,141,-1300
289,0,99,2.73000000e+02,1,-1000
289,0,103,6.82500000e+01,140,-1000
289,0,104,6.82500000e+01,140,-1000
289,0,105,0.00000000e+00,141,-1208
289,0,106,6.82500000e+01,1,-1000
289,0,107,6.82500000e+01,1,-1000
289,0,108,6.82500000e+01,1,-1000
289,0,109,6.82500000e+01,1,-1000
289,0,110,0.00000000e+00,140,-1206
289,0,111,0.00000000e+00,140,-1211
289,0,112,0.00000000e+00,140,-1212
289,0,117,0.00000000e+00,3,999
289,0,123,6.82500000e+01,1,-1000
289,0,130,0.00000000e+00,140,-1000
289,1,1,9.90000000e+01,1,-1000
289,1,2,1.48000000e+02,141,-1000
289,1,12,0.00000000e+00,140,-1000
289,1,13,0.00000000e+00,140,-1000
289,1,14,0.00000000e+00,140,-1000
289,1,15,0.00000000e+00,140,-1000
289,1,16,1.48000000e+02,141,-1000
289,1,32,1.13750000e+03,1,-1000
289,1,33,6.82500000e+01,1,-1000
289,1,72,1.48000000e+02,1,2
289,1,83,2.73000000e+02,1,-1000
289,1,84,2.73000000e+02,1,-1000
289,1,85,1.13750000e+03,1,-1000
289,1,86,1.13750000e+03,1,-1000
289,1,87,0.00000000e+00,140,-1213
289,1,88,2.73000000e+02,1,-1000
289,1,89,1.13750000e+03,1,-1000
289,1,92,6.82500000e+01,1,107
289,1,93,1.48000000e+02,141,-1209
289,1,98,2.50000000e+02,141,-1300
289,1,99,2.73000000e+02,1,-1000
289,1,103,6.82500000e+01,140,-1000
289,1,104,6.82500000e+01,140,-1000
289,1,105,0.00000000e+00,141,-1208
289,1,106,6.82500000e+01,1,-1000
289,1,107,6.82500000e+01,1,-1000
289,1,108,6.82500000e+01,1,-1000
289,1,109,6.82500000e+01,1,-1000
289,1,110,0.00000000e+00,140,-1206
289,1,111,0.00000000e+00,140,-1211
289,1,112,0.00000000e+00,140,-1212
289,1,117,3.00000012e-01,3,999
289,1,123,6.82500000e+01,1,-1000
289,1,130,0.00000000e+00,140,-1000
290,0,1,9.90000000e+01,1,-1000
290,0,2,1.48000000e+02,141,-1000
290,0,12,0.00000000e+00,140,-1000
290,0,13,0.00000000e+00,140,-1000
290,0,14,0.00000000e+00,140,-1000
290,0,15,0.00000000e+00,140,-1000
290,0,16,1.48000000e+02,141,-1000
290,0,32,1.13750000e+03,1,-1000
290,0,33,6.82500000e+01,1,-1000
290,0,72,1.48000000e+02,1,2
290,0,73,2.00000009e-03,1,-1302
290,0,83,2.73000000e+02,1,-1000
290,0,84,2.73000000e+02,1,-1000
290,0,85,1.13750000e+03,1,-1000
290,0,86,1.13750000e+03,1,-1000
290,0,87,0.00000000e+00,140,-1213
290,0,88,2.73000000e+02,1,-1000
290,0,89,1.13750000e+03,1,-1000
290,0,92,6.82500000e+01,1,107
290,0,93,1.48000000e+02,141,-1209
290,0,98,2.50000000e+02,141,-1300
290,0,99,2.73000000e+02,1,-1000
290,0,103,6.82500000e+01,140,-1000
290,0,104,6.82500000e+01,140,-1000
290,0,105,0.00000000e+00,141,-1208
290,0,106,6.82500000e+01,1,-1000
290,0,107,6.82500000e+01,1,-1000
290,0,108,6.82500000e+01,1,-1000
290,0,109,6.82500000e+01,1,-1000
290,0,110,0.00000000e+00,140,-1206
290,0,111,0.00000000e+00,140,-1211
290,0,112,0.00000000e+00,140,-1212
290,0,123,6.82500000e+01,1,-1000
290,0,130,0.00000000e+00,140,-1000
290,1,1,9.90000000e+01,1,-1000
290,1,2,1.48000000e+02,141,-1000
290,1,12,0.00000000e+00,140,-1000
290,1,13,0.00000000e+00,140,-1000
290,1,14,0.00000000e+00,140,-1000
290,1,15,0.00000000e+00,140,-1000
290,1,16,1.48000000e+02,141,-1000
290,1,32,1.13750000e+03,1,-1000
290,1,33,6.82500000e+01,1,-1000
290,1,72,1.48000000e+02,1,2
290,1,73,9.99999978e-03,1,-1302
290,1,83,2.73000000e+02,1,-1000
290,1,84,2.73000000e+02,1,-1000
290,1,85,1.13750000e+03,1,-1000
290,1,86,1.13750000e+03,1,-1000
290,1,87,0.00000000e+00,140,-1213
290,1,88,2.73000000e+02,1,-1000
290,1,89,1.13750000e+03,1,-1000
290,1,92,6.82500000e+01,1,107
290,1,93,1.48000000e+02,141,-1209
290,1,98,2.50000000e+02,141,-1300
290,1,99,2.73000000e+02,1,-1000
290,1,103,6.82500000e+01,140,-1000
290,1,104,6.82500000e+01,140,-1000
290,1,105,0.00000000e+00,141,-1208
290,1,106,6.82500000e+01,1,-1000
290,1,107,6.82500000e+01,1,-1000
290,1,108,6.82500000e+01,1,-1000
290,1,109,6.82500000e+01,1,-1000
290,1,110,0.00000000e+00,140,-1206
290,1,111,0.00000000e+00,140,-1211
290,1,112,0.00000000e+00,140,-1212
290,1,123,6.82500000e+01,1,-1000
290,1,130,0.00000000e+00,140,-1000
291,0,1,9.90000000e+01,1,-1000
291,0,2,1.48000000e+02,141,-1000
291,0,12,0.00000000e+00,140,-1000
291,0,13,0.00000000e+00,140,-1000
291,0,14,0.00000000e+00,140,-1000
291,0,15,0.00000000e+00,140,-1000
291,0,16,1.48000000e+02,141,-1000
291,0,32,1.13750000e+03,1,-1000
291,0,33,6.82500000e+01,1,-1000
291,0,72,1.48000000e+02,1,93
291,0,73,2.50000004e-02,1,-1302
291,0,83,2.73000000e+02,1,-1000
291,0,84,2.73000000e+02,1,-1000
291,0,85,1.13750000e+03,1,-1000
291,0,86,1.13750000e+03,1,-1000
291,0,87,2.73000275e+02,140,-1213
291,0,88,2.73000000e+02,1,-1000
291,0,89,1.13750000e+03,1,-1000
291,0,92,6.82500687e+01,1,112
291,0,93,1.48000000e+02,141,-1209
291,0,98,2.50000000e+02,141,-1300
291,0,99,2.73000000e+02,1,-1000
291,0,103,6.82500000e+01,140,-1000
291,0,104,6.82500000e+01,140,-1000
291,0,105,1.94086884e+02,141,-1208
291,0,106,6.82500000e+01,1,-1000
291,0,107,6.82500000e+01,1,-1000
291,0,108,6.82500000e+01,1,-1000
291,0,109,6.82500000e+01,1,-1000
291,0,110,2.08175003e+02,140,-1206
291,0,111,5.20437508e+01,140,-1211
291,0,112,6.82500687e+01,140,-1212
291,0,123,6.82500000e+01,1,-1000
291,0,130,0.00000000e+00,140,-1000
291,1,1,9.90000000e+01,1,-1000
291,1,2,1.48000000e+02,141,-1000
291,1,12,0.00000000e+00,140,-1000
291,1,13,0.00000000e+00,140,-1000
291,1,14,0.00000000e+00,140,-1000
291,1,15,0.00000000e+00,140,-1000
291,1,16,1.48000000e+02,141,-1000
291,1,32,1.13750000e+03,1,-1000
291,1,33,6.82500000e+01,1,-1000
291,1,72,1.48000000e+02,1,93
291,1,73,2.99999993e-02,1,-1302
291,1,83,2.73000000e+02,1,-1000
291,1,84,2.73000000e+02,1,-1000
291,1,85,1.13750000e+03,1,-1000
291,1,86,1.13750000e+03,1,-1000
291,1,87,2.73000275e+02,140,-1213
291,1,88,2.73000000e+02,1,-1000
291,1,89,1.13750000e+03,1,-1000
291,1,92,6.82500687e+01,1,112
291,1,93,1.48000000e+02,141,-1209
291,1,98,2.50000000e+02,141,-1300
291,1,99,2.73000000e+02,1,-1000
291,1,103,6.82500000e+01,140,-1000
291,1,104,6.82500000e+01,140,-1000
291,1,105,1.94086884e+02,141,-1208
291,1,106,6.82500000e+01,1,-1000
291,1,107,6.82500000e+01,1,-1000
291,1,108,6.82500000e+01,1,-1000
291,1,109,6.82500000e+01,1,-1000
291,1,110,2.08175003e+02,140,-1206
291,1,111,5.20437508e+01,140,-1211
291,1,112,6.82500687e+01,140,-1212
291,1,123,6.82500000e+01,1,-1000
291,1,130,0.00000000e+00,140,-1000
292,0,1,6.60000000e+01,1,-1000
292,0,2,1.48000000e+02,141,-1000
292,0,12,0.00000000e+00,140,-1000
292,0,13,0.00000000e+00,140,-1000
292,0,14,0.00000000e+00,140,-1000
292,0,15,0.00000000e+00,140,-1000
292,0,16,1.48000000e+02,141,-1000
292,0,32,1.70632996e+03,1,-1000
292,0,33,1.02379997e+02,1,-1000
292,0,72,1.48000000e+02,1,93
292,0,73,9.99999978e-03,1,-1302
292,0,83,1.36500000e+02,1,-1000
292,0,84,1.36500000e+02,1,-1000
292,0,85,1.70632996e+03,1,-1000
292,0,86,1.70632996e+03,1,-1000
292,0,87,1.36500137e+02,140,-1213
292,0,88,1.36500000e+02,1,-1000
292,0,89,1.70632996e+03,1,-1000
292,0,92,1.02375107e+02,1,112
292,0,93,1.48000000e+02,141,-1209
292,0,98,2.50000000e+02,141,-1300
292,0,99,1.36500000e+02,1,-1000
292,0,103,1.02379997e+02,140,-1000
292,0,104,1.02379997e+02,140,-1000
292,0,105,1.52491104e+02,141,-1208
292,0,106,1.02379997e+02,1,-1000
292,0,107,1.02379997e+02,1,-1000
292,0,108,1.02379997e+02,1,-1000
292,0,109,1.02379997e+02,1,-1000
292,0,110,1.32479996e+02,140,-1206
292,0,111,9.93600006e+01,140,-1211
292,0,112,1.02375107e+02,140,-1212
292,0,123,1.02379997e+02,1,-1000
292,0,130,0.00000000e+00,140,-1000
292,1,1,6.60000000e+01,1,-1000
292,1,2,1.48000000e+02,141,-1000
292,1,12,0.00000000e+00,140,-1000
292,1,13,0.00000000e+00,140,-1000
292,1,14,0.00000000e+00,140,-1000
292,1,15,0.00000000e+00,140,-1000
292,1,16,1.48000000e+02,141,-1000
292,1,32,1.70632996e+03,1,-1000
292,1,33,1.02379997e+02,1,-1000
292,1,72,1.48000000e+02,1,93
292,1,73,9.99999978e-03,1,-1302
292,1,83,1.36500000e+02,1,-1000
292,1,84,1.36500000e+02,1,-1000
292,1,85,1.70632996e+03,1,-1000
292,1,86,1.70632996e+03,1,-1000
292,1,87,1.36500137e+02,140,-1213
292,1,88,1.36500000e+02,1,-1000
292,1,89,1.70632996e+03,1,-1000
292,1,92,1.02375107e+02,1,112
292,1,93,1.48000000e+02,141,-1209
292,1,98,2.50000000e+02,141,-1300
292,1,99,1.36500000e+02,1,-1000
292,1,103,1.02379997e+02,140,-1000
292,1,104,1.02379997e+02,140,-1000
292,1,105,1.52491104e+02,141,-1208
292,1,106,1.02379997e+02,1,-1000
292,1,107,1.02379997e+02,1,-1000
292,1,108,1.02379997e+02,1,-1000
292,1,109,1.02379997e+02,1,-1000
292,1,110,1.32479996e+02,140,-1206
292,1,111,9.93600006e+01,140,-1211
292,1,112,1.02375107e+02,140,-1212
292,1,123,1.02379997e+02,1,-1000
292,1,130,0.00000000e+00,140,-1000
293,0,1,6.60000000e+01,1,-1000
293,0,2,1.48000000e+02,141,-1000
293,0,12,0.00000000e+00,140,-1000
293,0,13,0.00000000e+00,140,-1000
293,0,14,0.00000000e+00,140,-1000
293,0,15,0.00000000e+00,140,-1000
293,0,16,1.48000000e+02,141,-1000
293,0,32,1.70632996e+03,1,-1000
293,0,33,1.02379997e+02,1,-1000
293,0,72,1.48000000e+02,1,93
293,0,83,1.36500000e+02,1,-1000
293,0,84,1.36500000e+02,1,-1000
293,0,85,1.70632996e+03,1,-1000
293,0,86,1.70632996e+03,1,-1000
293,0,87,1.36500137e+02,140,-1213
293,0,88,1.36500000e+02,1,-1000
293,0,89,1.70632996e+03,1,-1000
293,0,92,1.02375107e+02,1,112
293,0,93,1.48000000e+02,141,-1209
293,0,98,2.50000000e+02,141,-1300
293,0,99,1.36500000e+02,1,-1000
293,0,103,1.02379997e+02,140,-1000
293,0,104,1.02379997e+02,140,-1000
293,0,105,1.52491104e+02,141,-1208
293,0,106,1.02379997e+02,1,-1000
293,0,107,1.02379997e+02,1,-1000
293,0,108,1.02379997e+02,1,-1000
293,0,109,1.02379997e+02,1,-1000
293,0,110,1.32479996e+02,140,-1206
293,0,111,9.93600006e+01,140,-1211
293,0,112,1.02375107e+02,140,-1212
293,0,117,0.00000000e+00,3,999
293,0,123,1.02379997e+02,1,-1000
293,0,130,0.00000000e+00,140,-1000
293,1,1,6.60000000e+01,1,-1000
293,1,2,1.48000000e+02,141,-1000
293,1,12,0.00000000e+00,140,-1000
293,1,13,0.00000000e+00,140,-1000
293,1,14,0.00000000e+00,140,-1000
293,1,15,0.00000000e+00,140,-1000
293,1,16,1.48000000e+02,141,-1000
293,1,32,1.70632996e+03,1,-1000
293,1,33,1.02379997e+02,1,-1000
293,1,72,1.48000000e+02,1,93
293,1,83,1.36500000e+02,1,-1000
293,1,84,1.36500000e+02,1,-1000
293,1,85,1.70632996e+03,1,-1000
293,1,86,1.70632996e+03,1,-1000
293,1,87,1.36500137e+02,140,-1213
293,1,88,1.36500000e+02,1,-1000
293,1,89,1.70632996e+03,1,-1000
293,1,92,1.02375107e+02,1,112
293,1,93,1.48000000e+02,141,-1209
293,1,98,2.50000000e+02,141,-1300
293,1,99,1.36500000e+02,1,-1000
293,1,103,1.02379997e+02,140,-1000
293,1,104,1.02379997e+02,140,-1000
293,1,105,1.52491104e+02,141,-1208
293,1,106,1.02379997e+02,1,-1000
293,1,107,1.02379997e+02,1,-1000
293,1,108,1.02379997e+02,1,-1000
293,1,109,1.02379997e+02,1,-1000
293,1,110,1.32479996e+02,140,-1206
293,1,111,9.93600006e+01,140,-1211
293,1,112,1.02375107e+02,140,-1212
293,1,117,4.99999989e-03,3,999
293,1,123,1.02379997e+02,1,-1000
293,1,130,0.00000000e+00,140,-1000
294,0,1,6.60000000e+01,1,-1000
294,0,2,1.48000000e+02,141,-1000
294,0,12,0.00000000e+00,140,-1000
294,0,13,0.00000000e+00,140,-1000
294,0,14,0.00000000e+00,140,-1000
294,0,15,0.00000000e+00,140,-1000
294,0,16,1.48000000e+02,141,-1000
294,0,32,1.70632996e+03,1,-1000
294,0,33,1.02379997e+02,1,-1000
294,0,72,1.48000000e+02,1,2
294,0,83,1.36500000e+02,1,-1000
294,0,84,1.36500000e+02,1,-1000
294,0,85,1.70632996e+03,1,-1000
294,0,86,1.70632996e+03,1,-1000
294,0,87,0.00000000e+00,140,-1213
294,0,88,1.36500000e+02,1,-1000
294,0,89,1.70632996e+03,1,-1000
294,0,92,1.02379997e+02,1,107
294,0,93,1.48000000e+02,141,-1209
294,0,98,2.50000000e+02,141,-1300
294,0,99,1.36500000e+02,1,-1000
294,0,103,1.02379997e+02,140,-1000
294,0,104,1.02379997e+02,140,-1000
294,0,105,0.00000000e+00,141,-1208
294,0,106,1.02379997e+02,1,-1000
294,0,107,1.02379997e+02,1,-1000
294,0,108,1.02379997e+02,1,-1000
294,0,109,1.02379997e+02,1,-1000
294,0,110,0.00000000e+00,140,-1206
294,0,111,0.00000000e+00,140,-1211
294,0,112,0.00000000e+00,140,-1212
294,0,117,0.00000000e+00,3,999
294,0,123,1.02379997e+02,1,-1000
294,0,130,0.00000000e+00,140,-1000
294,1,1,6.60000000e+01,1,-1000
294,1,2,1.48000000e+02,141,-1000
294,1,12,0.00000000e+00,140,-1000
294,1,13,0.00000000e+00,140,-1000
294,1,14,0.00000000e+00,140,-1000
294,1,15,0.00000000e+00,140,-1000
294,1,16,1.48000000e+02,141,-1000
294,1,32,1.70632996e+03,1,-1000
294,1,33,1.02379997e+02,1,-1000
294,1,72,1.48000000e+02,1,2
294,1,83,1.36500000e+02,1,-1000
294,1,84,1.36500000e+02,1,-1000
294,1,85,1.70632996e+03,1,-1000
294,1,86,1.70632996e+03,1,-1000
294,1,87,0.00000000e+00,140,-1213
294,1,88,1.36500000e+02,1,-1000
294,1,89,1.70632996e+03,1,-1000
294,1,92,1.02379997e+02,1,107
294,1,93,1.48000000e+02,141,-1209
294,1,98,2.50000000e+02,141,-1300
294,1,99,1.36500000e+02,1,-1000
294,1,103,1.02379997e+02,140,-1000
294,1,104,1.02379997e+02,140,-1000
294,1,105,0.00000000e+00,141,-1208
294,1,106,1.02379997e+02,1,-1000
294,1,107,1.02379997e+02,1,-1000
294,1,108,1.02379997e+02,1,-1000
294,1,109,1.02379997e+02,1,-1000
294,1,110,0.00000000e+00,140,-1206
294,1,111,0.00000000e+00,140,-1211
294,1,112,0.00000000e+00,140,-1212
294,1,117,3.00000012e-01,3,999
294,1,123,1.02379997e+02,1,-1000
294,1,130,0.00000000e+00,140,-1000
295,0,1,6.60000000e+01,1,-1000
295,0,2,1.48000000e+02,141,-1000
295,0,12,0.00000000e+00,140,-1000
295,0,13,0.00000000e+00,140,-1000
295,0,14,0.00000000e+00,140,-1000
295,0,15,0.00000000e+00,140,-1000
295,0,16,1.48000000e+02,141,-1000
295,0,32,1.70632996e+03,140,-1000
295,0,33,1.02379997e+02,140,-1000
295,0,72,1.48000000e+02,1,2
295,0,73,2.00000009e-03,1,-1302
295,0,83,1.36500000e+02,140,-1000
295,0,84,1.36500000e+02,140,-1000
295,0,85,1.70632996e+03,140,-1000
295,0,86,1.70632996e+03,140,-1000
295,0,87,0.00000000e+00,140,-1213
295,0,88,1.36500000e+02,140,-1000
295,0,89,1.70632996e+03,140,-1000
295,0,92,1.02379997e+02,1,107
295,0,93,0.00000000e+00,141,-1209
295,0,98,2.50000000e+02,141,-1300
295,0,99,1.36500000e+02,140,-1000
295,0,103,1.02379997e+02,140,-1000
295,0,104,1.02379997e+02,140,-1000
295,0,105,0.00000000e+00,141,-1208
295,0,106,1.02379997e+02,140,-1000
295,0,107,1.02379997e+02,140,-1000
295,0,108,1.02379997e+02,140,-1000
295,0,109,1.02379997e+02,140,-1000
295,0,110,0.00000000e+00,140,-1206
295,0,111,0.00000000e+00,140,-1211
295,0,112,0.00000000e+00,140,-1212
295,0,123,1.02379997e+02,140,-1000
295,0,130,0.00000000e+00,140,-1000
295,1,1,6.60000000e+01,1,-1000
295,1,2,1.48000000e+02,141,-1000
295,1,12,0.00000000e+00,140,-1000
295,1,13,0.00000000e+00,140,-1000
295,1,14,0.00000000e+00,140,-1000
295,1,15,0.00000000e+00,140,-1000
295,1,16,1.48000000e+02,141,-1000
295,1,32,1.70632996e+03,140,-1000
295,1,33,1.02379997e+02,140,-1000
295,1,72,1.48000000e+02,1,2
295,1,73,9.99999978e-03,1,-1302
295,1,83,1.36500000e+02,140,-1000
295,1,84,1.36500000e+02,140,-1000
295,1,85,1.70632996e+03,140,-1000
295,1,86,1.70632996e+03,140,-1000
295,1,87,0.00000000e+00,140,-1213
295,1,88,1.36500000e+02,140,-1000
295,1,89,1.70632996e+03,140,-1000
295,1,92,1.02379997e+02,1,107
295,1,93,0.00000000e+00,141,-1209
295,1,98,2.50000000e+02,141,-1300
295,1,99,1.36500000e+02,140,-1000
295,1,103,1.02379997e+02,140,-1000
295,1,104,1.02379997e+02,140,-1000
295,1,105,0.00000000e+00,141,-1208
295,1,106,1.02379997e+02,140,-1000
295,1,107,1.02379997e+02,140,-1000
295,1,108,1.02379997e+02,140,-1000
295,1,109,1.02379997e+02,140,-1000
295,1,110,0.00000000e+00,140,-1206
295,1,111,0.00000000e+00,140,-1211
295,1,112,0.00000000e+00,140,-1212
295,1,123,1.02379997e+02,140,-1000
295,1,130,0.00000000e+00,140,-1000
297,0,105,0.00000000e+00,141,-1208
297,0,106,0.00000000e+00,1,-1000
297,0,107,3.95000011e-01,1,-1000
297,0,108,0.00000000e+00,1,-1000
297,0,109,3.95000011e-01,1,-1000
297,0,110,0.00000000e+00,140,-1206
297,0,111,0.00000000e+00,140,-1211
297,0,112,0.00000000e+00,140,-1212
297,0,123,0.00000000e+00,1,-1000
297,0,130,0.00000000e+00,140,-1000
297,1,1,1.00000000e+00,1,-1000
297,1,2,2.50000000e+02,141,-1000
297,1,12,0.00000000e+00,140,-1000
297,1,13,0.00000000e+00,140,-1000
297,1,14,0.00000000e+00,140,-1000
297,1,15,0.00000000e+00,140,-1000
297,1,16,2.50000000e+02,141,-1000
297,1,32,0.00000000e+00,1,-1000
297,1,33,3.95000011e-01,1,-1000
297,1,72,2.50000000e+02,1,2
297,1,73,1.99999996e-02,1,-1302
297,1,83,1.58000004e+00,1,-1000
297,1,84,1.58000004e+00,1,-1000
297,1,85,0.00000000e+00,1,-1000
297,1,86,0.00000000e+00,1,-1000
297,1,87,0.00000000e+00,140,-1213
297,1,88,1.58000004e+00,1,-1000
297,1,89,0.00000000e+00,1,-1000
297,1,92,3.95000011e-01,1,107
297,1,93,2.50000000e+02,141,-1209
297,1,98,2.50000000e+02,141,-1300
297,1,99,1.58000004e+00,1,-1000
297,1,103,3.95000011e-01,140,-1000
297,1,104,0.00000000e+00,140,-1000
297,1,105,0.00000000e+00,141,-1208
297,1,106,0.00000000e+00,1,-1000
297,1,107,3.95000011e-01,1,-1000
297,1,108,0.00000000e+00,1,-1000
297,1,109,3.95000011e-01,1,-1000
297,1,110,0.00000000e+00,140,-1206
236,1,108,5.20000000e+02,1,0
236,1,109,5.20000000e+02,1,0
236,1,118,1.00000000e+00,143,-1000
236,1,119,1.00000000e+00,143,-1000
236,1,120,1.00000000e+00,143,-1000
236,1,123,5.20000000e+02,1,0
237,0,1,8.00000000e+00,1,-1000
237,0,2,2.50000000e+02,141,-1000
237,0,4,1.00000001e-01,1,-1302
237,0,5,2.00000000e+02,1,-1102
237,0,6,8.20500031e+01,20,-1300
237,0,8,2.98000000e+02,1,-1300
237,0,16,2.50000000e+02,141,-1000
237,0,19,5.50000000e+01,1,-1203
237,0,22,5.00000000e-01,1,-1300
237,0,23,2.00000000e+01,1,-1201
237,0,31,1.71558946e-01,1,-1302
237,0,32,7.42859985e+02,1,0
237,0,33,5.20000000e+02,1,0
237,0,40,1.00000000e+00,1,119
237,0,50,6.22434309e-04,21,-1
237,0,72,2.50000000e+02,1,93
237,0,83,5.20000000e+02,1,0
237,0,84,5.20000000e+02,1,0
237,0,85,7.42859985e+02,1,0
237,0,86,7.42859985e+02,1,0
237,0,88,5.20000000e+02,1,0
237,0,89,7.42859985e+02,1,0
237,0,93,2.50000000e+02,141,-1209
237,0,98,2.50000000e+02,141,-1300
237,0,99,5.20000000e+02,1,0
237,0,105,8.57794739e+02,141,-1208
237,0,106,5.20000000e+02,1,0
237,0,107,5.20000000e+02,1,0
237,0,108,5.20000000e+02,1,0
237,0,109,5.20000000e+02,1,0
237,0,118,1.00000000e+00,143,-1000
237,0,119,1.00000000e+00,143,-1000
237,0,120,1.00000000e+00,143,-1000
237,0,123,5.20000000e+02,1,0
237,1,1,8.00000000e+00,1,-1000
237,1,2,2.50000000e+02,141,-1000
237,1,4,1.00000001e-01,1,-1302
237,1,5,2.00000000e+02,1,-1102
237,1,6,8.20500031e+01,20,-1300
237,1,8,2.98000000e+02,1,-1300
237,1,16,2.50000000e+02,141,-1000
237,1,19,5.50000000e+01,1,-1203
237,1,22,1.00000000e+00,1,-1300
237,1,23,2.00000000e+01,1,-1201
237,1,31,1.71558946e-01,1,-1302
237,1,32,7.42859985e+02,1,0
237,1,33,5.20000000e+02,1,0
237,1,40,1.00000000e+00,1,119
237,1,50,1.24486862e-03,21,-1
237,1,72,2.50000000e+02,1,93
237,1,83,5.20000000e+02,1,0
237,1,84,5.20000000e+02,1,0
237,1,85,7.42859985e+02,1,0
237,1,86,7.42859985e+02,1,0
237,1,88,5.20000000e+02,1,0
237,1,89,7.42859985e+02,1,0
237,1,93,2.50000000e+02,141,-1209
237,1,98,2.50000000e+02,141,-1300
237,1,99,5.20000000e+02,1,0
237,1,105,8.57794739e+02,141,-1208
237,1,106,5.20000000e+02,1,0
237,1,107,5.20000000e+02,1,0
237,1,108,5.20000000e+02,1,0
237,1,109,5.20000000e+02,1,0
237,1,118,1.00000000e+00,143,-1000
237,1,119,1.00000000e+00,143,-1000
237,1,120,1.00000000e+00,143,-1000
237,1,123,5.20000000e+02,1,0
238,0,1,5.00000000e+00,1,-1000
238,0,2,1.79000000e+02,141,-1000
238,0,12,0.00000000e+00,140,-1000
238,0,13,0.00000000e+00,140,-1000
238,0,14,0.00000000e+00,140,-1000
238,0,15,0.00000000e+00,140,-1000
238,0,16,5.37000000e+02,141,-1000
238,0,32,5.03000000e+03,1,-1000
238,0,33,1.76050000e+03,1,-1000
238,0,72,1.79000000e+02,1,93
238,0,73,2.50000004e-02,1,-1302
238,0,83,5.28150000e+03,1,-1000
238,0,84,1.76050000e+03,1,-1000
238,0,85,1.50900000e+04,1,-1000
238,0,86,5.03000000e+03,1,-1000
238,0,87,5.58659229e+03,140,-1213
238,0,88,5.28150000e+03,1,-1000
238,0,89,1.50900000e+04,1,-1000
238,0,92,5.58659229e+03,1,112
238,0,93,1.79000000e+02,141,-1209
238,0,98,2.50000000e+02,141,-1300
238,0,99,1.76050000e+03,1,-1000
238,0,103,1.76050000e+03,140,-1000
238,0,104,1.76050000e+03,140,-1000
238,0,105,4.80365088e+03,141,-1208
238,0,106,5.28150000e+03,1,-1000
238,0,107,5.28150000e+03,1,-1000
238,0,108,5.28150000e+03,1,-1000
238,0,109,5.28150000e+03,1,-1000
238,0,110,2.08175003e+02,140,-1206
238,0,111,2.08175003e+02,140,-1211
238,0,112,5.58659229e+03,140,-1212
238,0,123,1.76050000e+03,1,-1000
238,0,130,0.00000000e+00,140,-1000
238,1,1,5.00000000e+00,1,-1000
238,1,2,1.79000000e+02,141,-1000
238,1,12,0.00000000e+00,140,-1000
238,1,13,0.00000000e+00,140,-1000
238,1,14,0.00000000e+00,140,-1000
238,1,15,0.00000000e+00,140,-1000
238,1,16,5.37000000e+02,141,-1000
238,1,32,5.03000000e+03,1,-1000
238,1,33,1.76050000e+03,1,-1000
238,1,72,1.79000000e+02,1,93
238,1,73,2.99999993e-02,1,-1302
238,1,83,5.28150000e+03,1,-1000
238,1,84,1.76050000e+03,1,-1000
238,1,85,1.50900000e+04,1,-1000
238,1,86,5.03000000e+03,1,-1000
238,1,87,5.58659229e+03,140,-1213
238,1,88,5.28150000e+03,1,-1000
238,1,89,1.50900000e+04,1,-1000
238,1,92,5.58659229e+03,1,112
238,1,93,1.79000000e+02,141,-1209
238,1,98,2.50000000e+02,141,-1300
238,1,99,1.76050000e+03,1,-1000
238,1,103,1.76050000e+03,140,-1000
238,1,104,1.76050000e+03,140,-1000
238,1,105,4.80365088e+03,141,-1208
238,1,106,5.28150000e+03,1,-1000
238,1,107,5.28150000e+03,1,-1000
238,1,108,5.28150000e+03,1,-1000
238,1,109,5.28150000e+03,1,-1000
238,1,110,2.08175003e+02,140,-1206
238,1,111,2.08175003e+02,140,-1211
238,1,112,5.58659229e+03,140,-1212
238,1,123,1.76050000e+03,1,-1000
238,1,130,0.00000000e+00,140,-1000
239,0,1,5.00000000e+00,1,-1000
239,0,2,1.79000000e+02,141,-1000
239,0,12,0.00000000e+00,140,-1000
239,0,13,0.00000000e+00,140,-1000
239,0,14,0.00000000e+00,140,-1000
239,0,15,0.00000000e+00,140,-1000
239,0,16,5.37000000e+02,141,-1000
239,0,32,5.03000000e+03,1,-1000
239,0,33,1.76050000e+03,1,-1000
239,0,72,1.79000000e+02,1,2
239,0,73,1.99999996e-02,1,-1302
239,0,83,5.28150000e+03,1,-1000
239,0,84,1.76050000e+03,1,-1000
239,0,85,1.50900000e+04,1,-1000
239,0,86,5.03000000e+03,1,-1000
239,0,87,0.00000000e+00,140,-1213
239,0,88,5.28150000e+03,1,-1000
239,0,89,1.50900000e+04,1,-1000
239,0,92,5.28150000e+03,1,107
239,0,93,1.79000000e+02,141,-1209
239,0,98,2.50000000e+02,141,-1300
239,0,99,1.76050000e+03,1,-1000
239,0,103,1.76050000e+03,140,-1000
239,0,104,1.76050000e+03,140,-1000
239,0,105,0.00000000e+00,141,-1208
239,0,106,5.28150000e+03,1,-1000
239,0,107,5.28150000e+03,1,-1000
239,0,108,5.28150000e+03,1,-1000
239,0,109,5.28150000e+03,1,-1000
239,0,110,0.00000000e+00,140,-1206
239,0,111,0.00000000e+00,140,-1211
239,0,112,0.00000000e+00,140,-1212
239,0,123,1.76050000e+03,1,-1000
239,0,130,0.00000000e+00,140,-1000
239,1,1,5.00000000e+00,1,-1000
239,1,2,1.79000000e+02,141,-1000
239,1,12,0.00000000e+00,140,-1000
239,1,13,0.00000000e+00,140,-1000
239,1,14,0.00000000e+00,140,-1000
239,1,15,0.00000000e+00,140,-1000
239,1,16,5.37000000e+02,141,-1000
239,1,32,5.03000000e+03,1,-1000
239,1,33,1.76050000e+03,1,-1000
239,1,72,1.79000000e+02,1,2
239,1,73,1.99999996e-02,1,-1302
239,1,83,5.28150000e+03,1,-1000
239,1,84,1.76050000e+03,1,-1000
239,1,85,1.50900000e+04,1,-1000
239,1,86,5.03000000e+03,1,-1000
239,1,87,0.00000000e+00,140,-1213
239,1,88,5.28150000e+03,1,-1000
239,1,89,1.50900000e+04,1,-1000
239,1,92,5.28150000e+03,1,107
239,1,93,1.79000000e+02,141,-1209
239,1,98,2.50000000e+02,141,-1300
239,1,99,1.76050000e+03,1,-1000
239,1,103,1.76050000e+03,140,-1000
239,1,104,1.76050000e+03,140,-1000
239,1,105,0.00000000e+00,141,-1208
239,1,106,5.28150000e+03,1,-1000
239,1,107,5.28150000e+03,1,-1000
239,1,108,5.28150000e+03,1,-1000
239,1,109,5.28150000e+03,1,-1000
239,1,110,0.00000000e+00,140,-1206
239,1,111,0.00000000e+00,140,-1211
239,1,112,0.00000000e+00,140,-1212
239,1,123,1.76050000e+03,1,-1000
239,1,130,0.00000000e+00,140,-1000
240,0,1,5.00000000e+00,1,-1000
240,0,2,1.79000000e+02,141,-1000
240,0,12,0.00000000e+00,140,-1000
240,0,13,0.00000000e+00,140,-1000
240,0,14,0.00000000e+00,140,-1000
240,0,15,0.00000000e+00,140,-1000
240,0,16,5.37000000e+02,141,-1000
240,0,32,5.03000000e+03,1,-1000
240,0,33,1.76050000e+03,1,-1000
240,0,72,1.79000000e+02,1,2
240,0,83,5.28150000e+03,1,-1000
240,0,84,1.76050000e+03,1,-1000
240,0,85,1.50900000e+04,1,-1000
240,0,86,5.03000000e+03,1,-1000
240,0,87,0.00000000e+00,140,-1213
240,0,88,5.28150000e+03,1,-1000
240,0,89,1.50900000e+04,1,-1000
240,0,92,5.28150000e+03,1,107
240,0,93,1.79000000e+02,141,-1209
240,0,98,2.50000000e+02,141,-1300
240,0,99,1.76050000e+03,1,-1000
240,0,103,1.76050000e+03,140,-1000
240,0,104,1.76050000e+03,140,-1000
240,0,105,0.00000000e+00,141,-1208
240,0,106,5.28150000e+03,1,-1000
240,0,107,5.28150000e+03,1,-1000
240,0,108,5.28150000e+03,1,-1000
240,0,109,5.28150000e+03,1,-1000
240,0,110,0.00000000e+00,140,-1206
240,0,111,0.00000000e+00,140,-1211
240,0,112,0.00000000e+00,140,-1212
240,0,117,0.00000000e+00,3,999
240,0,123,1.76050000e+03,1,-1000
240,0,130,0.00000000e+00,140,-1000
240,1,1,5.00000000e+00,1,-1000
240,1,2,1.79000000e+02,141,-1000
240,1,12,0.00000000e+00,140,-1000
240,1,13,0.00000000e+00,140,-1000
240,1,14,0.00000000e+00,140,-1000
240,1,15,0.00000000e+00,140,-1000
240,1,16,5.37000000e+02,141,-1000
240,1,32,5.03000000e+03,1,-1000
240,1,33,1.76050000e+03,1,-1000
240,1,72,1.79000000e+02,1,2
240,1,83,5.28150000e+03,1,-1000
240,1,84,1.76050000e+03,1,-1000
240,1,85,1.50900000e+04,1,-1000
240,1,86,5.03000000e+03,1,-1000
240,1,87,0.00000000e+00,140,-1213
240,1,88,5.28150000e+03,1,-1000
240,1,89,1.50900000e+04,1,-1000
240,1,92,5.28150000e+03,1,107
240,1,93,1.79000000e+02,141,-1209
240,1,98,2.50000000e+02,141,-1300
240,1,99,1.76050000e+03,1,-1000
240,1,103,1.76050000e+03,140,-1000
240,1,104,1.76050000e+03,140,-1000
240,1,105,0.00000000e+00,141,-1208
240,1,106,5.28150000e+03,1,-1000
240,1,107,5.28150000e+03,1,-1000
240,1,108,5.28150000e+03,1,-1000
240,1,109,5.28150000e+03,1,-1000
240,1,110,0.00000000e+00,140,-1206
240,1,111,0.00000000e+00,140,-1211
240,1,112,0.00000000e+00,140,-1212
240,1,117,1.99999995e-04,3,999
240,1,123,1.76050000e+03,1,-1000
240,1,130,0.00000000e+00,140,-1000
241,0,1,5.00000000e+00,1,-1000
241,0,2,1.79000000e+02,141,-1000
241,0,12,0.00000000e+00,140,-1000
241,0,13,0.00000000e+00,140,-1000
241,0,14,0.00000000e+00,140,-1000
241,0,15,0.00000000e+00,140,-1000
241,0,16,5.37000000e+02,141,-1000
241,0,32,5.03000000e+03,1,-1000
241,0,33,1.76050000e+03,1,-1000
241,0,72,1.79000000e+02,1,2
241,0,83,5.28150000e+03,1,-1000
241,0,84,1.76050000e+03,1,-1000
241,0,85,1.50900000e+04,1,-1000
241,0,86,5.03000000e+03,1,-1000
241,0,87,0.00000000e+00,140,-1213
241,0,88,5.28150000e+03,1,-1000
241,0,89,1.50900000e+04,1,-1000
241,0,92,5.28150000e+03,1,107
241,0,93,1.79000000e+02,141,-1209
241,0,98,2.50000000e+02,141,-1300
241,0,99,1.76050000e+03,1,-1000
241,0,103,1.76050000e+03,140,-1000
241,0,104,1.76050000e+03,140,-1000
241,0,105,0.00000000e+00,141,-1208
241,0,106,5.28150000e+03,1,-1000
241,0,107,5.28150000e+03,1,-1000
241,0,108,5.28150000e+03,1,-1000
241,0,109,5.28150000e+03,1,-1000
241,0,110,0.00000000e+00,140,-1206
241,0,111,0.00000000e+00,140,-1211
241,0,112,0.00000000e+00,140,-1212
241,0,117,0.00000000e+00,3,999
241,0,123,1.76050000e+03,1,-1000
241,0,130,0.00000000e+00,140,-1000
241,1,1,5.00000000e+00,1,-1000
241,1,2,1.79000000e+02,141,-1000
241,1,12,0.00000000e+00,140,-1000
241,1,13,0.00000000e+00,140,-1000
241,1,14,0.00000000e+00,140,-1000
241,1,15,0.00000000e+00,140,-1000
241,1,16,5.37000000e+02,141,-1000
241,1,32,5.03000000e+03,1,-1000
241,1,33,1.76050000e+03,1,-1000
241,1,72,7.00000000e+00,3,999
241,1,83,5.28150000e+03,1,-1000
241,1,84,1.76050000e+03,1,-1000
241,1,85,1.50900000e+04,1,-1000
241,1,86,5.03000000e+03,1,-1000
241,1,87,0.00000000e+00,140,-1213
241,1,88,5.28150000e+03,1,-1000
241,1,89,1.50900000e+04,1,-1000
241,1,92,1.76050000e+03,3,103
241,1,93,1.79000000e+02,141,-1209
241,1,98,2.50000000e+02,141,-1300
241,1,99,1.76050000e+03,1,-1000
241,1,103,1.76050000e+03,140,-1000
241,1,104,1.76050000e+03,140,-1000
241,1,105,0.00000000e+00,141,-1208
241,1,106,5.28150000e+03,1,-1000
241,1,107,5.28150000e+03,1,-1000
241,1,108,5.28150000e+03,1,-1000
241,1,109,5.28150000e+03,1,-1000
241,1,110,0.00000000e+00,140,-1206
241,1,111,0.00000000e+00,140,-1211
241,1,112,0.00000000e+00,140,-1212
241,1,117,1.00000000e+00,3,999
241,1,123,1.76050000e+03,1,-1000
241,1,130,0.00000000e+00,140,-1000
242,0,1,4.00000000e+00,1,-1000
242,0,2,1.79000000e+02,141,-1000
242,0,12,0.00000000e+00,140,-1000
242,0,13,0.00000000e+00,140,-1000
242,0,14,0.00000000e+00,140,-1000
242,0,15,0.00000000e+00,140,-1000
242,0,16,5.37000000e+02,141,-1000
242,0,32,5.03000000e+03,1,-1000
242,0,33,2.26350000e+03,1,-1000
242,0,72,1.79000000e+02,1,2
242,0,73,1.99999996e-02,1,-1302
242,0,83,6.79050000e+03,1,-1000
242,0,84,2.26350000e+03,1,-1000
242,0,85,1.50900000e+04,1,-1000
242,0,86,5.03000000e+03,1,-1000
242,0,87,0.00000000e+00,140,-1213
242,0,88,6.79050000e+03,1,-1000
242,0,89,1.50900000e+04,1,-1000
242,0,92,6.79050000e+03,1,107
242,0,93,1.79000000e+02,141,-1209
242,0,98,2.50000000e+02,141,-1300
242,0,99,2.26350000e+03,1,-1000
242,0,103,2.26350000e+03,140,-1000
242,0,104,2.26350000e+03,140,-1000
242,0,105,0.00000000e+00,141,-1208
242,0,106,6.79050000e+03,1,-1000
242,0,107,6.79050000e+03,1,-1000
242,0,108,6.79050000e+03,1,-1000
242,0,109,6.79050000e+03,1,-1000
242,0,110,0.00000000e+00,140,-1206
242,0,111,0.00000000e+00,140,-1211
242,0,112,0.00000000e+00,140,-1212
242,0,123,2.26350000e+03,1,-1000
242,0,130,0.00000000e+00,140,-1000
242,1,1,4.00000000e+00,1,-1000
242,1,2,1.79000000e+02,141,-1000
242,1,12,0.00000000e+00,140,-1000
242,1,13,0.00000000e+00,140,-1000
242,1,14,0.00000000e+00,140,-1000
242,1,15,0.00000000e+00,140,-1000
242,1,16,5.37000000e+02,141,-1000
242,1,32,5.03000000e+03,1,-1000
242,1,33,2.26350000e+03,1,-1000
242,1,72,1.79000000e+02,1,2
242,1,73,1.99999996e-02,1,-1302
242,1,83,6.79050000e+03,1,-1000
242,1,84,2.26350000e+03,1,-1000
242,1,85,1.50900000e+04,1,-1000
242,1,86,5.03000000e+03,1,-1000
242,1,87,0.00000000e+00,140,-1213
242,1,88,6.79050000e+03,1,-1000
242,1,89,1.50900000e+04,1,-1000
242,1,92,6.79050000e+03,1,107
242,1,93,1.79000000e+02,141,-1209
242,1,98,2.50000000e+02,141,-1300
242,1,99,2.26350000e+03,1,-1000
242,1,103,2.26350000e+03,140,-1000
242,1,104,2.26350000e+03,140,-1000
242,1,105,0.00000000e+00,141,-1208
242,1,106,6.79050000e+03,1,-1000
242,1,107,6.79050000e+03,1,-1000
242,1,108,6.79050000e+03,1,-1000
242,1,109,6.79050000e+03,1,-1000
242,1,110,0.00000000e+00,140,-1206
242,1,111,0.00000000e+00,140,-1211
242,1,112,0.00000000e+00,140,-1212
242,1,123,2.26350000e+03,1,-1000
242,1,130,0.00000000e+00,140,-1000
243,0,1,4.00000000e+00,1,-1000
243,0,2,1.79000000e+02,141,-1000
243,0,12,0.00000000e+00,140,-1000
243,0,13,0.00000000e+00,140,-1000
243,0,14,0.00000000e+00,140,-1000
243,0,15,0.00000000e+00,140,-1000
243,0,16,5.37000000e+02,141,-1000
243,0,32,5.03000000e+03,1,-1000
243,0,33,2.26350000e+03,1,-1000
243,0,72,1.79000000e+02,1,2
243,0,83,6.79050000e+03,1,-1000
243,0,84,2.26350000e+03,1,-1000
243,0,85,1.50900000e+04,1,-1000
243,0,86,5.03000000e+03,1,-1000
243,0,87,0.00000000e+00,140,-1213
243,0,88,6.79050000e+03,1,-1000
243,0,89,1.50900000e+04,1,-1000
243,0,92,6.79050000e+03,1,107
243,0,93,1.79000000e+02,141,-1209
243,0,98,2.50000000e+02,141,-1300
243,0,99,2.26350000e+03,1,-1000
243,0,103,2.26350000e+03,140,-1000
243,0,104,2.26350000e+03,140,-1000
243,0,105,0.00000000e+00,141,-1208
243,0,106,6.79050000e+03,1,-1000
243,0,107,6.79050000e+03,1,-1000
243,0,108,6.79050000e+03,1,-1000
243,0,109,6.79050000e+03,1,-1000
243,0,110,0.00000000e+00,140,-1206
243,0,111,0.00000000e+00,140,-1211
243,0,112,0.00000000e+00,140,-1212
243,0,117,0.00000000e+00,3,999
243,0,123,2.26350000e+03,1,-1000
243,0,130,0.00000000e+00,140,-1000
243,1,1,4.00000000e+00,1,-1000
243,1,2,1.79000000e+02,141,-1000
243,1,12,0.00000000e+00,140,-1000
243,1,13,0.00000000e+00,140,-1000
243,1,14,0.00000000e+00,140,-1000
243,1,15,0.00000000e+00,140,-1000
243,1,16,5.37000000e+02,141,-1000
243,1,32,5.03000000e+03,1,-1000
243,1,33,2.26350000e+03,1,-1000
243,1,72,1.79000000e+02,1,2
243,1,83,6.79050000e+03,1,-1000
243,1,84,2.26350000e+03,1,-1000
243,1,85,1.50900000e+04,1,-1000
243,1,86,5.03000000e+03,1,-1000
243,1,87,0.00000000e+00,140,-1213
243,1,88,6.79050000e+03,1,-1000
243,1,89,1.50900000e+04,1,-1000
243,1,92,6.79050000e+03,1,107
243,1,93,1.79000000e+02,141,-1209
243,1,98,2.50000000e+02,141,-1300
243,1,99,2.26350000e+03,1,-1000
243,1,103,2.26350000e+03,140,-1000
243,1,104,2.26350000e+03,140,-1000
243,1,105,0.00000000e+00,141,-1208
243,1,106,6.79050000e+03,1,-1000
243,1,107,6.79050000e+03,1,-1000
243,1,108,6.79050000e+03,1,-1000
243,1,109,6.79050000e+03,1,-1000
243,1,110,0.00000000e+00,140,-1206
243,1,111,0.00000000e+00,140,-1211
243,1,112,0.00000000e+00,140,-1212
243,1,117,1.99999995e-04,3,999
243,1,123,2.26350000e+03,1,-1000
243,1,130,0.00000000e+00,140,-1000
244,0,1,4.00000000e+00,1,-1000
244,0,2,1.79000000e+02,141,-1000
244,0,12,0.00000000e+00,140,-1000
244,0,13,0.00000000e+00,140,-1000
244,0,14,0.00000000e+00,140,-1000
244,0,15,0.00000000e+00,140,-1000
244,0,16,5.37000000e+02,141,-1000
244,0,32,5.03000000e+03,1,-1000
244,0,33,2.26350000e+03,1,-1000
244,0,72,1.79000000e+02,1,2
244,0,83,6.79050000e+03,1,-1000
244,0,84,2.26350000e+03,1,-1000
244,0,85,1.50900000e+04,1,-1000
244,0,86,5.03000000e+03,1,-1000
244,0,87,0.00000000e+00,140,-1213
244,0,88,6.79050000e+03,1,-1000
244,0,89,1.50900000e+04,1,-1000
244,0,92,6.79050000e+03,1,107
244,0,93,1.79000000e+02,141,-1209
244,0,98,2.50000000e+02,141,-1300
244,0,99,2.26350000e+03,1,-1000
244,0,103,2.26350000e+03,140,-1000
244,0,104,2.26350000e+03,140,-1000
244,0,105,0.00000000e+00,141,-1208
244,0,106,6.79050000e+03,1,-1000
244,0,107,6.79050000e+03,1,-1000
244,0,108,6.79050000e+03,1,-1000
244,0,109,6.79050000e+03,1,-1000
244,0,110,0.00000000e+00,140,-1206
244,0,111,0.00000000e+00,140,-1211
244,0,112,0.00000000e+00,140,-1212
244,0,117,0.00000000e+00,3,999
244,0,123,2.26350000e+03,1,-1000
244,0,130,0.00000000e+00,140,-1000
244,1,1,4.00000000e+00,1,-1000
244,1,2,1.79000000e+02,141,-1000
244,1,12,0.00000000e+00,140,-1000
244,1,13,0.00000000e+00,140,-1000
244,1,14,0.00000000e+00,140,-1000
244,1,15,0.00000000e+00,140,-1000
244,1,16,5.37000000e+02,141,-1000
244,1,32,5.03000000e+03,1,-1000
244,1,33,2.26350000e+03,1,-1000
244,1,72,7.00000000e+00,3,999
244,1,83,6.79050000e+03,1,-1000
244,1,84,2.26350000e+03,1,-1000
244,1,85,1.50900000e+04,1,-1000
244,1,86,5.03000000e+03,1,-1000
244,1,87,0.00000000e+00,140,-1213
244,1,88,6.79050000e+03,1,-1000
244,1,89,1.50900000e+04,1,-1000
244,1,92,2.26350000e+03,3,103
244,1,93,1.79000000e+02,141,-1209
244,1,98,2.50000000e+02,141,-1300
244,1,99,2.26350000e+03,1,-1000
244,1,103,2.26350000e+03,140,-1000
244,1,104,2.26350000e+03,140,-1000
244,1,105,0.00000000e+00,141,-1208
244,1,106,6.79050000e+03,1,-1000
244,1,107,6.79050000e+03,1,-1000
244,1,108,6.79050000e+03,1,-1000
244,1,109,6.79050000e+03,1,-1000
244,1,110,0.00000000e+00,140,-1206
244,1,111,0.00000000e+00,140,-1211
244,1,112,0.00000000e+00,140,-1212
244,1,117,1.00000000e+00,3,999
244,1,123,2.26350000e+03,1,-1000
244,1,130,0.00000000e+00,140,-1000
245,0,1,4.00000000e+00,1,-1000
245,0,2,1.79000000e+02,141,-1000
245,0,12,0.00000000e+00,140,-1000
245,0,13,0.00000000e+00,140,-1000
245,0,14,0.00000000e+00,140,-1000
245,0,15,0.00000000e+00,140,-1000
245,0,16,5.37000000e+02,141,-1000
245,0,32,5.03000000e+03,1,-1000
245,0,33,2.26350000e+03,1,-1000
245,0,72,1.79000000e+02,1,93
245,0,73,4.99999989e-03,1,-1302
245,0,83,6.79050000e+03,1,-1000
245,0,84,2.26350000e+03,1,-1000
245,0,85,1.50900000e+04,1,-1000
245,0,86,5.03000000e+03,1,-1000
245,0,87,6.98324023e+03,140,-1213
245,0,88,6.79050000e+03,1,-1000
245,0,89,1.50900000e+04,1,-1000
245,0,92,6.98324023e+03,1,112
245,0,93,1.79000000e+02,141,-1209
245,0,98,2.50000000e+02,141,-1300
245,0,99,2.26350000e+03,1,-1000
245,0,103,2.26350000e+03,140,-1000
245,0,104,2.26350000e+03,140,-1000
245,0,105,6.00441943e+03,141,-1208
245,0,106,6.79050000e+03,1,-1000
245,0,107,6.79050000e+03,1,-1000
245,0,108,6.79050000e+03,1,-1000
245,0,109,6.79050000e+03,1,-1000
245,0,110,2.08179993e+02,140,-1206
245,0,111,2.08179993e+02,140,-1211
245,0,112,6.98324023e+03,140,-1212
245,0,123,2.26350000e+03,1,-1000
245,0,130,0.00000000e+00,140,-1000
245,0,143,-1.30200000e+03,1,-1302
245,0,144,0.00000000e+00,1,-1302
245,1,1,4.00000000e+00,1,-1000
245,1,2,1.79000000e+02,141,-1000
245,1,12,0.00000000e+00,140,-1000
245,1,13,0.00000000e+00,140,-1000
245,1,14,0.00000000e+00,140,-1000
245,1,15,0.00000000e+00,140,-1000
245,1,16,5.37000000e+02,141,-1000
245,1,32,5.03000000e+03,1,-1000
245,1,33,2.26350000e+03,1,-1000
245,1,72,1.79000000e+02,1,93
245,1,73,4.99999989e-03,1,-1302
245,1,83,6.79050000e+03,1,-1000
245,1,84,2.26350000e+03,1,-1000
245,1,85,1.50900000e+04,1,-1000
245,1,86,5.03000000e+03,1,-1000
245,1,87,6.98324023e+03,140,-1213
245,1,88,6.79050000e+03,1,-1000
245,1,89,1.50900000e+04,1,-1000
245,1,92,6.98324023e+03,1,112
245,1,93,1.79000000e+02,141,-1209
245,1,98,2.50000000e+02,141,-1300
245,1,99,2.26350000e+03,1,-1000
245,1,103,2.26350000e+03,140,-1000
245,1,104,2.26350000e+03,140,-1000
245,1,105,6.00441943e+03,141,-1208
245,1,106,6.79050000e+03,1,-1000
245,1,107,6.79050000e+03,1,-1000
245,1,108,6.79050000e+03,1,-1000
245,1,109,6.79050000e+03,1,-1000
245,1,110,2.08179993e+02,140,-1206
245,1,111,2.08179993e+02,140,-1211
245,1,112,6.98324023e+03,140,-1212
245,1,123,2.26350000e+03,1,-1000
245,1,130,0.00000000e+00,140,-1000
245,1,143,-1.30200000e+03,1,-1302
245,1,144,0.00000000e+00,1,-1302
246,0,1,4.00000000e+00,1,-1000
246,0,2,1.79000000e+02,141,-1000
246,0,12,0.00000000e+00,140,-1000
246,0,13,0.00000000e+00,140,-1000
246,0,14,0.00000000e+00,140,-1000
246,0,15,0.00000000e+00,140,-1000
246,0,16,5.37000000e+02,141,-1000
246,0,32,5.03000000e+03,1,-1000
246,0,33,2.26350000e+03,1,-1000
246,0,72,1.79000000e+02,1,93
246,0,73,9.99999978e-03,1,-1302
246,0,83,6.79050000e+03,1,-1000
246,0,84,2.26350000e+03,1,-1000
246,0,85,1.50900000e+04,1,-1000
246,0,86,5.03000000e+03,1,-1000
246,0,87,6.98324023e+03,140,-1213
246,0,88,6.79050000e+03,1,-1000
246,0,89,1.50900000e+04,1,-1000
246,0,92,6.98324023e+03,1,112
246,0,93,1.79000000e+02,141,-1209
246,0,98,2.50000000e+02,141,-1300
246,0,99,2.26350000e+03,1,-1000
246,0,103,2.26350000e+03,140,-1000
246,0,104,2.26350000e+03,140,-1000
246,0,105,6.00441943e+03,141,-1208
246,0,106,6.79050000e+03,1,-1000
246,0,107,6.79050000e+03,1,-1000
246,0,108,6.79050000e+03,1,-1000
246,0,109,6.79050000e+03,1,-1000
246,0,110,2.08179993e+02,140,-1206
246,0,111,2.08179993e+02,140,-1211
246,0,112,6.98324023e+03,140,-1212
246,0,123,2.26350000e+03,1,-1000
246,0,130,0.00000000e+00,140,-1000
246,1,1,4.00000000e+00,1,-1000
246,1,2,1.79000000e+02,141,-1000
246,1,12,0.00000000e+00,140,-1000
246,1,13,0.00000000e+00,140,-1000
246,1,14,0.00000000e+00,140,-1000
246,1,15,0.00000000e+00,140,-1000
246,1,16,5.37000000e+02,141,-1000
246,1,32,5.03000000e+03,1,-1000
246,1,33,2.26350000e+03,1,-1000
246,1,72,1.79000000e+02,1,93
246,1,73,9.99999978e-03,1,-1302
246,1,83,6.79050000e+03,1,-1000
246,1,84,2.26350000e+03,1,-1000
246,1,85,1.50900000e+04,1,-1000
246,1,86,5.03000000e+03,1,-1000
246,1,87,6.98324023e+03,140,-1213
246,1,88,6.79050000e+03,1,-1000
246,1,89,1.50900000e+04,1,-1000
246,1,92,6.98324023e+03,1,112
246,1,93,1.79000000e+02,141,-1209
246,1,98,2.50000000e+02,141,-1300
246,1,99,2.26350000e+03,1,-1000
246,1,103,2.26350000e+03,140,-1000
246,1,104,2.26350000e+03,140,-1000
246,1,105,6.00441943e+03,141,-1208
246,1,106,6.79050000e+03,1,-1000
246,1,107,6.79050000e+03,1,-1000
246,1,108,6.79050000e+03,1,-1000
246,1,109,6.79050000e+03,1,-1000
246,1,110,2.08179993e+02,140,-1206
246,1,111,2.08179993e+02,140,-1211
246,1,112,6.98324023e+03,140,-1212
246,1,123,2.26350000e+03,1,-1000
246,1,130,0.00000000e+00,140,-1000
247,0,1,5.00000000e+00,1,-1000
247,0,2,1.79000000e+02,141,-1000
247,0,4,1.00000001e-01,1,-1302
247,0,5,2.00000000e+02,1,-1102
247,0,6,8.20500031e+01,20,-1300
247,0,8,2.98000000e+02,1,-1300
247,0,16,5.37000000e+02,141,-1000
247,0,19,5.50000000e+01,1,-1203
247,0,22,5.00000000e-01,1,-1300
247,0,23,2.00000000e+01,1,-1201
247,0,31,1.34176970e+00,1,-1302
247,0,32,5.03000000e+03,1,0
247,0,33,1.76050000e+03,1,0
247,0,40,1.00000000e+00,1,118
247,0,50,6.22434309e-04,21,-1
247,0,72,1.79000000e+02,1,93
247,0,83,5.28150000e+03,1,0
247,0,84,1.76050000e+03,1,0
247,0,85,1.50900000e+04,1,0
247,0,86,5.03000000e+03,1,0
247,0,88,5.28150000e+03,1,0
247,0,89,1.50900000e+04,1,0
247,0,93,1.79000000e+02,141,-1209
247,0,98,2.50000000e+02,141,-1300
247,0,99,1.76050000e+03,1,0
247,0,105,4.80353564e+03,141,-1208
247,0,106,5.28150000e+03,1,0
247,0,107,5.28150000e+03,1,0
247,0,108,5.28150000e+03,1,0
247,0,109,5.28150000e+03,1,0
247,0,118,1.00000000e+00,143,-1000
247,0,119,1.00000000e+00,143,-1000
247,0,120,1.00000000e+00,143,-1000
247,0,123,1.76050000e+03,1,0
247,1,1,5.00000000e+00,1,-1000
247,1,2,1.79000000e+02,141,-1000
247,1,4,1.00000001e-01,1,-1302
247,1,5,2.00000000e+02,1,-1102
247,1,6,8.20500031e+01,20,-1300
247,1,8,2.98000000e+02,1,-1300
247,1,16,5.37000000e+02,141,-1000
247,1,19,5.50000000e+01,1,-1203
247,1,22,1.00000000e+00,1,-1300
247,1,23,2.00000000e+01,1,-1201
247,1,31,1.34176970e+00,1,-1302
247,1,32,5.03000000e+03,1,0
247,1,33,1.76050000e+03,1,0
247,1,40,1.00000000e+00,1,118
247,1,50,1.24486862e-03,21,-1
247,1,72,1.79000000e+02,1,93
247,1,83,5.28150000e+03,1,0
247,1,84,1.76050000e+03,1,0
247,1,85,1.50900000e+04,1,0
247,1,86,5.03000000e+03,1,0
247,1,88,5.28150000e+03,1,0
247,1,89,1.50900000e+04,1,0
247,1,93,1.79000000e+02,141,-1209
247,1,98,2.50000000e+02,141,-1300
247,1,99,1.76050000e+03,1,0
247,1,105,4.80353564e+03,141,-1208
247,1,106,5.28150000e+03,1,0
247,1,107,5.28150000e+03,1,0
247,1,108,5.28150000e+03,1,0
247,1,109,5.28150000e+03,1,0
247,1,118,1.00000000e+00,143,-1000
247,1,119,1.00000000e+00,143,-1000
247,1,120,1.00000000e+00,143,-1000
247,1,123,1.76050000e+03,1,0
248,0,1,5.00000000e+00,1,-1000
248,0,2,1.79000000e+02,141,-1000
248,0,12,0.00000000e+00,140,-1000
248,0,13,0.00000000e+00,140,-1000
248,0,14,0.00000000e+00,140,-1000
248,0,15,0.00000000e+00,140,-1000
248,0,16,5.37000000e+02,141,-1000
248,0,32,5.03000000e+03,1,-1000
248,0,33,1.76050000e+03,1,-1000
248,0,72,1.79000000e+02,1,93
248,0,73,2.50000004e-02,1,-1302
248,0,83,5.28150000e+03,1,-1000
248,0,84,1.76050000e+03,1,-1000
248,0,85,1.50900000e+04,1,-1000
248,0,86,5.03000000e+03,1,-1000
248,0,87,5.58659229e+03,140,-1213
248,0,88,5.28150000e+03,1,-1000
248,0,89,1.50900000e+04,1,-1000
248,0,92,5.58659229e+03,1,112
248,0,93,1.79000000e+02,141,-1209
248,0,98,2.50000000e+02,141,-1300
248,0,99,1.76050000e+03,1,-1000
248,0,103,1.76050000e+03,140,-1000
248,0,104,1.76050000e+03,140,-1000
248,0,105,4.80365088e+03,141,-1208
248,0,106,5.28150000e+03,1,-1000
248,0,107,5.28150000e+03,1,-1000
248,0,108,5.28150000e+03,1,-1000
248,0,109,5.28150000e+03,1,-1000
248,0,110,2.08175003e+02,140,-1206
248,0,111,2.08175003e+02,140,-1211
248,0,112,5.58659229e+03,140,-1212
248,0,123,1.76050000e+03,1,-1000
248,0,130,0.00000000e+00,140,-1000
248,1,1,5.00000000e+00,1,-1000
248,1,2,1.79000000e+02,141,-1000
248,1,12,0.00000000e+00,140,-1000
248,1,13,0.00000000e+00,140,-1000
248,1,14,0.00000000e+00,140,-1000
248,1,15,0.00000000e+00,140,-1000
248,1,16,5.37000000e+02,141,-1000
248,1,32,5.03000000e+03,1,-1000
248,1,33,1.76050000e+03,1,-1000
248,1,72,1.79000000e+02,1,93
248,1,73,2.99999993e-02,1,-1302
248,1,83,5.28150000e+03,1,-1000
248,1,84,1.76050000e+03,1,-1000
248,1,85,1.50900000e+04,1,-1000
248,1,86,5.03000000e+03,1,-1000
248,1,87,5.58659229e+03,140,-1213
248,1,88,5.28150000e+03,1,-1000
248,1,89,1.50900000e+04,1,-1000
248,1,92,5.58659229e+03,1,112
248,1,93,1.79000000e+02,141,-1209
248,1,98,2.50000000e+02,141,-1300
248,1,99,1.76050000e+03,1,-1000
248,1,103,1.76050000e+03,140,-1000
248,1,104,1.76050000e+03,140,-1000
248,1,105,4.80365088e+03,141,-1208
248,1,106,5.28150000e+03,1,-1000
248,1,107,5.28150000e+03,1,-1000
248,1,108,5.28150000e+03,1,-1000
248,1,109,5.28150000e+03,1,-1000
248,1,110,2.08175003e+02,140,-1206
248,1,111,2.08175003e+02,140,-1211
248,1,112,5.58659229e+03,140,-1212
248,1,123,1.76050000e+03,1,-1000
248,1,130,0.00000000e+00,140,-1000
249,0,1,5.00000000e+00,1,-1000
249,0,2,1.79000000e+02,141,-1000
249,0,4,1.00000001e-01,1,-1302
249,0,5,2.00000000e+02,1,-1102
249,0,7,1.00000000e+00,1,-1300
249,0,8,2.98000000e+02,1,-1300
249,0,16,5.37000000e+02,141,-1000
249,0,26,5.07999992e+00,1,-1302
249,0,28,0.00000000e+00,21,-1
249,0,31,1.34180188e+00,1,-1302
249,0,32,5.03000000e+03,1,0
249,0,33,1.76050000e+03,1,0
249,0,40,0.00000000e+00,1,118
249,0,50,0.00000000e+00,21,-1
249,0,69,1.00000000e+02,1,-1302
249,0,72,1.79000000e+02,1,93
249,0,83,5.28150000e+03,1,0
249,0,84,1.76050000e+03,1,0
249,0,85,1.50900000e+04,1,0
249,0,86,5.03000000e+03,1,0
249,0,88,5.28150000e+03,1,0
249,0,89,1.50900000e+04,1,0
249,0,93,1.79000000e+02,141,-1209
249,0,98,2.50000000e+02,141,-1300
249,0,99,1.76050000e+03,1,0
249,0,105,4.80365088e+03,141,-1208
249,0,106,5.28150000e+03,1,0
249,0,107,5.28150000e+03,1,0
249,0,108,5.28150000e+03,1,0
249,0,109,5.28150000e+03,1,0
249,0,118,1.00000000e+00,143,-1000
249,0,119,1.00000000e+00,143,-1000
249,0,120,1.00000000e+00,143,-1000
249,0,123,1.76050000e+03,1,0
249,1,1,5.00000000e+00,1,-1000
249,1,2,1.79000000e+02,141,-1000
249,1,4,1.00000001e-01,1,-1302
249,1,5,2.00000000e+02,1,-1102
249,1,7,1.00000000e+00,1,-1300
249,1,8,2.98000000e+02,1,-1300
249,1,16,5.37000000e+02,141,-1000
249,1,26,5.07999992e+00,1,-1302
249,1,28,2.02682991e+01,21,-1
249,1,31,1.34180188e+00,1,-1302
249,1,32,5.03000000e+03,1,0
249,1,33,1.76050000e+03,1,0
249,1,40,0.00000000e+00,1,118
249,1,50,2.07283028e-05,21,-1
249,1,69,1.00000000e+02,1,-1302
249,1,72,1.79000000e+02,1,93
249,1,83,5.28150000e+03,1,0
249,1,84,1.76050000e+03,1,0
249,1,85,1.50900000e+04,1,0
249,1,86,5.03000000e+03,1,0
249,1,88,5.28150000e+03,1,0
249,1,89,1.50900000e+04,1,0
249,1,93,1.79000000e+02,141,-1209
249,1,98,2.50000000e+02,141,-1300
249,1,99,1.76050000e+03,1,0
249,1,105,4.80365088e+03,141,-1208
249,1,106,5.28150000e+03,1,0
249,1,107,5.28150000e+03,1,0
249,1,108,5.28150000e+03,1,0
249,1,109,5.28150000e+03,1,0
249,1,118,1.00000000e+00,143,-1000
249,1,119,1.00000000e+00,143,-1000
249,1,120,1.00000000e+00,143,-1000
249,1,123,1.76050000e+03,1,0
250,0,1,5.00000000e+00,1,-1000
250,0,2,1.79000000e+02,141,-1000
250,0,4,1.00000001e-01,1,-1302
250,0,5,2.00000000e+02,1,-1102
250,0,7,1.00000000e+00,1,-1300
250,0,8,2.98000000e+02,1,-1300
250,0,16,5.37000000e+02,141,-1000
250,0,26,2.50000000e+00,1,-1302
250,0,28,4.90873861e+00,21,-1
250,0,31,1.00000000e+00,1,-1302
250,0,32,5.03000000e+03,1,0
250,0,33,1.76050000e+03,1,0
250,0,40,0.00000000e+00,1,118
250,0,50,7.15612987e-06,21,-1
250,0,69,1.00000000e+02,1,-1302
250,0,72,1.79000000e+02,1,2
250,0,83,5.28150000e+03,1,0
250,0,84,1.76050000e+03,1,0
250,0,85,1.50900000e+04,1,0
250,0,86,5.03000000e+03,1,0
250,0,88,5.28150000e+03,1,0
250,0,89,1.50900000e+04,1,0
250,0,93,1.79000000e+02,141,-1209
250,0,98,2.50000000e+02,141,-1300
250,0,99,1.76050000e+03,1,0
250,0,105,0.00000000e+00,141,-1208
250,0,106,5.28150000e+03,1,0
250,0,107,5.28150000e+03,1,0
250,0,108,5.28150000e+03,1,0
250,0,109,5.28150000e+03,1,0
250,0,118,1.00000000e+00,143,-1000
250,0,119,1.00000000e+00,143,-1000
250,0,120,1.00000000e+00,143,-1000
250,0,123,1.76050000e+03,1,0
250,1,1,5.00000000e+00,1,-1000
250,1,2,1.79000000e+02,141,-1000
250,1,4,1.00000001e-01,1,-1302
250,1,5,2.00000000e+02,1,-1102
250,1,7,1.00000000e+00,1,-1300
250,1,8,2.98000000e+02,1,-1300
250,1,16,5.37000000e+02,141,-1000
250,1,26,1.00000000e+01,1,-1302
250,1,28,7.85398178e+01,21,-1
250,1,31,1.00000000e+00,1,-1302
250,1,32,5.03000000e+03,1,0
250,1,33,1.76050000e+03,1,0
250,1,40,0.00000000e+00,1,118
250,1,50,5.72490389e-05,21,-1
250,1,69,1.00000000e+02,1,-1302
250,1,72,1.79000000e+02,1,2
250,1,83,5.28150000e+03,1,0
250,1,84,1.76050000e+03,1,0
250,1,85,1.50900000e+04,1,0
250,1,86,5.03000000e+03,1,0
250,1,88,5.28150000e+03,1,0
250,1,89,1.50900000e+04,1,0
250,1,93,1.79000000e+02,141,-1209
250,1,98,2.50000000e+02,141,-1300
250,1,99,1.76050000e+03,1,0
250,1,105,0.00000000e+00,141,-1208
250,1,106,5.28150000e+03,1,0
250,1,107,5.28150000e+03,1,0
250,1,108,5.28150000e+03,1,0
250,1,109,5.28150000e+03,1,0
250,1,118,1.00000000e+00,143,-1000
250,1,119,1.00000000e+00,143,-1000
250,1,120,1.00000000e+00,143,-1000
250,1,123,1.76050000e+03,1,0
251,0,1,5.00000000e+00,1,-1000
251,0,2,1.79000000e+02,141,-1000
251,0,12,0.00000000e+00,140,-1000
251,0,13,0.00000000e+00,140,-1000
251,0,14,0.00000000e+00,140,-1000
251,0,15,0.00000000e+00,140,-1000
251,0,16,5.37000000e+02,141,-1000
251,0,32,5.03000000e+03,1,-1000
251,0,33,1.76050000e+03,1,-1000
251,0,72,1.79000000e+02,1,2
251,0,73,1.99999996e-02,1,-1302
251,0,83,5.28150000e+03,1,-1000
251,0,84,1.76050000e+03,1,-1000
251,0,85,1.50900000e+04,1,-1000
251,0,86,5.03000000e+03,1,-1000
251,0,87,0.00000000e+00,140,-1213
251,0,88,5.28150000e+03,1,-1000
251,0,89,1.50900000e+04,1,-1000
251,0,92,5.28150000e+03,1,107
251,0,93,1.79000000e+02,141,-1209
251,0,98,2.50000000e+02,141,-1300
251,0,99,1.76050000e+03,1,-1000
251,0,103,1.76050000e+03,140,-1000
251,0,104,1.76050000e+03,140,-1000
251,0,105,0.00000000e+00,141,-1208
251,0,106,5.28150000e+03,1,-1000
251,0,107,5.28150000e+03,1,-1000
251,0,108,5.28150000e+03,1,-1000
251,0,109,5.28150000e+03,1,-1000
251,0,110,0.00000000e+00,140,-1206
251,0,111,0.00000000e+00,140,-1211
251,0,112,0.00000000e+00,140,-1212
251,0,123,1.76050000e+03,1,-1000
251,0,130,0.00000000e+00,140,-1000
251,1,1,5.00000000e+00,1,-1000
251,1,2,1.79000000e+02,141,-1000
251,1,12,0.00000000e+00,140,-1000
251,1,13,0.00000000e+00,140,-1000
251,1,14,0.00000000e+00,140,-1000
251,1,15,0.00000000e+00,140,-1000
251,1,16,5.37000000e+02,141,-1000
251,1,32,5.03000000e+03,1,-1000
251,1,33,1.76050000e+03,1,-1000
251,1,72,1.79000000e+02,1,2
251,1,73,1.99999996e-02,1,-1302
251,1,83,5.28150000e+03,1,-1000
251,1,84,1.76050000e+03,1,-1000
251,1,85,1.50900000e+04,1,-1000
251,1,86,5.03000000e+03,1,-1000
251,1,87,0.00000000e+00,140,-1213
251,1,88,5.28150000e+03,1,-1000
251,1,89,1.50900000e+04,1,-1000
251,1,92,5.28150000e+03,1,107
251,1,93,1.79000000e+02,141,-1209
251,1,98,2.50000000e+02,141,-1300
251,1,99,1.76050000e+03,1,-1000
251,1,103,1.76050000e+03,140,-1000
251,1,104,1.76050000e+03,140,-1000
251,1,105,0.00000000e+00,141,-1208
251,1,106,5.28150000e+03,1,-1000
251,1,107,5.28150000e+03,1,-1000
251,1,108,5.28150000e+03,1,-1000
251,1,109,5.28150000e+03,1,-1000
251,1,110,0.00000000e+00,140,-1206
251,1,111,0.00000000e+00,140,-1211
251,1,112,0.00000000e+00,140,-1212
251,1,123,1.76050000e+03,1,-1000
251,1,130,0.00000000e+00,140,-1000
252,0,1,5.00000000e+00,1,-1000
252,0,2,1.79000000e+02,141,-1000
252,0,4,1.00000001e-01,1,-1302
252,0,5,2.00000000e+02,1,-1102
252,0,7,1.00000000e+00,1,-1300
252,0,8,2.98000000e+02,1,-1300
252,0,16,5.37000000e+02,141,-1000
252,0,26,9.20000000e+01,1,-1302
252,0,28,0.00000000e+00,21,-1
252,0,31,4.00000000e+00,1,-1302
252,0,32,5.03000000e+03,1,0
252,0,33,1.76050000e+03,1,0
252,0,40,0.00000000e+00,1,118
252,0,50,0.00000000e+00,21,-1
252,0,69,1.00000000e+02,1,-1302
252,0,72,1.79000000e+02,1,2
252,0,83,5.28150000e+03,1,0
252,0,84,1.76050000e+03,1,0
252,0,85,1.50900000e+04,1,0
252,0,86,5.03000000e+03,1,0
252,0,88,5.28150000e+03,1,0
252,0,89,1.50900000e+04,1,0
252,0,93,1.79000000e+02,141,-1209
252,0,98,2.50000000e+02,141,-1300
252,0,99,1.76050000e+03,1,0
252,0,105,0.00000000e+00,141,-1208
252,0,106,5.28150000e+03,1,0
252,0,107,5.28150000e+03,1,0
252,0,108,5.28150000e+03,1,0
252,0,109,5.28150000e+03,1,0
252,0,118,1.00000000e+00,143,-1000
252,0,119,1.00000000e+00,143,-1000
252,0,120,1.00000000e+00,143,-1000
252,0,123,1.76050000e+03,1,0
252,1,1,5.00000000e+00,1,-1000
252,1,2,1.79000000e+02,141,-1000
252,1,4,1.00000001e-01,1,-1302
252,1,5,2.00000000e+02,1,-1102
252,1,7,1.00000000e+00,1,-1300
252,1,8,2.98000000e+02,1,-1300
252,1,16,5.37000000e+02,141,-1000
252,1,26,9.20000000e+01,1,-1302
252,1,28,6.64760986e+03,21,-1
252,1,31,4.00000000e+00,1,-1302
252,1,32,5.03000000e+03,1,0
252,1,33,1.76050000e+03,1,0
252,1,40,0.00000000e+00,1,118
252,1,50,1.59753335e-03,21,-1
252,1,69,1.00000000e+02,1,-1302
252,1,72,1.79000000e+02,1,2
252,1,83,5.28150000e+03,1,0
252,1,84,1.76050000e+03,1,0
252,1,85,1.50900000e+04,1,0
252,1,86,5.03000000e+03,1,0
252,1,88,5.28150000e+03,1,0
252,1,89,1.50900000e+04,1,0
252,1,93,1.79000000e+02,141,-1209
252,1,98,2.50000000e+02,141,-1300
252,1,99,1.76050000e+03,1,0
252,1,105,0.00000000e+00,141,-1208
252,1,106,5.28150000e+03,1,0
252,1,107,5.28150000e+03,1,0
252,1,108,5.28150000e+03,1,0
252,1,109,5.28150000e+03,1,0
252,1,118,1.00000000e+00,143,-1000
252,1,119,1.00000000e+00,143,-1000
252,1,120,1.00000000e+00,143,-1000
252,1,123,1.76050000e+03,1,0
253,0,1,5.00000000e+00,1,-1000
253,0,2,1.79000000e+02,141,-1000
253,0,4,1.00000001e-01,1,-1302
253,0,5,2.00000000e+02,1,-1102
253,0,7,1.00000000e+00,1,-1300
253,0,8,2.98000000e+02,1,-1300
253,0,16,5.37000000e+02,141,-1000
253,0,26,2.50000000e+00,1,-1302
253,0,28,4.90873909e+00,21,-1
253,0,31,1.00000000e+00,1,-1302
253,0,32,5.03000000e+03,1,0
253,0,33,1.76050000e+03,1,0
253,0,40,1.00000000e+00,1,119
253,0,50,7.15612987e-06,21,-1
253,0,69,1.00000000e+02,1,-1302
253,0,72,1.79000000e+02,1,2
253,0,83,5.28150000e+03,1,0
253,0,84,1.76050000e+03,1,0
253,0,85,1.50900000e+04,1,0
253,0,86,5.03000000e+03,1,0
253,0,88,5.28150000e+03,1,0
253,0,89,1.50900000e+04,1,0
253,0,93,1.79000000e+02,141,-1209
253,0,98,2.50000000e+02,141,-1300
253,0,99,1.76050000e+03,1,0
253,0,105,0.00000000e+00,141,-1208
253,0,106,5.28150000e+03,1,0
253,0,107,5.28150000e+03,1,0
253,0,108,5.28150000e+03,1,0
253,0,109,5.28150000e+03,1,0
253,0,118,1.00000000e+00,143,-1000
253,0,119,1.00000000e+00,143,-1000
253,0,120,1.00000000e+00,143,-1000
253,0,123,1.76050000e+03,1,0
253,1,1,5.00000000e+00,1,-1000
253,1,2,1.79000000e+02,141,-1000
253,1,4,1.00000001e-01,1,-1302
253,1,5,2.00000000e+02,1,-1102
253,1,7,1.00000000e+00,1,-1300
253,1,8,2.98000000e+02,1,-1300
253,1,16,5.37000000e+02,141,-1000
253,1,26,1.50000000e+01,1,999
253,1,28,1.76714584e+02,21,-1
253,1,31,2.50000000e-01,3,999
253,1,32,5.03000000e+03,1,0
253,1,33,1.76050000e+03,1,0
253,1,40,1.00000000e+00,1,119
253,1,50,1.05173203e-04,21,-1
253,1,69,1.00000000e+02,1,-1302
253,1,72,1.79000000e+02,1,2
253,1,83,5.28150000e+03,1,0
253,1,84,1.76050000e+03,1,0
253,1,85,1.50900000e+04,1,0
253,1,86,5.03000000e+03,1,0
253,1,88,5.28150000e+03,1,0
253,1,89,1.50900000e+04,1,0
253,1,93,1.79000000e+02,141,-1209
253,1,98,2.50000000e+02,141,-1300
253,1,99,1.76050000e+03,1,0
253,1,105,0.00000000e+00,141,-1208
253,1,106,5.28150000e+03,1,0
253,1,107,5.28150000e+03,1,0
253,1,108,5.28150000e+03,1,0
253,1,109,5.28150000e+03,1,0
253,1,118,1.00000000e+00,143,-1000
253,1,119,1.00000000e+00,143,-1000
253,1,120,1.00000000e+00,143,-1000
253,1,123,1.76050000e+03,1,0
254,0,1,5.00000000e+00,1,-1000
254,0,2,1.79000000e+02,141,-1000
254,0,12,0.00000000e+00,140,-1000
254,0,13,0.00000000e+00,140,-1000
254,0,14,0.00000000e+00,140,-1000
254,0,15,0.00000000e+00,140,-1000
254,0,16,5.37000000e+02,141,-1000
254,0,32,5.03000000e+03,1,-1000
254,0,33,1.76050000e+03,1,-1000
254,0,72,1.79000000e+02,1,2
254,0,83,5.28150000e+03,1,-1000
254,0,84,1.76050000e+03,1,-1000
254,0,85,1.50900000e+04,1,-1000
254,0,86,5.03000000e+03,1,-1000
254,0,87,0.00000000e+00,140,-1213
254,0,88,5.28150000e+03,1,-1000
254,0,89,1.50900000e+04,1,-1000
254,0,92,5.28150000e+03,1,107
254,0,93,1.79000000e+02,141,-1209
254,0,98,2.50000000e+02,141,-1300
254,0,99,1.76050000e+03,1,-1000
254,0,103,1.76050000e+03,140,-1000
254,0,104,1.76050000e+03,140,-1000
254,0,105,0.00000000e+00,141,-1208
254,0,106,5.28150000e+03,1,-1000
254,0,107,5.28150000e+03,1,-1000
254,0,108,5.28150000e+03,1,-1000
254,0,109,5.28150000e+03,1,-1000
254,0,110,0.00000000e+00,140,-1206
254,0,111,0.00000000e+00,140,-1211
254,0,112,0.00000000e+00,140,-1212
254,0,117,0.00000000e+00,3,999
254,0,123,1.76050000e+03,1,-1000
254,0,130,0.00000000e+00,140,-1000
254,1,1,5.00000000e+00,1,-1000
254,1,2,1.79000000e+02,141,-1000
254,1,12,0.00000000e+00,140,-1000
254,1,13,0.00000000e+00,140,-1000
254,1,14,0.00000000e+00,140,-1000
254,1,15,0.00000000e+00,140,-1000
254,1,16,5.37000000e+02,141,-1000
254,1,32,5.03000000e+03,1,-1000
254,1,33,1.76050000e+03,1,-1000
254,1,72,1.79000000e+02,1,2
254,1,83,5.28150000e+03,1,-1000
254,1,84,1.76050000e+03,1,-1000
254,1,85,1.50900000e+04,1,-1000
254,1,86,5.03000000e+03,1,-1000
254,1,87,0.00000000e+00,140,-1213
254,1,88,5.28150000e+03,1,-1000
254,1,89,1.50900000e+04,1,-1000
254,1,92,5.28150000e+03,1,107
254,1,93,1.79000000e+02,141,-1209
254,1,98,2.50000000e+02,141,-1300
254,1,99,1.76050000e+03,1,-1000
254,1,103,1.76050000e+03,140,-1000
254,1,104,1.76050000e+03,140,-1000
254,1,105,0.00000000e+00,141,-1208
254,1,106,5.28150000e+03,1,-1000
254,1,107,5.28150000e+03,1,-1000
254,1,108,5.28150000e+03,1,-1000
254,1,109,5.28150000e+03,1,-1000
254,1,110,0.00000000e+00,140,-1206
254,1,111,0.00000000e+00,140,-1211
254,1,112,0.00000000e+00,140,-1212
254,1,117,1.99999995e-04,3,999
254,1,123,1.76050000e+03,1,-1000
254,1,130,0.00000000e+00,140,-1000
255,0,1,5.00000000e+00,1,-1000
255,0,2,1.79000000e+02,141,-1000
255,0,4,1.00000001e-01,1,-1302
255,0,5,2.00000000e+02,1,-1102
255,0,6,8.20500031e+01,20,-1300
255,0,8,2.98000000e+02,1,-1300
255,0,16,5.37000000e+02,141,-1000
255,0,19,5.50000000e+01,1,-1203
255,0,22,5.00000000e-01,1,-1300
255,0,23,2.00000000e+01,1,-1201
255,0,31,3.83371973e+00,1,-1302
255,0,32,5.03000000e+03,1,0
255,0,33,1.76050000e+03,1,0
255,0,40,0.00000000e+00,1,119
255,0,50,6.22434309e-04,21,-1
255,0,72,1.79000000e+02,1,93
255,0,83,5.28150000e+03,1,0
255,0,84,1.76050000e+03,1,0
255,0,85,1.50900000e+04,1,0
255,0,86,5.03000000e+03,1,0
255,0,88,5.28150000e+03,1,0
255,0,89,1.50900000e+04,1,0
255,0,93,1.79000000e+02,141,-1209
255,0,98,2.50000000e+02,141,-1300
255,0,99,1.76050000e+03,1,0
255,0,105,1.37247168e+04,141,-1208
255,0,106,5.28150000e+03,1,0
255,0,107,5.28150000e+03,1,0
255,0,108,5.28150000e+03,1,0
255,0,109,5.28150000e+03,1,0
255,0,118,1.00000000e+00,143,-1000
255,0,119,1.00000000e+00,143,-1000
255,0,120,1.00000000e+00,143,-1000
255,0,123,1.76050000e+03,1,0
255,1,1,5.00000000e+00,1,-1000
255,1,2,1.79000000e+02,141,-1000
255,1,4,1.00000001e-01,1,-1302
255,1,5,2.00000000e+02,1,-1102
255,1,6,8.20500031e+01,20,-1300
255,1,8,2.98000000e+02,1,-1300
255,1,16,5.37000000e+02,141,-1000
255,1,19,5.50000000e+01,1,-1203
255,1,22,1.00000000e+00,1,-1300
255,1,23,2.00000000e+01,1,-1201
255,1,31,3.83371973e+00,1,-1302
255,1,32,5.03000000e+03,1,0
255,1,33,1.76050000e+03,1,0
255,1,40,0.00000000e+00,1,119
255,1,50,1.24486862e-03,21,-1
255,1,72,1.79000000e+02,1,93
255,1,83,5.28150000e+03,1,0
255,1,84,1.76050000e+03,1,0
255,1,85,1.50900000e+04,1,0
255,1,86,5.03000000e+03,1,0
255,1,88,5.28150000e+03,1,0
255,1,89,1.50900000e+04,1,0
255,1,93,1.79000000e+02,141,-1209
255,1,98,2.50000000e+02,141,-1300
255,1,99,1.76050000e+03,1,0
255,1,105,1.37247168e+04,141,-1208
255,1,106,5.28150000e+03,1,0
255,1,107,5.28150000e+03,1,0
255,1,108,5.28150000e+03,1,0
255,1,109,5.28150000e+03,1,0
255,1,118,1.00000000e+00,143,-1000
255,1,119,1.00000000e+00,143,-1000
255,1,120,1.00000000e+00,143,-1000
255,1,123,1.76050000e+03,1,0
256,0,1,5.00000000e+00,1,-1000
256,0,2,1.79000000e+02,141,-1000
256,0,12,0.00000000e+00,140,-1000
256,0,13,0.00000000e+00,140,-1000
256,0,14,0.00000000e+00,140,-1000
256,0,15,0.00000000e+00,140,-1000
256,0,16,5.37000000e+02,141,-1000
256,0,32,5.03000000e+03,1,-1000
256,0,33,1.76050000e+03,1,-1000
256,0,72,1.79000000e+02,1,2
256,0,83,5.28150000e+03,1,-1000
256,0,84,1.76050000e+03,1,-1000
256,0,85,1.50900000e+04,1,-1000
256,0,86,5.03000000e+03,1,-1000
256,0,87,0.00000000e+00,140,-1213
256,0,88,5.28150000e+03,1,-1000
256,0,89,1.50900000e+04,1,-1000
256,0,92,5.28150000e+03,1,107
256,0,93,1.79000000e+02,141,-1209
256,0,98,2.50000000e+02,141,-1300
256,0,99,1.76050000e+03,1,-1000
256,0,103,1.76050000e+03,140,-1000
256,0,104,1.76050000e+03,140,-1000
256,0,105,0.00000000e+00,141,-1208
256,0,106,5.28150000e+03,1,-1000
256,0,107,5.28150000e+03,1,-1000
256,0,108,5.28150000e+03,1,-1000
256,0,109,5.28150000e+03,1,-1000
256,0,110,0.00000000e+00,140,-1206
256,0,111,0.00000000e+00,140,-1211
256,0,112,0.00000000e+00,140,-1212
256,0,117,0.00000000e+00,3,999
256,0,123,1.76050000e+03,1,-1000
256,0,130,0.00000000e+00,140,-1000
256,1,1,5.00000000e+00,1,-1000
256,1,2,1.79000000e+02,141,-1000
256,1,12,0.00000000e+00,140,-1000
256,1,13,0.00000000e+00,140,-1000
256,1,14,0.00000000e+00,140,-1000
256,1,15,0.00000000e+00,140,-1000
256,1,16,5.37000000e+02,141,-1000
256,1,32,5.03000000e+03,1,-1000
256,1,33,1.76050000e+03,1,-1000
256,1,72,7.00000000e+00,3,999
256,1,83,5.28150000e+03,1,-1000
256,1,84,1.76050000e+03,1,-1000
256,1,85,1.50900000e+04,1,-1000
256,1,86,5.03000000e+03,1,-1000
256,1,87,0.00000000e+00,140,-1213
256,1,88,5.28150000e+03,1,-1000
256,1,89,1.50900000e+04,1,-1000
256,1,92,1.76050000e+03,3,103
256,1,93,1.79000000e+02,141,-1209
256,1,98,2.50000000e+02,141,-1300
256,1,99,1.76050000e+03,1,-1000
256,1,103,1.76050000e+03,140,-1000
256,1,104,1.76050000e+03,140,-1000
256,1,105,0.00000000e+00,141,-1208
256,1,106,5.28150000e+03,1,-1000
256,1,107,5.28150000e+03,1,-1000
256,1,108,5.28150000e+03,1,-1000
256,1,109,5.28150000e+03,1,-1000
256,1,110,0.00000000e+00,140,-1206
256,1,111,0.00000000e+00,140,-1211
256,1,112,0.00000000e+00,140,-1212
256,1,117,1.00000000e+00,3,999
256,1,123,1.76050000e+03,1,-1000
256,1,130,0.00000000e+00,140,-1000
257,0,1,5.00000000e+00,1,-1000
257,0,2,1.79000000e+02,141,-1000
257,0,4,1.00000001e-01,1,-1302
257,0,5,2.00000000e+02,1,-1102
257,0,7,1.00000000e+00,1,-1300
257,0,8,2.98000000e+02,1,-1300
257,0,16,5.37000000e+02,141,-1000
257,0,26,2.50000000e+00,1,-1302
257,0,28,4.90873861e+00,21,-1
257,0,31,1.00000000e+00,1,-1302
257,0,32,5.03000000e+03,1,0
257,0,33,1.76050000e+03,1,0
257,0,40,0.00000000e+00,1,119
257,0,50,7.15612987e-06,21,-1
257,0,69,1.00000000e+02,1,-1302
257,0,72,1.79000000e+02,1,2
257,0,83,5.28150000e+03,1,0
257,0,84,1.76050000e+03,1,0
257,0,85,1.50900000e+04,1,0
257,0,86,5.03000000e+03,1,0
257,0,88,5.28150000e+03,1,0
257,0,89,1.50900000e+04,1,0
257,0,93,1.79000000e+02,141,-1209
257,0,98,2.50000000e+02,141,-1300
257,0,99,1.76050000e+03,1,0
257,0,105,0.00000000e+00,141,-1208
257,0,106,5.28150000e+03,1,0
257,0,107,5.28150000e+03,1,0
257,0,108,5.28150000e+03,1,0
257,0,109,5.28150000e+03,1,0
257,0,118,1.00000000e+00,143,-1000
257,0,119,1.00000000e+00,143,-1000
257,0,120,1.00000000e+00,143,-1000
257,0,123,1.76050000e+03,1,0
257,1,1,5.00000000e+00,1,-1000
257,1,2,1.79000000e+02,141,-1000
257,1,4,1.00000001e-01,1,-1302
257,1,5,2.00000000e+02,1,-1102
257,1,7,1.00000000e+00,1,-1300
257,1,8,2.98000000e+02,1,-1300
257,1,16,5.37000000e+02,141,-1000
257,1,26,1.00000000e+01,1,-1302
257,1,28,7.85398178e+01,21,-1
257,1,31,1.00000000e+00,1,-1302
257,1,32,5.03000000e+03,1,0
257,1,33,1.76050000e+03,1,0
257,1,40,0.00000000e+00,1,119
257,1,50,5.72490389e-05,21,-1
257,1,69,1.00000000e+02,1,-1302
257,1,72,1.79000000e+02,1,2
257,1,83,5.28150000e+03,1,0
257,1,84,1.76050000e+03,1,0
257,1,85,1.50900000e+04,1,0
257,1,86,5.03000000e+03,1,0
257,1,88,5.28150000e+03,1,0
257,1,89,1.50900000e+04,1,0
257,1,93,1.79000000e+02,141,-1209
257,1,98,2.50000000e+02,141,-1300
257,1,99,1.76050000e+03,1,0
257,1,105,0.00000000e+00,141,-1208
257,1,106,5.28150000e+03,1,0
257,1,107,5.28150000e+03,1,0
257,1,108,5.28150000e+03,1,0
257,1,109,5.28150000e+03,1,0
257,1,118,1.00000000e+00,143,-1000
257,1,119,1.00000000e+00,143,-1000
257,1,120,1.00000000e+00,143,-1000
257,1,123,1.76050000e+03,1,0
258,0,1,4.10000000e+01,1,-1000
258,0,2,2.50000000e+02,141,-1000
258,0,12,0.00000000e+00,140,-1000
258,0,13,0.00000000e+00,140,-1000
258,0,14,0.00000000e+00,140,-1000
258,0,15,0.00000000e+00,140,-1000
258,0,16,2.50000000e+02,141,-1000
258,0,32,1.95871000e+05,1,-1000
258,0,33,9.79354980e+03,1,-1000
258,0,72,2.50000000e+02,1,2
258,0,73,1.99999996e-02,1,-1302
258,0,83,1.95871000e+05,1,-1000
258,0,84,1.95871000e+05,1,-1000
258,0,85,1.95871000e+05,1,-1000
258,0,86,1.95871000e+05,1,-1000
258,0,87,0.00000000e+00,140,-1213
258,0,88,1.95871000e+05,1,-1000
258,0,89,1.95871000e+05,1,-1000
258,0,92,9.79354980e+03,1,107
258,0,93,2.50000000e+02,141,-1209
258,0,98,2.50000000e+02,141,-1300
258,0,99,1.95871000e+05,1,-1000
258,0,103,9.79354980e+03,140,-1000
258,0,104,9.79354980e+03,140,-1000
258,0,105,0.00000000e+00,141,-1208
258,0,106,9.79354980e+03,1,-1000
258,0,107,9.79354980e+03,1,-1000
258,0,108,9.79354980e+03,1,-1000
258,0,109,9.79354980e+03,1,-1000
258,0,110,0.00000000e+00,140,-1206
258,0,111,0.00000000e+00,140,-1211
258,0,112,0.00000000e+00,140,-1212
258,0,123,9.79354980e+03,1,-1000
258,0,130,0.00000000e+00,140,-1000
258,1,1,4.10000000e+01,1,-1000
258,1,2,2.50000000e+02,141,-1000
258,1,12,0.00000000e+00,140,-1000
258,1,13,0.00000000e+00,140,-1000
258,1,14,0.00000000e+00,140,-1000
258,1,15,0.00000000e+00,140,-1000
258,1,16,2.50000000e+02,141,-1000
258,1,32,1.95871000e+05,1,-1000
258,1,33,9.79354980e+03,1,-1000
258,1,72,2.50000000e+02,1,2
258,1,73,1.99999996e-02,1,-1302
258,1,83,1.95871000e+05,1,-1000
258,1,84,1.95871000e+05,1,-1000
258,1,85,1.95871000e+05,1,-1000
258,1,86,1.95871000e+05,1,-1000
258,1,87,0.00000000e+00,140,-1213
258,1,88,1.95871000e+05,1,-1000
258,1,89,1.95871000e+05,1,-1000
258,1,92,9.79354980e+03,1,107
258,1,93,2.50000000e+02,141,-1209
258,1,98,2.50000000e+02,141,-1300
258,1,99,1.95871000e+05,1,-1000
258,1,103,9.79354980e+03,140,-1000
258,1,104,9.79354980e+03,140,-1000
258,1,105,0.00000000e+00,141,-1208
258,1,106,9.79354980e+03,1,-1000
258,1,107,9.79354980e+03,1,-1000
258,1,108,9.79354980e+03,1,-1000
258,1,109,9.79354980e+03,1,-1000
258,1,110,0.00000000e+00,140,-1206
258,1,111,0.00000000e+00,140,-1211
258,1,112,0.00000000e+00,140,-1212
258,1,123,9.79354980e+03,1,-1000
258,1,130,0.00000000e+00,140,-1000
259,0,1,4.10000000e+01,1,-1000
259,0,2,2.50000000e+02,141,-1000
259,0,12,0.00000000e+00,140,-1000
259,0,13,0.00000000e+00,140,-1000
259,0,14,0.00000000e+00,140,-1000
259,0,15,0.00000000e+00,140,-1000
259,0,16,2.50000000e+02,141,-1000
259,0,32,1.95871000e+05,1,-1000
259,0,33,9.79354980e+03,1,-1000
259,0,72,2.50000000e+02,1,2
259,0,83,1.95871000e+05,1,-1000
259,0,84,1.95871000e+05,1,-1000
259,0,85,1.95871000e+05,1,-1000
259,0,86,1.95871000e+05,1,-1000
259,0,87,0.00000000e+00,140,-1213
259,0,88,1.95871000e+05,1,-1000
259,0,89,1.95871000e+05,1,-1000
259,0,92,9.79354980e+03,1,107
259,0,93,2.50000000e+02,141,-1209
259,0,98,2.50000000e+02,141,-1300
259,0,99,1.95871000e+05,1,-1000
259,0,103,9.79354980e+03,140,-1000
259,0,104,9.79354980e+03,140,-1000
259,0,105,0.00000000e+00,141,-1208
259,0,106,9.79354980e+03,1,-1000
259,0,107,9.79354980e+03,1,-1000
259,0,108,9.79354980e+03,1,-1000
259,0,109,9.79354980e+03,1,-1000
259,0,110,0.00000000e+00,140,-1206
259,0,111,0.00000000e+00,140,-1211
259,0,112,0.00000000e+00,140,-1212
259,0,117,0.00000000e+00,3,999
259,0,123,9.79354980e+03,1,-1000
259,0,130,0.00000000e+00,140,-1000
259,1,1,4.10000000e+01,1,-1000
259,1,2,2.50000000e+02,141,-1000
259,1,12,0.00000000e+00,140,-1000
259,1,13,0.00000000e+00,140,-1000
259,1,14,0.00000000e+00,140,-1000
259,1,15,0.00000000e+00,140,-1000
259,1,16,2.50000000e+02,141,-1000
259,1,32,1.95871000e+05,1,-1000
259,1,33,9.79354980e+03,1,-1000
259,1,72,2.50000000e+02,1,2
259,1,83,1.95871000e+05,1,-1000
259,1,84,1.95871000e+05,1,-1000
259,1,85,1.95871000e+05,1,-1000
259,1,86,1.95871000e+05,1,-1000
259,1,87,0.00000000e+00,140,-1213
259,1,88,1.95871000e+05,1,-1000
259,1,89,1.95871000e+05,1,-1000
259,1,92,9.79354980e+03,1,107
259,1,93,2.50000000e+02,141,-1209
259,1,98,2.50000000e+02,141,-1300
259,1,99,1.95871000e+05,1,-1000
259,1,103,9.79354980e+03,140,-1000
259,1,104,9.79354980e+03,140,-1000
259,1,105,0.00000000e+00,141,-1208
259,1,106,9.79354980e+03,1,-1000
259,1,107,9.79354980e+03,1,-1000
259,1,108,9.79354980e+03,1,-1000
259,1,109,9.79354980e+03,1,-1000
259,1,110,0.00000000e+00,140,-1206
259,1,111,0.00000000e+00,140,-1211
259,1,112,0.00000000e+00,140,-1212
259,1,117,5.00000024e-04,3,999
259,1,123,9.79354980e+03,1,-1000
259,1,130,0.00000000e+00,140,-1000
260,0,1,4.10000000e+01,1,-1000
260,0,2,2.50000000e+02,141,-1000
260,0,12,0.00000000e+00,140,-1000
260,0,13,0.00000000e+00,140,-1000
260,0,14,0.00000000e+00,140,-1000
260,0,15,0.00000000e+00,140,-1000
260,0,16,2.50000000e+02,141,-1000
260,0,32,1.95871000e+05,1,-1000
260,0,33,9.79354980e+03,1,-1000
260,0,72,2.50000000e+02,1,93
260,0,73,2.50000004e-02,1,-1302
260,0,83,1.95871000e+05,1,-1000
260,0,84,1.95871000e+05,1,-1000
260,0,85,1.95871000e+05,1,-1000
260,0,86,1.95871000e+05,1,-1000
260,0,87,9.75609766e+03,140,-1213
260,0,88,1.95871000e+05,1,-1000
260,0,89,1.95871000e+05,1,-1000
260,0,92,9.75609766e+03,1,112
260,0,93,2.50000000e+02,141,-1209
260,0,98,2.50000000e+02,141,-1300
260,0,99,1.95871000e+05,1,-1000
260,0,103,9.79354980e+03,140,-1000
260,0,104,9.79354980e+03,140,-1000
260,0,105,1.17162217e+04,141,-1208
260,0,106,9.79354980e+03,1,-1000
260,0,107,9.79354980e+03,1,-1000
260,0,108,9.79354980e+03,1,-1000
260,0,109,9.79354980e+03,1,-1000
260,0,110,2.08175003e+02,140,-1206
260,0,111,2.08175003e+02,140,-1211
260,0,112,9.75609766e+03,140,-1212
260,0,123,9.79354980e+03,1,-1000
260,0,130,0.00000000e+00,140,-1000
260,1,1,4.10000000e+01,1,-1000
260,1,2,2.50000000e+02,141,-1000
260,1,12,0.00000000e+00,140,-1000
260,1,13,0.00000000e+00,140,-1000
260,1,14,0.00000000e+00,140,-1000
260,1,15,0.00000000e+00,140,-1000
260,1,16,2.50000000e+02,141,-1000
260,1,32,1.95871000e+05,1,-1000
260,1,33,9.79354980e+03,1,-1000
260,1,72,2.50000000e+02,1,93
260,1,73,2.99999993e-02,1,-1302
260,1,83,1.95871000e+05,1,-1000
260,1,84,1.95871000e+05,1,-1000
260,1,85,1.95871000e+05,1,-1000
260,1,86,1.95871000e+05,1,-1000
260,1,87,9.75609766e+03,140,-1213
260,1,88,1.95871000e+05,1,-1000
260,1,89,1.95871000e+05,1,-1000
260,1,92,9.75609766e+03,1,112
260,1,93,2.50000000e+02,141,-1209
260,1,98,2.50000000e+02,141,-1300
260,1,99,1.95871000e+05,1,-1000
260,1,103,9.79354980e+03,140,-1000
260,1,104,9.79354980e+03,140,-1000
260,1,105,1.17162217e+04,141,-1208
260,1,106,9.79354980e+03,1,-1000
260,1,107,9.79354980e+03,1,-1000
260,1,108,9.79354980e+03,1,-1000
260,1,109,9.79354980e+03,1,-1000
260,1,110,2.08175003e+02,140,-1206
260,1,111,2.08175003e+02,140,-1211
260,1,112,9.75609766e+03,140,-1212
260,1,123,9.79354980e+03,1,-1000
260,1,130,0.00000000e+00,140,-1000
261,0,1,4.10000000e+01,1,-1000
261,0,2,2.50000000e+02,141,-1000
261,0,12,0.00000000e+00,140,-1000
261,0,13,0.00000000e+00,140,-1000
261,0,14,0.00000000e+00,140,-1000
261,0,15,0.00000000e+00,140,-1000
261,0,16,2.50000000e+02,141,-1000
261,0,32,1.95871000e+05,1,-1000
261,0,33,9.79354980e+03,1,-1000
261,0,72,2.50000000e+02,1,93
261,0,73,9.99999978e-03,1,-1302
261,0,83,9.79354980e+03,1,-1000
261,0,84,9.79354980e+03,1,-1000
261,0,85,1.95871000e+05,1,-1000
261,0,86,1.95871000e+05,1,-1000
261,0,87,9.75609766e+03,140,-1213
261,0,88,9.79354980e+03,1,-1000
261,0,89,1.95871000e+05,1,-1000
261,0,92,9.75609766e+03,1,112
261,0,93,2.50000000e+02,141,-1209
261,0,98,2.50000000e+02,141,-1300
261,0,99,9.79354980e+03,1,-1000
261,0,103,9.79354980e+03,140,-1000
261,0,104,9.79354980e+03,140,-1000
261,0,105,1.17159404e+04,141,-1208
261,0,106,9.79354980e+03,1,-1000
261,0,107,9.79354980e+03,1,-1000
261,0,108,9.79354980e+03,1,-1000
261,0,109,9.79354980e+03,1,-1000
261,0,110,2.08179993e+02,140,-1206
261,0,111,2.08179993e+02,140,-1211
261,0,112,9.75609766e+03,140,-1212
261,0,123,9.79354980e+03,1,-1000
261,0,130,0.00000000e+00,140,-1000
261,1,1,4.10000000e+01,1,-1000
261,1,2,2.50000000e+02,141,-1000
261,1,12,0.00000000e+00,140,-1000
261,1,13,0.00000000e+00,140,-1000
261,1,14,0.00000000e+00,140,-1000
261,1,15,0.00000000e+00,140,-1000
261,1,16,2.50000000e+02,141,-1000
261,1,32,1.95871000e+05,1,-1000
261,1,33,9.79354980e+03,1,-1000
261,1,72,2.50000000e+02,1,93
261,1,73,9.99999978e-03,1,-1302
261,1,83,9.79354980e+03,1,-1000
261,1,84,9.79354980e+03,1,-1000
261,1,85,1.95871000e+05,1,-1000
261,1,86,1.95871000e+05,1,-1000
261,1,87,9.75609766e+03,140,-1213
261,1,88,9.79354980e+03,1,-1000
261,1,89,1.95871000e+05,1,-1000
261,1,92,9.75609766e+03,1,112
261,1,93,2.50000000e+02,141,-1209
261,1,98,2.50000000e+02,141,-1300
261,1,99,9.79354980e+03,1,-1000
261,1,103,9.79354980e+03,140,-1000
261,1,104,9.79354980e+03,140,-1000
261,1,105,1.17159404e+04,141,-1208
261,1,106,9.79354980e+03,1,-1000
261,1,107,9.79354980e+03,1,-1000
261,1,108,9.79354980e+03,1,-1000
261,1,109,9.79354980e+03,1,-1000
261,1,110,2.08179993e+02,140,-1206
261,1,111,2.08179993e+02,140,-1211
261,1,112,9.75609766e+03,140,-1212
261,1,123,9.79354980e+03,1,-1000
261,1,130,0.00000000e+00,140,-1000
262,0,1,4.10000000e+01,1,-1000
262,0,2,2.50000000e+02,141,-1000
262,0,12,0.00000000e+00,140,-1000
262,0,13,0.00000000e+00,140,-1000
262,0,14,0.00000000e+00,140,-1000
262,0,15,0.00000000e+00,140,-1000
262,0,16,2.50000000e+02,141,-1000
262,0,32,1.95871000e+05,1,-1000
262,0,33,9.79354980e+03,1,-1000
262,0,72,2.50000000e+02,1,2
262,0,83,9.79354980e+03,1,-1000
262,0,84,9.79354980e+03,1,-1000
262,0,85,1.95871000e+05,1,-1000
262,0,86,1.95871000e+05,1,-1000
262,0,87,0.00000000e+00,140,-1213
262,0,88,9.79354980e+03,1,-1000
262,0,89,1.95871000e+05,1,-1000
262,0,92,9.79354980e+03,1,107
262,0,93,2.50000000e+02,141,-1209
262,0,98,2.50000000e+02,141,-1300
262,0,99,9.79354980e+03,1,-1000
262,0,103,9.79354980e+03,140,-1000
262,0,104,9.79354980e+03,140,-1000
262,0,105,0.00000000e+00,141,-1208
262,0,106,9.79354980e+03,1,-1000
262,0,107,9.79354980e+03,1,-1000
262,0,108,9.79354980e+03,1,-1000
262,0,109,9.79354980e+03,1,-1000
262,0,110,0.00000000e+00,140,-1206
262,0,111,0.00000000e+00,140,-1211
262,0,112,0.00000000e+00,140,-1212
262,0,117,2.09999993e-03,3,999
262,0,123,9.79354980e+03,1,-1000
262,0,130,0.00000000e+00,140,-1000
262,1,1,4.10000000e+01,1,-1000
262,1,2,2.50000000e+02,141,-1000
262,1,12,0.00000000e+00,140,-1000
262,1,13,0.00000000e+00,140,-1000
262,1,14,0.00000000e+00,140,-1000
262,1,15,0.00000000e+00,140,-1000
262,1,16,2.50000000e+02,141,-1000
262,1,32,1.95871000e+05,1,-1000
262,1,33,9.79354980e+03,1,-1000
262,1,72,2.50000000e+02,1,2
262,1,83,9.79354980e+03,1,-1000
262,1,84,9.79354980e+03,1,-1000
262,1,85,1.95871000e+05,1,-1000
262,1,86,1.95871000e+05,1,-1000
262,1,87,0.00000000e+00,140,-1213
262,1,88,9.79354980e+03,1,-1000
262,1,89,1.95871000e+05,1,-1000
262,1,92,9.79354980e+03,1,107
262,1,93,2.50000000e+02,141,-1209
262,1,98,2.50000000e+02,141,-1300
262,1,99,9.79354980e+03,1,-1000
262,1,103,9.79354980e+03,140,-1000
262,1,104,9.79354980e+03,140,-1000
262,1,105,0.00000000e+00,141,-1208
262,1,106,9.79354980e+03,1,-1000
262,1,107,9.79354980e+03,1,-1000
262,1,108,9.79354980e+03,1,-1000
262,1,109,9.79354980e+03,1,-1000
262,1,110,0.00000000e+00,140,-1206
262,1,111,0.00000000e+00,140,-1211
262,1,112,0.00000000e+00,140,-1212
262,1,117,6.50000013e-03,3,999
262,1,123,9.79354980e+03,1,-1000
262,1,130,0.00000000e+00,140,-1000
263,0,1,4.10000000e+01,1,-1000
263,0,2,2.50000000e+02,141,-1000
263,0,12,0.00000000e+00,140,-1000
263,0,13,0.00000000e+00,140,-1000
263,0,14,0.00000000e+00,140,-1000
263,0,15,0.00000000e+00,140,-1000
263,0,16,2.50000000e+02,141,-1000
263,0,32,1.95871000e+05,1,-1000
263,0,33,9.79354980e+03,1,-1000
263,0,72,2.50000000e+02,1,2
263,0,73,1.99999996e-02,1,-1302
263,0,83,9.79354980e+03,1,-1000
263,0,84,9.79354980e+03,1,-1000
263,0,85,1.95871000e+05,1,-1000
263,0,86,1.95871000e+05,1,-1000
263,0,87,0.00000000e+00,140,-1213
263,0,88,9.79354980e+03,1,-1000
263,0,89,1.95871000e+05,1,-1000
263,0,92,9.79354980e+03,1,107
263,0,93,2.50000000e+02,141,-1209
263,0,98,2.50000000e+02,141,-1300
263,0,99,9.79354980e+03,1,-1000
263,0,103,9.79354980e+03,140,-1000
263,0,104,9.79354980e+03,140,-1000
263,0,105,0.00000000e+00,141,-1208
263,0,106,9.79354980e+03,1,-1000
263,0,107,9.79354980e+03,1,-1000
263,0,108,9.79354980e+03,1,-1000
263,0,109,9.79354980e+03,1,-1000
263,0,110,0.00000000e+00,140,-1206
263,0,111,0.00000000e+00,140,-1211
263,0,112,0.00000000e+00,140,-1212
263,0,123,9.79354980e+03,1,-1000
263,0,130,0.00000000e+00,140,-1000
263,1,1,4.10000000e+01,1,-1000
263,1,2,2.50000000e+02,141,-1000
263,1,12,0.00000000e+00,140,-1000
263,1,13,0.00000000e+00,140,-1000
263,1,14,0.00000000e+00,140,-1000
263,1,15,0.00000000e+00,140,-1000
263,1,16,2.50000000e+02,141,-1000
263,1,32,1.95871000e+05,1,-1000
263,1,33,9.79354980e+03,1,-1000
263,1,72,2.50000000e+02,1,2
263,1,73,1.99999996e-02,1,-1302
263,1,83,9.79354980e+03,1,-1000
263,1,84,9.79354980e+03,1,-1000
263,1,85,1.95871000e+05,1,-1000
263,1,86,1.95871000e+05,1,-1000
263,1,87,0.00000000e+00,140,-1213
263,1,88,9.79354980e+03,1,-1000
263,1,89,1.95871000e+05,1,-1000
263,1,92,9.79354980e+03,1,107
263,1,93,2.50000000e+02,141,-1209
263,1,98,2.50000000e+02,141,-1300
263,1,99,9.79354980e+03,1,-1000
263,1,103,9.79354980e+03,140,-1000
263,1,104,9.79354980e+03,140,-1000
263,1,105,0.00000000e+00,141,-1208
263,1,106,9.79354980e+03,1,-1000
263,1,107,9.79354980e+03,1,-1000
263,1,108,9.79354980e+03,1,-1000
263,1,109,9.79354980e+03,1,-1000
263,1,110,0.00000000e+00,140,-1206
263,1,111,0.00000000e+00,140,-1211
263,1,112,0.00000000e+00,140,-1212
263,1,123,9.79354980e+03,1,-1000
263,1,130,0.00000000e+00,140,-1000
264,0,1,4.10000000e+01,1,-1000
264,0,2,2.50000000e+02,141,-1000
264,0,12,0.00000000e+00,140,-1000
264,0,13,0.00000000e+00,140,-1000
264,0,14,0.00000000e+00,140,-1000
264,0,15,0.00000000e+00,140,-1000
264,0,16,2.50000000e+02,141,-1000
264,0,32,1.95871000e+05,1,-1000
264,0,33,9.79354980e+03,1,-1000
264,0,72,2.50000000e+02,1,2
264,0,83,9.79354980e+03,1,-1000
264,0,84,9.79354980e+03,1,-1000
264,0,85,1.95871000e+05,1,-1000
264,0,86,1.95871000e+05,1,-1000
264,0,87,0.00000000e+00,140,-1213
264,0,88,9.79354980e+03,1,-1000
264,0,89,1.95871000e+05,1,-1000
264,0,92,9.79354980e+03,1,107
264,0,93,2.50000000e+02,141,-1209
264,0,98,2.50000000e+02,141,-1300
264,0,99,9.79354980e+03,1,-1000
264,0,103,9.79354980e+03,140,-1000
264,0,104,9.79354980e+03,140,-1000
264,0,105,0.00000000e+00,141,-1208
264,0,106,9.79354980e+03,1,-1000
264,0,107,9.79354980e+03,1,-1000
264,0,108,9.79354980e+03,1,-1000
264,0,109,9.79354980e+03,1,-1000
264,0,110,0.00000000e+00,140,-1206
264,0,111,0.00000000e+00,140,-1211
264,0,112,0.00000000e+00,140,-1212
264,0,117,0.00000000e+00,3,999
264,0,123,9.79354980e+03,1,-1000
264,0,130,0.00000000e+00,140,-1000
264,1,1,4.10000000e+01,1,-1000
264,1,2,2.50000000e+02,141,-1000
264,1,12,0.00000000e+00,140,-1000
264,1,13,0.00000000e+00,140,-1000
264,1,14,0.00000000e+00,140,-1000
264,1,15,0.00000000e+00,140,-1000
264,1,16,2.50000000e+02,141,-1000
264,1,32,1.95871000e+05,1,-1000
264,1,33,9.79354980e+03,1,-1000
264,1,72,2.50000000e+02,1,2
264,1,83,9.79354980e+03,1,-1000
264,1,84,9.79354980e+03,1,-1000
264,1,85,1.95871000e+05,1,-1000
264,1,86,1.95871000e+05,1,-1000
264,1,87,0.00000000e+00,140,-1213
264,1,88,9.79354980e+03,1,-1000
264,1,89,1.95871000e+05,1,-1000
264,1,92,9.79354980e+03,1,107
264,1,93,2.50000000e+02,141,-1209
264,1,98,2.50000000e+02,141,-1300
264,1,99,9.79354980e+03,1,-1000
264,1,103,9.79354980e+03,140,-1000
264,1,104,9.79354980e+03,140,-1000
264,1,105,0.00000000e+00,141,-1208
264,1,106,9.79354980e+03,1,-1000
264,1,107,9.79354980e+03,1,-1000
264,1,108,9.79354980e+03,1,-1000
264,1,109,9.79354980e+03,1,-1000
264,1,110,0.00000000e+00,140,-1206
264,1,111,0.00000000e+00,140,-1211
264,1,112,0.00000000e+00,140,-1212
264,1,117,5.00000024e-04,3,999
264,1,123,9.79354980e+03,1,-1000
264,1,130,0.00000000e+00,140,-1000
265,0,1,6.30000000e+01,1,-1000
265,0,2,2.50000000e+02,141,-1000
265,0,12,0.00000000e+00,140,-1000
265,0,13,0.00000000e+00,140,-1000
265,0,14,0.00000000e+00,140,-1000
265,0,15,0.00000000e+00,140,-1000
265,0,16,2.50000000e+02,141,-1000
265,0,32,0.00000000e+00,1,-1000
265,0,33,6.35500000e+02,1,-1000
265,0,72,2.50000000e+02,1,93
265,0,73,9.99999978e-03,1,-1302
265,0,83,1.27100000e+04,1,-1000
265,0,84,1.27100000e+04,1,-1000
265,0,85,0.00000000e+00,1,-1000
265,0,86,0.00000000e+00,1,-1000
265,0,87,1.26984170e+04,140,-1213
265,0,88,1.27100000e+04,1,-1000
265,0,89,0.00000000e+00,1,-1000
265,0,92,6.34920898e+02,1,112
265,0,93,2.50000000e+02,141,-1209
265,0,98,2.50000000e+02,141,-1300
265,0,99,1.27100000e+04,1,-1000
265,0,103,6.35500000e+02,140,-1000
265,0,104,0.00000000e+00,140,-1000
265,0,105,1.52493203e+04,141,-1208
265,0,106,0.00000000e+00,1,-1000
265,0,107,6.35500000e+02,1,-1000
265,0,108,0.00000000e+00,1,-1000
265,0,109,6.35500000e+02,1,-1000
265,0,110,2.08179993e+02,140,-1206
265,0,111,1.04089994e+01,140,-1211
265,0,112,6.34920898e+02,140,-1212
265,0,123,0.00000000e+00,1,-1000
265,0,130,0.00000000e+00,140,-1000
265,1,1,6.30000000e+01,1,-1000
265,1,2,2.50000000e+02,141,-1000
265,1,12,0.00000000e+00,140,-1000
265,1,13,0.00000000e+00,140,-1000
265,1,14,0.00000000e+00,140,-1000
265,1,15,0.00000000e+00,140,-1000
265,1,16,2.50000000e+02,141,-1000
265,1,32,0.00000000e+00,1,-1000
265,1,33,6.35500000e+02,1,-1000
265,1,72,2.50000000e+02,1,93
265,1,73,9.99999978e-03,1,-1302
265,1,83,1.27100000e+04,1,-1000
265,1,84,1.27100000e+04,1,-1000
265,1,85,0.00000000e+00,1,-1000
265,1,86,0.00000000e+00,1,-1000
265,1,87,1.26984170e+04,140,-1213
265,1,88,1.27100000e+04,1,-1000
265,1,89,0.00000000e+00,1,-1000
265,1,92,6.34920898e+02,1,112
265,1,93,2.50000000e+02,141,-1209
265,1,98,2.50000000e+02,141,-1300
265,1,99,1.27100000e+04,1,-1000
265,1,103,6.35500000e+02,140,-1000
265,1,104,0.00000000e+00,140,-1000
265,1,105,1.52493203e+04,141,-1208
265,1,106,0.00000000e+00,1,-1000
265,1,107,6.35500000e+02,1,-1000
265,1,108,0.00000000e+00,1,-1000
265,1,109,6.35500000e+02,1,-1000
265,1,110,2.08179993e+02,140,-1206
265,1,111,1.04089994e+01,140,-1211
265,1,112,6.34920898e+02,140,-1212
265,1,123,0.00000000e+00,1,-1000
265,1,130,0.00000000e+00,140,-1000
266,0,1,6.30000000e+01,1,-1000
266,0,2,2.50000000e+02,141,-1000
266,0,12,0.00000000e+00,140,-1000
266,0,13,0.00000000e+00,140,-1000
266,0,14,0.00000000e+00,140,-1000
266,0,15,0.00000000e+00,140,-1000
266,0,16,2.50000000e+02,141,-1000
266,0,32,0.00000000e+00,1,-1000
266,0,33,6.35500000e+02,1,-1000
266,0,72,2.50000000e+02,1,2
266,0,83,1.27100000e+04,1,-1000
266,0,84,1.27100000e+04,1,-1000
266,0,85,0.00000000e+00,1,-1000
266,0,86,0.00000000e+00,1,-1000
266,0,87,0.00000000e+00,140,-1213
266,0,88,1.27100000e+04,1,-1000
266,0,89,0.00000000e+00,1,-1000
266,0,92,6.35500000e+02,1,107
266,0,93,2.50000000e+02,141,-1209
266,0,98,2.50000000e+02,141,-1300
266,0,99,1.27100000e+04,1,-1000
266,0,103,6.35500000e+02,140,-1000
266,0,104,0.00000000e+00,140,-1000
266,0,105,0.00000000e+00,141,-1208
266,0,106,0.00000000e+00,1,-1000
266,0,107,6.35500000e+02,1,-1000
266,0,108,0.00000000e+00,1,-1000
266,0,109,6.35500000e+02,1,-1000
266,0,110,0.00000000e+00,140,-1206
266,0,111,0.00000000e+00,140,-1211
266,0,112,0.00000000e+00,140,-1212
266,0,117,0.00000000e+00,3,999
266,0,123,0.00000000e+00,1,-1000
266,0,130,0.00000000e+00,140,-1000
266,1,1,6.30000000e+01,1,-1000
266,1,2,2.50000000e+02,141,-1000
266,1,12,0.00000000e+00,140,-1000
266,1,13,0.00000000e+00,140,-1000
266,1,14,0.00000000e+00,140,-1000
266,1,15,0.00000000e+00,140,-1000
266,1,16,2.50000000e+02,141,-1000
266,1,32,0.00000000e+00,1,-1000
266,1,33,6.35500000e+02,1,-1000
266,1,72,2.50000000e+02,1,2
266,1,83,1.27100000e+04,1,-1000
266,1,84,1.27100000e+04,1,-1000
266,1,85,0.00000000e+00,1,-1000
266,1,86,0.00000000e+00,1,-1000
266,1,87,0.00000000e+00,140,-1213
266,1,88,1.27100000e+04,1,-1000
266,1,89,0.00000000e+00,1,-1000
266,1,92,6.35500000e+02,1,107
266,1,93,2.50000000e+02,141,-1209
266,1,98,2.50000000e+02,141,-1300
266,1,99,1.27100000e+04,1,-1000
266,1,103,6.35500000e+02,140,-1000
266,1,104,0.00000000e+00,140,-1000
266,1,105,0.00000000e+00,141,-1208
266,1,106,0.00000000e+00,1,-1000
266,1,107,6.35500000e+02,1,-1000
266,1,108,0.00000000e+00,1,-1000
266,1,109,6.35500000e+02,1,-1000
266,1,110,0.00000000e+00,140,-1206
266,1,111,0.00000000e+00,140,-1211
266,1,112,0.00000000e+00,140,-1212
266,1,117,9.99999975e-05,3,999
266,1,123,0.00000000e+00,1,-1000
266,1,130,0.00000000e+00,140,-1000
267,0,1,6.30000000e+01,1,-1000
267,0,2,2.50000000e+02,141,-1000
267,0,12,0.00000000e+00,140,-1000
267,0,13,0.00000000e+00,140,-1000
267,0,14,0.00000000e+00,140,-1000
267,0,15,0.00000000e+00,140,-1000
267,0,16,2.50000000e+02,141,-1000
267,0,32,0.00000000e+00,1,-1000
267,0,33,6.35500000e+02,1,-1000
267,0,72,2.50000000e+02,1,2
267,0,83,1.27100000e+04,1,-1000
267,0,84,1.27100000e+04,1,-1000
267,0,85,0.00000000e+00,1,-1000
267,0,86,0.00000000e+00,1,-1000
267,0,87,0.00000000e+00,140,-1213
267,0,88,1.27100000e+04,1,-1000
267,0,89,0.00000000e+00,1,-1000
267,0,92,6.35500000e+02,1,107
267,0,93,2.50000000e+02,141,-1209
267,0,98,2.50000000e+02,141,-1300
267,0,99,1.27100000e+04,1,-1000
267,0,103,6.35500000e+02,140,-1000
267,0,104,0.00000000e+00,140,-1000
267,0,105,0.00000000e+00,141,-1208
267,0,106,0.00000000e+00,1,-1000
267,0,107,6.35500000e+02,1,-1000
267,0,108,0.00000000e+00,1,-1000
267,0,109,6.35500000e+02,1,-1000
267,0,110,0.00000000e+00,140,-1206
267,0,111,0.00000000e+00,140,-1211
267,0,112,0.00000000e+00,140,-1212
267,0,117,0.00000000e+00,3,999
267,0,123,0.00000000e+00,1,-1000
267,0,130,0.00000000e+00,140,-1000
267,1,1,6.30000000e+01,1,-1000
267,1,2,2.50000000e+02,141,-1000
267,1,12,0.00000000e+00,140,-1000
267,1,13,0.00000000e+00,140,-1000
267,1,14,0.00000000e+00,140,-1000
267,1,15,0.00000000e+00,140,-1000
267,1,16,2.50000000e+02,141,-1000
267,1,32,0.00000000e+00,1,-1000
267,1,33,6.35500000e+02,1,-1000
267,1,72,2.50000000e+02,1,2
267,1,83,1.27100000e+04,1,-1000
267,1,84,1.27100000e+04,1,-1000
267,1,85,0.00000000e+00,1,-1000
267,1,86,0.00000000e+00,1,-1000
267,1,87,0.00000000e+00,140,-1213
267,1,88,1.27100000e+04,1,-1000
267,1,89,0.00000000e+00,1,-1000
267,1,92,6.35500000e+02,1,107
267,1,93,2.50000000e+02,141,-1209
267,1,98,2.50000000e+02,141,-1300
267,1,99,1.27100000e+04,1,-1000
267,1,103,6.35500000e+02,140,-1000
267,1,104,0.00000000e+00,140,-1000
267,1,105,0.00000000e+00,141,-1208
267,1,106,0.00000000e+00,1,-1000
267,1,107,6.35500000e+02,1,-1000
267,1,108,0.00000000e+00,1,-1000
267,1,109,6.35500000e+02,1,-1000
267,1,110,0.00000000e+00,140,-1206
267,1,111,0.00000000e+00,140,-1211
267,1,112,0.00000000e+00,140,-1212
267,1,117,2.49999994e-03,3,999
267,1,123,0.00000000e+00,1,-1000
267,1,130,0.00000000e+00,140,-1000
268,0,1,6.30000000e+01,1,-1000
268,0,2,2.50000000e+02,141,-1000
268,0,12,0.00000000e+00,140,-1000
268,0,13,0.00000000e+00,140,-1000
268,0,14,0.00000000e+00,140,-1000
268,0,15,0.00000000e+00,140,-1000
268,0,16,2.50000000e+02,141,-1000
268,0,32,0.00000000e+00,1,-1000
268,0,33,6.35500000e+02,1,-1000
268,0,72,2.50000000e+02,1,2
268,0,73,1.99999996e-02,1,-1302
268,0,83,1.27100000e+04,1,-1000
268,0,84,1.27100000e+04,1,-1000
268,0,85,0.00000000e+00,1,-1000
268,0,86,0.00000000e+00,1,-1000
268,0,87,0.00000000e+00,140,-1213
268,0,88,1.27100000e+04,1,-1000
268,0,89,0.00000000e+00,1,-1000
268,0,92,6.35500000e+02,1,107
268,0,93,2.50000000e+02,141,-1209
268,0,98,2.50000000e+02,141,-1300
268,0,99,1.27100000e+04,1,-1000
268,0,103,6.35500000e+02,140,-1000
268,0,104,0.00000000e+00,140,-1000
268,0,105,0.00000000e+00,141,-1208
268,0,106,0.00000000e+00,1,-1000
268,0,107,6.35500000e+02,1,-1000
268,0,108,0.00000000e+00,1,-1000
268,0,109,6.35500000e+02,1,-1000
268,0,110,0.00000000e+00,140,-1206
268,0,111,0.00000000e+00,140,-1211
268,0,112,0.00000000e+00,140,-1212
268,0,123,0.00000000e+00,1,-1000
268,0,130,0.00000000e+00,140,-1000
268,1,1,6.30000000e+01,1,-1000
268,1,2,2.50000000e+02,141,-1000
268,1,12,0.00000000e+00,140,-1000
268,1,13,0.00000000e+00,140,-1000
268,1,14,0.00000000e+00,140,-1000
268,1,15,0.00000000e+00,140,-1000
268,1,16,2.50000000e+02,141,-1000
268,1,32,0.00000000e+00,1,-1000
268,1,33,6.35500000e+02,1,-1000
268,1,72,2.50000000e+02,1,2
268,1,73,1.99999996e-02,1,-1302
268,1,83,1.27100000e+04,1,-1000
268,1,84,1.27100000e+04,1,-1000
268,1,85,0.00000000e+00,1,-1000
268,1,86,0.00000000e+00,1,-1000
268,1,87,0.00000000e+00,140,-1213
268,1,88,1.27100000e+04,1,-1000
268,1,89,0.00000000e+00,1,-1000
268,1,92,6.35500000e+02,1,107
268,1,93,2.50000000e+02,141,-1209
268,1,98,2.50000000e+02,141,-1300
268,1,99,1.27100000e+04,1,-1000
268,1,103,6.35500000e+02,140,-1000
268,1,104,0.00000000e+00,140,-1000
268,1,105,0.00000000e+00,141,-1208
268,1,106,0.00000000e+00,1,-1000
268,1,107,6.35500000e+02,1,-1000
268,1,108,0.00000000e+00,1,-1000
268,1,109,6.35500000e+02,1,-1000
268,1,110,0.00000000e+00,140,-1206
268,1,111,0.00000000e+00,140,-1211
268,1,112,0.00000000e+00,140,-1212
268,1,123,0.00000000e+00,1,-1000
268,1,130,0.00000000e+00,140,-1000
269,0,1,6.30000000e+01,1,-1000
269,0,2,2.50000000e+02,141,-1000
269,0,12,0.00000000e+00,140,-1000
269,0,13,0.00000000e+00,140,-1000
269,0,14,0.00000000e+00,140,-1000
269,0,15,0.00000000e+00,140,-1000
269,0,16,2.50000000e+02,141,-1000
269,0,32,0.00000000e+00,1,-1000
269,0,33,6.35500000e+02,1,-1000
269,0,72,2.50000000e+02,1,2
269,0,83,1.27100000e+04,1,-1000
269,0,84,1.27100000e+04,1,-1000
269,0,85,0.00000000e+00,1,-1000
269,0,86,0.00000000e+00,1,-1000
269,0,87,0.00000000e+00,140,-1213
269,0,88,1.27100000e+04,1,-1000
269,0,89,0.00000000e+00,1,-1000
269,0,92,6.35500000e+02,1,107
269,0,93,2.50000000e+02,141,-1209
269,0,98,2.50000000e+02,141,-1300
269,0,99,1.27100000e+04,1,-1000
269,0,103,6.35500000e+02,140,-1000
269,0,104,0.00000000e+00,140,-1000
269,0,105,0.00000000e+00,141,-1208
269,0,106,0.00000000e+00,1,-1000
269,0,107,6.35500000e+02,1,-1000
269,0,108,0.00000000e+00,1,-1000
269,0,109,6.35500000e+02,1,-1000
269,0,110,0.00000000e+00,140,-1206
269,0,111,0.00000000e+00,140,-1211
269,0,112,0.00000000e+00,140,-1212
269,0,117,0.00000000e+00,3,999
269,0,123,0.00000000e+00,1,-1000
269,0,130,0.00000000e+00,140,-1000
269,1,1,6.30000000e+01,1,-1000
269,1,2,2.50000000e+02,141,-1000
269,1,12,0.00000000e+00,140,-1000
269,1,13,0.00000000e+00,140,-1000
269,1,14,0.00000000e+00,140,-1000
269,1,15,0.00000000e+00,140,-1000
269,1,16,2.50000000e+02,141,-1000
269,1,32,0.00000000e+00,1,-1000
269,1,33,6.35500000e+02,1,-1000
269,1,72,2.50000000e+02,1,2
269,1,83,1.27100000e+04,1,-1000
269,1,84,1.27100000e+04,1,-1000
269,1,85,0.00000000e+00,1,-1000
269,1,86,0.00000000e+00,1,-1000
269,1,87,0.00000000e+00,140,-1213
269,1,88,1.27100000e+04,1,-1000
269,1,89,0.00000000e+00,1,-1000
269,1,92,6.35500000e+02,1,107
269,1,93,2.50000000e+02,141,-1209
269,1,98,2.50000000e+02,141,-1300
269,1,99,1.27100000e+04,1,-1000
269,1,103,6.35500000e+02,140,-1000
269,1,104,0.00000000e+00,140,-1000
269,1,105,0.00000000e+00,141,-1208
269,1,106,0.00000000e+00,1,-1000
269,1,107,6.35500000e+02,1,-1000
269,1,108,0.00000000e+00,1,-1000
269,1,109,6.35500000e+02,1,-1000
269,1,110,0.00000000e+00,140,-1206
269,1,111,0.00000000e+00,140,-1211
269,1,112,0.00000000e+00,140,-1212
269,1,117,2.50000004e-02,3,999
269,1,123,0.00000000e+00,1,-1000
269,1,130,0.00000000e+00,140,-1000
270,0,1,1.20000000e+01,1,-1000
270,0,2,2.60000000e+02,141,-1000
270,0,12,0.00000000e+00,140,-1000
270,0,13,0.00000000e+00,140,-1000
270,0,14,0.00000000e+00,140,-1000
270,0,15,0.00000000e+00,140,-1000
270,0,16,2.60000000e+02,141,-1000
270,0,32,0.00000000e+00,1,-1000
270,0,33,3.16590004e+01,1,-1000
270,0,72,6.56236420e+01,1,105
270,0,73,2.50000004e-02,1,-1302
270,0,83,5.19000015e+01,1,-1000
270,0,84,5.19000015e+01,1,-1000
270,0,85,0.00000000e+00,1,-1000
270,0,86,0.00000000e+00,1,-1000
270,0,87,5.25430832e+01,140,-1213
270,0,88,5.19000015e+01,1,-1000
270,0,89,0.00000000e+00,1,-1000
270,0,92,1.26986755e+02,1,111
270,0,93,2.60000000e+02,141,-1209
270,0,98,2.50000000e+02,141,-1300
270,0,99,5.19000015e+01,1,-1000
270,0,103,3.16590004e+01,140,-1000
270,0,104,0.00000000e+00,140,-1000
270,0,105,6.56236420e+01,141,-1208
270,0,106,0.00000000e+00,1,-1000
270,0,107,3.16590004e+01,1,-1000
270,0,108,0.00000000e+00,1,-1000
270,0,109,3.16590004e+01,1,-1000
270,0,110,2.08175003e+02,140,-1206
270,0,111,1.26986755e+02,140,-1211
270,0,112,3.20512810e+01,140,-1212
270,0,123,0.00000000e+00,1,-1000
270,0,130,0.00000000e+00,140,-1000
270,1,1,1.20000000e+01,1,-1000
270,1,2,2.60000000e+02,141,-1000
270,1,12,0.00000000e+00,140,-1000
270,1,13,0.00000000e+00,140,-1000
270,1,14,0.00000000e+00,140,-1000
270,1,15,0.00000000e+00,140,-1000
270,1,16,2.60000000e+02,141,-1000
270,1,32,0.00000000e+00,1,-1000
270,1,33,3.16590004e+01,1,-1000
270,1,72,6.56236420e+01,1,105
270,1,73,2.99999993e-02,1,-1302
270,1,83,5.19000015e+01,1,-1000
270,1,84,5.19000015e+01,1,-1000
270,1,85,0.00000000e+00,1,-1000
270,1,86,0.00000000e+00,1,-1000
270,1,87,5.25430832e+01,140,-1213
270,1,88,5.19000015e+01,1,-1000
270,1,89,0.00000000e+00,1,-1000
270,1,92,1.26986755e+02,1,111
270,1,93,2.60000000e+02,141,-1209
270,1,98,2.50000000e+02,141,-1300
270,1,99,5.19000015e+01,1,-1000
270,1,103,3.16590004e+01,140,-1000
270,1,104,0.00000000e+00,140,-1000
270,1,105,6.56236420e+01,141,-1208
270,1,106,0.00000000e+00,1,-1000
270,1,107,3.16590004e+01,1,-1000
270,1,108,0.00000000e+00,1,-1000
270,1,109,3.16590004e+01,1,-1000
270,1,110,2.08175003e+02,140,-1206
270,1,111,1.26986755e+02,140,-1211
270,1,112,3.20512810e+01,140,-1212
270,1,123,0.00000000e+00,1,-1000
270,1,130,0.00000000e+00,140,-1000
271,0,1,1.20000000e+01,1,-1000
271,0,2,2.60000000e+02,141,-1000
271,0,12,0.00000000e+00,140,-1000
271,0,13,0.00000000e+00,140,-1000
271,0,14,0.00000000e+00,140,-1000
271,0,15,0.00000000e+00,140,-1000
