ParmID,ParmValue,ParmType,ScenarioID
49,0.00000000e+00,0,84
50,0.00000000e+00,0,84
51,0.00000000e+00,0,84
52,0.00000000e+00,0,84
53,0.00000000e+00,0,84
54,0.00000000e+00,0,84
55,0.00000000e+00,0,84
56,0.00000000e+00,0,84
57,0.00000000e+00,0,84
58,0.00000000e+00,0,84
59,0.00000000e+00,0,84
60,0.00000000e+00,0,84
61,0.00000000e+00,0,84
62,0.00000000e+00,0,84
63,0.00000000e+00,0,84
64,0.00000000e+00,0,84
65,0.00000000e+00,0,84
66,0.00000000e+00,0,84
67,0.00000000e+00,0,84
68,0.00000000e+00,0,84
69,0.00000000e+00,0,84
70,0.00000000e+00,0,84
71,0.00000000e+00,0,84
72,0.00000000e+00,0,84
73,0.00000000e+00,0,84
74,0.00000000e+00,0,84
75,0.00000000e+00,0,84
76,0.00000000e+00,0,84
77,0.00000000e+00,0,84
78,0.00000000e+00,0,84
79,0.00000000e+00,0,84
80,0.00000000e+00,0,84
81,0.00000000e+00,0,84
82,0.00000000e+00,0,84
83,5.48000000e+02,1,84
84,5.48000000e+02,1,84
85,0.00000000e+00,1,84
86,0.00000000e+00,1,84
87,0.00000000e+00,0,84
88,5.48000000e+02,1,84
89,0.00000000e+00,1,84
90,0.00000000e+00,0,84
91,0.00000000e+00,0,84
92,0.00000000e+00,0,84
93,0.00000000e+00,0,84
94,0.00000000e+00,0,84
95,0.00000000e+00,0,84
96,0.00000000e+00,0,84
97,0.00000000e+00,0,84
98,2.50000000e+02,0,84
99,5.48000000e+02,2,84
100,0.00000000e+00,0,84
101,2.40000000e+01,2,84
102,1.00000000e+00,1,84
103,3.83600006e+02,1,84
104,0.00000000e+00,1,84
105,0.00000000e+00,0,84
106,0.00000000e+00,1,84
107,3.83600006e+02,1,84
108,0.00000000e+00,1,84
109,3.83600006e+02,1,84
110,0.00000000e+00,0,84
111,0.00000000e+00,0,84
112,0.00000000e+00,0,84
113,0.00000000e+00,0,84
114,0.00000000e+00,0,84
115,0.00000000e+00,0,84
116,0.00000000e+00,0,84
117,0.00000000e+00,0,84
118,1.00000000e+00,1,84
119,1.00000000e+00,1,84
120,1.00000000e+00,1,84
121,1.00000001e-01,0,84
122,1.00000001e-01,0,84
123,0.00000000e+00,1,84
124,0.00000000e+00,0,84
125,0.00000000e+00,0,84
126,0.00000000e+00,0,84
127,0.00000000e+00,0,84
128,0.00000000e+00,0,84
129,0.00000000e+00,0,84
130,0.00000000e+00,0,84
131,0.00000000e+00,0,84
132,0.00000000e+00,0,84
133,0.00000000e+00,0,84
134,0.00000000e+00,0,84
135,0.00000000e+00,0,84
136,0.00000000e+00,0,84
137,0.00000000e+00,0,84
138,0.00000000e+00,0,84
139,0.00000000e+00,0,84
140,0.00000000e+00,0,84
141,0.00000000e+00,0,84
142,0.00000000e+00,0,84
143,0.00000000e+00,0,84
144,0.00000000e+00,0,84
0,0.00000000e+00,0,85
1,3.00000000e+00,1,85
2,2.50000000e+02,1,85
3,0.00000000e+00,0,85
4,0.00000000e+00,0,85
5,0.00000000e+00,0,85
6,0.00000000e+00,0,85
7,0.00000000e+00,0,85
8,0.00000000e+00,0,85
9,0.00000000e+00,0,85
10,4.00000019e-03,2,85
11,2.00000003e-01,2,85
12,0.00000000e+00,0,85
13,0.00000000e+00,0,85
14,0.00000000e+00,0,85
15,0.00000000e+00,0,85
16,2.50000000e+02,2,85
17,1.00000000e+00,1,85
18,3.65000000e+02,2,85
19,0.00000000e+00,0,85
20,0.00000000e+00,0,85
21,0.00000000e+00,0,85
22,0.00000000e+00,0,85
23,0.00000000e+00,0,85
24,1.00000000e+00,1,85
25,0.00000000e+00,0,85
26,0.00000000e+00,0,85
27,0.00000000e+00,0,85
28,0.00000000e+00,0,85
29,1.00000000e+00,1,85
30,1.00000000e+00,1,85
31,0.00000000e+00,0,85
32,4.10000000e+03,1,85
33,1.63999996e+01,1,85
34,0.00000000e+00,0,85
35,0.00000000e+00,0,85
36,0.00000000e+00,0,85
37,0.00000000e+00,0,85
38,0.00000000e+00,0,85
39,1.00000000e+00,0,85
40,0.00000000e+00,0,85
41,0.00000000e+00,0,85
42,0.00000000e+00,0,85
43,0.00000000e+00,0,85
44,0.00000000e+00,0,85
45,0.00000000e+00,0,85
46,0.00000000e+00,0,85
47,0.00000000e+00,0,85
48,0.00000000e+00,0,85
49,0.00000000e+00,0,85
50,0.00000000e+00,0,85
51,0.00000000e+00,0,85
52,0.00000000e+00,0,85
53,0.00000000e+00,0,85
54,0.00000000e+00,0,85
55,0.00000000e+00,0,85
56,0.00000000e+00,0,85
57,0.00000000e+00,0,85
58,0.00000000e+00,0,85
59,0.00000000e+00,0,85
60,0.00000000e+00,0,85
61,0.00000000e+00,0,85
62,0.00000000e+00,0,85
63,0.00000000e+00,0,85
64,0.00000000e+00,0,85
65,0.00000000e+00,0,85
66,0.00000000e+00,0,85
67,0.00000000e+00,0,85
68,0.00000000e+00,0,85
69,0.00000000e+00,0,85
70,0.00000000e+00,0,85
71,0.00000000e+00,0,85
72,0.00000000e+00,0,85
73,0.00000000e+00,0,85
74,0.00000000e+00,0,85
75,0.00000000e+00,0,85
76,0.00000000e+00,0,85
77,0.00000000e+00,0,85
78,0.00000000e+00,0,85
79,0.00000000e+00,0,85
80,0.00000000e+00,0,85
81,0.00000000e+00,0,85
82,0.00000000e+00,0,85
83,8.20000000e+01,1,85
84,8.20000000e+01,1,85
85,4.10000000e+03,1,85
86,4.10000000e+03,1,85
87,0.00000000e+00,0,85
88,8.20000000e+01,1,85
89,4.10000000e+03,1,85
90,0.00000000e+00,0,85
91,0.00000000e+00,0,85
92,0.00000000e+00,0,85
93,0.00000000e+00,0,85
94,0.00000000e+00,0,85
95,0.00000000e+00,0,85
96,0.00000000e+00,0,85
97,0.00000000e+00,0,85
98,2.50000000e+02,0,85
99,8.20000000e+01,2,85
100,0.00000000e+00,0,85
101,2.40000000e+01,2,85
102,1.00000000e+00,1,85
103,1.63999996e+01,1,85
104,1.63999996e+01,1,85
105,0.00000000e+00,0,85
106,1.63999996e+01,1,85
107,1.63999996e+01,1,85
108,1.63999996e+01,1,85
109,1.63999996e+01,1,85
110,0.00000000e+00,0,85
111,0.00000000e+00,0,85
112,0.00000000e+00,0,85
113,0.00000000e+00,0,85
114,0.00000000e+00,0,85
115,0.00000000e+00,0,85
116,0.00000000e+00,0,85
117,0.00000000e+00,0,85
118,1.00000000e+00,1,85
119,1.00000000e+00,1,85
120,1.00000000e+00,1,85
121,1.00000001e-01,4,85
122,1.00000001e-01,4,85
123,1.63999996e+01,1,85
124,0.00000000e+00,0,85
125,0.00000000e+00,0,85
126,0.00000000e+00,0,85
127,0.00000000e+00,0,85
128,0.00000000e+00,0,85
129,0.00000000e+00,0,85
130,0.00000000e+00,0,85
131,0.00000000e+00,0,85
132,0.00000000e+00,0,85
133,0.00000000e+00,0,85
134,0.00000000e+00,0,85
135,0.00000000e+00,0,85
136,0.00000000e+00,0,85
137,0.00000000e+00,0,85
138,0.00000000e+00,0,85
139,0.00000000e+00,0,85
140,0.00000000e+00,0,85
141,0.00000000e+00,0,85
142,0.00000000e+00,0,85
143,0.00000000e+00,0,85
144,0.00000000e+00,0,85
1044,1.00000000e+00,0,85
0,0.00000000e+00,0,86
1,1.53000000e+02,1,86
2,3.50000000e+02,1,86
3,0.00000000e+00,0,86
4,9.99999997e-07,0,86
5,0.00000000e+00,0,86
6,0.00000000e+00,0,86
7,0.00000000e+00,0,86
8,0.00000000e+00,0,86
9,0.00000000e+00,0,86
10,2.05000004e-04,2,86
11,5.50000012e-01,2,86
12,0.00000000e+00,0,86
13,0.00000000e+00,0,86
14,0.00000000e+00,0,86
15,0.00000000e+00,0,86
16,3.50000000e+02,2,86
17,1.00000000e+00,1,86
18,3.65000000e+02,2,86
19,0.00000000e+00,0,86
20,0.00000000e+00,0,86
21,0.00000000e+00,0,86
22,0.00000000e+00,0,86
23,0.00000000e+00,0,86
24,1.00000000e+00,1,86
25,0.00000000e+00,0,86
26,0.00000000e+00,0,86
27,0.00000000e+00,0,86
28,0.00000000e+00,0,86
29,1.00000000e+00,1,86
30,1.00000000e+00,1,86
31,0.00000000e+00,0,86
32,1.46000000e+03,2,86
33,2.99299985e-01,1,86
34,0.00000000e+00,0,86
35,0.00000000e+00,0,86
36,0.00000000e+00,0,86
37,0.00000000e+00,0,86
38,0.00000000e+00,0,86
39,1.00000000e+00,0,86
40,0.00000000e+00,0,86
41,0.00000000e+00,0,86
42,0.00000000e+00,0,86
43,0.00000000e+00,0,86
44,0.00000000e+00,0,86
45,0.00000000e+00,0,86
46,0.00000000e+00,0,86
47,0.00000000e+00,0,86
48,0.00000000e+00,0,86
49,0.00000000e+00,0,86
50,0.00000000e+00,0,86
51,0.00000000e+00,0,86
52,0.00000000e+00,0,86
53,0.00000000e+00,0,86
54,0.00000000e+00,0,86
55,0.00000000e+00,0,86
56,0.00000000e+00,0,86
57,0.00000000e+00,0,86
58,0.00000000e+00,0,86
59,0.00000000e+00,0,86
60,0.00000000e+00,0,86
61,0.00000000e+00,0,86
62,0.00000000e+00,0,86
63,0.00000000e+00,0,86
64,0.00000000e+00,0,86
65,0.00000000e+00,0,86
66,0.00000000e+00,0,86
67,0.00000000e+00,0,86
68,0.00000000e+00,0,86
69,0.00000000e+00,0,86
70,0.00000000e+00,0,86
71,0.00000000e+00,0,86
72,0.00000000e+00,0,86
73,0.00000000e+00,0,86
74,0.00000000e+00,0,86
75,0.00000000e+00,0,86
76,0.00000000e+00,0,86
77,0.00000000e+00,0,86
78,0.00000000e+00,0,86
79,0.00000000e+00,0,86
80,0.00000000e+00,0,86
81,0.00000000e+00,0,86
82,0.00000000e+00,0,86
83,5.44200003e-01,1,86
84,5.44200003e-01,1,86
85,1.46000000e+03,1,86
86,1.46000000e+03,1,86
87,0.00000000e+00,0,86
88,5.44200003e-01,1,86
89,1.46000000e+03,1,86
90,0.00000000e+00,0,86
91,0.00000000e+00,0,86
92,0.00000000e+00,0,86
93,0.00000000e+00,0,86
94,0.00000000e+00,0,86
95,0.00000000e+00,0,86
96,0.00000000e+00,0,86
97,0.00000000e+00,0,86
98,2.50000000e+02,0,86
99,5.44200003e-01,1,86
100,0.00000000e+00,0,86
101,2.40000000e+01,2,86
102,1.00000000e+00,1,86
103,2.99299985e-01,1,86
104,2.99299985e-01,1,86
105,0.00000000e+00,0,86
106,2.99299985e-01,1,86
107,2.99299985e-01,1,86
108,2.99299985e-01,1,86
109,2.99299985e-01,1,86
110,0.00000000e+00,0,86
111,0.00000000e+00,0,86
1,0.00000000e+00,0,41
2,0.00000000e+00,0,41
3,0.00000000e+00,0,41
5,0.00000000e+00,0,41
6,0.00000000e+00,0,41
7,0.00000000e+00,0,41
9,0.00000000e+00,0,41
10,0.00000000e+00,0,41
11,0.00000000e+00,0,41
12,5.31200000e+03,1,41
14,0.00000000e+00,0,41
15,0.00000000e+00,0,41
16,0.00000000e+00,0,41
18,0.00000000e+00,0,41
19,0.00000000e+00,0,41
20,0.00000000e+00,0,41
22,0.00000000e+00,0,41
23,0.00000000e+00,0,41
24,0.00000000e+00,0,41
26,0.00000000e+00,0,41
27,0.00000000e+00,0,41
28,0.00000000e+00,0,41
29,1.00000000e+00,1,41
31,0.00000000e+00,0,41
32,0.00000000e+00,0,41
33,0.00000000e+00,0,41
35,0.00000000e+00,0,41
36,0.00000000e+00,0,41
37,0.00000000e+00,0,41
39,1.00000000e+00,0,41
40,0.00000000e+00,0,41
41,0.00000000e+00,0,41
43,0.00000000e+00,0,41
44,0.00000000e+00,0,41
45,0.00000000e+00,0,41
46,0.00000000e+00,0,41
48,0.00000000e+00,0,41
49,0.00000000e+00,0,41
50,0.00000000e+00,0,41
52,0.00000000e+00,0,41
53,0.00000000e+00,0,41
54,0.00000000e+00,0,41
56,0.00000000e+00,0,41
57,0.00000000e+00,0,41
58,0.00000000e+00,0,41
60,0.00000000e+00,0,41
61,0.00000000e+00,0,41
62,0.00000000e+00,0,41
63,0.00000000e+00,0,41
65,0.00000000e+00,0,41
66,0.00000000e+00,0,41
67,0.00000000e+00,0,41
69,0.00000000e+00,0,41
70,0.00000000e+00,0,41
71,0.00000000e+00,0,41
73,0.00000000e+00,0,41
74,0.00000000e+00,0,41
75,0.00000000e+00,0,41
77,0.00000000e+00,0,41
78,0.00000000e+00,0,41
79,0.00000000e+00,0,41
80,0.00000000e+00,0,41
82,0.00000000e+00,0,41
83,0.00000000e+00,0,41
84,0.00000000e+00,0,41
86,0.00000000e+00,0,41
87,0.00000000e+00,0,41
88,0.00000000e+00,0,41
90,0.00000000e+00,0,41
91,0.00000000e+00,0,41
92,0.00000000e+00,0,41
94,0.00000000e+00,0,41
95,0.00000000e+00,0,41
96,0.00000000e+00,0,41
97,0.00000000e+00,0,41
99,0.00000000e+00,0,41
100,0.00000000e+00,0,41
101,0.00000000e+00,0,41
103,0.00000000e+00,0,41
104,0.00000000e+00,0,41
105,0.00000000e+00,0,41
107,0.00000000e+00,0,41
108,0.00000000e+00,0,41
109,0.00000000e+00,0,41
111,0.00000000e+00,0,41
112,0.00000000e+00,0,41
113,0.00000000e+00,0,41
114,0.00000000e+00,0,41
116,0.00000000e+00,0,41
117,0.00000000e+00,0,41
118,1.00000000e+00,1,41
120,1.00000000e+00,1,41
121,0.00000000e+00,0,41
122,0.00000000e+00,0,41
124,0.00000000e+00,0,41
125,0.00000000e+00,0,41
126,0.00000000e+00,0,41
128,0.00000000e+00,0,41
129,0.00000000e+00,0,41
130,0.00000000e+00,0,41
131,0.00000000e+00,0,41
133,0.00000000e+00,0,41
134,0.00000000e+00,0,41
135,0.00000000e+00,0,41
137,0.00000000e+00,0,41
138,0.00000000e+00,0,41
139,0.00000000e+00,0,41
140,0.00000000e+00,0,41
141,0.00000000e+00,0,41
143,0.00000000e+00,0,41
144,0.00000000e+00,0,41
1001,2.00000000e+00,1,41
1003,1.00000000e+00,1,41
1043,1.00000000e+00,0,41
0,0.00000000e+00,0,43
2,0.00000000e+00,0,43
3,0.00000000e+00,0,43
4,0.00000000e+00,0,43
6,0.00000000e+00,0,43
7,0.00000000e+00,0,43
8,0.00000000e+00,0,43
10,0.00000000e+00,0,43
11,0.00000000e+00,0,43
12,0.00000000e+00,0,43
13,0.00000000e+00,0,43
15,0.00000000e+00,0,43
16,0.00000000e+00,0,43
17,0.00000000e+00,0,43
19,0.00000000e+00,0,43
20,0.00000000e+00,0,43
21,0.00000000e+00,0,43
23,0.00000000e+00,0,43
24,0.00000000e+00,0,43
25,0.00000000e+00,0,43
27,0.00000000e+00,0,43
28,0.00000000e+00,0,43
29,1.00000000e+00,1,43
30,1.00000000e+00,1,43
32,0.00000000e+00,0,43
33,0.00000000e+00,0,43
34,0.00000000e+00,0,43
36,0.00000000e+00,0,43
37,0.00000000e+00,0,43
38,0.00000000e+00,0,43
40,0.00000000e+00,0,43
41,0.00000000e+00,0,43
42,0.00000000e+00,0,43
44,0.00000000e+00,0,43
45,0.00000000e+00,0,43
46,0.00000000e+00,0,43
47,0.00000000e+00,0,43
49,0.00000000e+00,0,43
50,0.00000000e+00,0,43
51,0.00000000e+00,0,43
53,0.00000000e+00,0,43
54,0.00000000e+00,0,43
55,0.00000000e+00,0,43
56,0.00000000e+00,0,43
57,0.00000000e+00,0,43
59,0.00000000e+00,0,43
60,0.00000000e+00,0,43
61,0.00000000e+00,0,43
63,0.00000000e+00,0,43
64,0.00000000e+00,0,43
65,0.00000000e+00,0,43
67,0.00000000e+00,0,43
68,0.00000000e+00,0,43
69,0.00000000e+00,0,43
71,0.00000000e+00,0,43
72,0.00000000e+00,0,43
73,0.00000000e+00,0,43
74,0.00000000e+00,0,43
76,0.00000000e+00,0,43
77,0.00000000e+00,0,43
78,0.00000000e+00,0,43
80,0.00000000e+00,0,43
81,0.00000000e+00,0,43
82,0.00000000e+00,0,43
84,0.00000000e+00,0,43
85,0.00000000e+00,0,43
86,0.00000000e+00,0,43
88,0.00000000e+00,0,43
89,0.00000000e+00,0,43
90,0.00000000e+00,0,43
91,0.00000000e+00,0,43
93,0.00000000e+00,0,43
94,0.00000000e+00,0,43
95,0.00000000e+00,0,43
97,0.00000000e+00,0,43
98,2.50000000e+02,0,43
99,0.00000000e+00,0,43
101,0.00000000e+00,0,43
102,0.00000000e+00,0,43
103,0.00000000e+00,0,43
105,0.00000000e+00,0,43
106,0.00000000e+00,0,43
107,0.00000000e+00,0,43
108,0.00000000e+00,0,43
110,0.00000000e+00,0,43
111,0.00000000e+00,0,43
112,0.00000000e+00,0,43
114,0.00000000e+00,0,43
115,0.00000000e+00,0,43
116,0.00000000e+00,0,43
118,1.00000000e+00,1,43
119,1.00000000e+00,1,43
120,1.00000000e+00,1,43
122,0.00000000e+00,0,43
123,0.00000000e+00,0,43
124,1.00000005e-03,0,43
125,3.78500009e+00,0,43
127,6.00000005e-03,0,43
128,1.00000005e-03,0,43
129,0.00000000e+00,0,43
131,0.00000000e+00,0,43
132,0.00000000e+00,0,43
133,0.00000000e+00,0,43
135,0.00000000e+00,0,43
136,0.00000000e+00,0,43
137,0.00000000e+00,0,43
139,0.00000000e+00,0,43
140,0.00000000e+00,0,43
141,0.00000000e+00,0,43
142,0.00000000e+00,0,43
144,0.00000000e+00,0,43
1045,1.00000000e+00,0,43
0,0.00000000e+00,0,44
2,0.00000000e+00,0,44
3,0.00000000e+00,0,44
4,0.00000000e+00,0,44
6,0.00000000e+00,0,44
7,0.00000000e+00,0,44
8,0.00000000e+00,0,44
10,0.00000000e+00,0,44
11,0.00000000e+00,0,44
12,0.00000000e+00,0,44
13,0.00000000e+00,0,44
15,0.00000000e+00,0,44
16,0.00000000e+00,0,44
17,0.00000000e+00,0,44
19,0.00000000e+00,0,44
20,0.00000000e+00,0,44
21,0.00000000e+00,0,44
23,0.00000000e+00,0,44
24,0.00000000e+00,0,44
25,0.00000000e+00,0,44
27,0.00000000e+00,0,44
28,0.00000000e+00,0,44
29,1.00000000e+00,1,44
30,1.00000000e+00,1,44
32,0.00000000e+00,0,44
33,0.00000000e+00,0,44
34,0.00000000e+00,0,44
36,0.00000000e+00,0,44
37,0.00000000e+00,0,44
38,0.00000000e+00,0,44
40,0.00000000e+00,0,44
41,0.00000000e+00,0,44
42,0.00000000e+00,0,44
44,0.00000000e+00,0,44
45,0.00000000e+00,0,44
46,0.00000000e+00,0,44
47,0.00000000e+00,0,44
49,0.00000000e+00,0,44
50,0.00000000e+00,0,44
51,0.00000000e+00,0,44
53,0.00000000e+00,0,44
54,0.00000000e+00,0,44
55,0.00000000e+00,0,44
57,0.00000000e+00,0,44
58,0.00000000e+00,0,44
59,0.00000000e+00,0,44
61,0.00000000e+00,0,44
62,0.00000000e+00,0,44
63,0.00000000e+00,0,44
64,0.00000000e+00,0,44
66,0.00000000e+00,0,44
67,0.00000000e+00,0,44
68,0.00000000e+00,0,44
70,0.00000000e+00,0,44
71,0.00000000e+00,0,44
72,0.00000000e+00,0,44
74,0.00000000e+00,0,44
75,0.00000000e+00,0,44
76,0.00000000e+00,0,44
78,0.00000000e+00,0,44
79,0.00000000e+00,0,44
80,0.00000000e+00,0,44
81,0.00000000e+00,0,44
83,0.00000000e+00,0,44
84,0.00000000e+00,0,44
85,0.00000000e+00,0,44
87,0.00000000e+00,0,44
88,0.00000000e+00,0,44
89,0.00000000e+00,0,44
91,0.00000000e+00,0,44
92,0.00000000e+00,0,44
93,0.00000000e+00,0,44
95,0.00000000e+00,0,44
96,0.00000000e+00,0,44
97,0.00000000e+00,0,44
98,2.50000000e+02,0,44
100,0.00000000e+00,0,44
101,0.00000000e+00,0,44
102,0.00000000e+00,0,44
104,0.00000000e+00,0,44
105,0.00000000e+00,0,44
106,0.00000000e+00,0,44
108,0.00000000e+00,0,44
109,0.00000000e+00,0,44
110,0.00000000e+00,0,44
112,0.00000000e+00,0,44
113,0.00000000e+00,0,44
114,0.00000000e+00,0,44
115,0.00000000e+00,0,44
117,0.00000000e+00,0,44
118,1.00000000e+00,1,44
119,1.00000000e+00,1,44
121,0.00000000e+00,0,44
112,0.00000000e+00,0,86
113,0.00000000e+00,0,86
114,0.00000000e+00,0,86
115,0.00000000e+00,0,86
116,0.00000000e+00,0,86
117,0.00000000e+00,0,86
118,1.00000000e+00,1,86
119,1.00000000e+00,1,86
120,1.00000000e+00,1,86
121,9.99999997e-07,4,86
122,9.99999997e-07,4,86
123,2.99299985e-01,1,86
124,0.00000000e+00,0,86
125,0.00000000e+00,0,86
126,0.00000000e+00,0,86
127,0.00000000e+00,0,86
128,0.00000000e+00,0,86
129,0.00000000e+00,0,86
130,0.00000000e+00,0,86
131,0.00000000e+00,0,86
132,0.00000000e+00,0,86
133,0.00000000e+00,0,86
134,0.00000000e+00,0,86
135,0.00000000e+00,0,86
136,0.00000000e+00,0,86
137,0.00000000e+00,0,86
138,0.00000000e+00,0,86
139,0.00000000e+00,0,86
140,0.00000000e+00,0,86
141,0.00000000e+00,0,86
142,0.00000000e+00,0,86
143,0.00000000e+00,0,86
144,0.00000000e+00,0,86
1044,1.00000000e+00,0,86
0,0.00000000e+00,0,87
1,1.50000000e+01,1,87
2,2.60000000e+02,1,87
3,0.00000000e+00,0,87
4,1.00000001e-01,0,87
5,0.00000000e+00,0,87
6,0.00000000e+00,0,87
7,0.00000000e+00,0,87
8,0.00000000e+00,0,87
9,0.00000000e+00,0,87
10,0.00000000e+00,1,87
11,1.00000000e+00,2,87
12,0.00000000e+00,0,87
13,0.00000000e+00,0,87
14,0.00000000e+00,0,87
15,0.00000000e+00,0,87
16,2.60000000e+02,2,87
17,1.00000000e+00,1,87
18,3.65000000e+02,2,87
19,0.00000000e+00,0,87
20,0.00000000e+00,0,87
21,0.00000000e+00,0,87
22,0.00000000e+00,0,87
23,0.00000000e+00,0,87
24,1.00000000e+00,1,87
25,0.00000000e+00,0,87
26,0.00000000e+00,0,87
27,0.00000000e+00,0,87
28,0.00000000e+00,0,87
29,1.00000000e+00,1,87
30,1.00000000e+00,1,87
31,0.00000000e+00,0,87
32,0.00000000e+00,1,87
33,2.62000008e+01,1,87
34,0.00000000e+00,0,87
35,0.00000000e+00,0,87
36,0.00000000e+00,0,87
37,0.00000000e+00,0,87
38,0.00000000e+00,0,87
39,1.00000000e+00,0,87
40,0.00000000e+00,0,87
41,0.00000000e+00,0,87
42,0.00000000e+00,0,87
43,0.00000000e+00,0,87
44,0.00000000e+00,0,87
45,0.00000000e+00,0,87
46,0.00000000e+00,0,87
47,0.00000000e+00,0,87
48,0.00000000e+00,0,87
49,0.00000000e+00,0,87
50,0.00000000e+00,0,87
51,0.00000000e+00,0,87
52,0.00000000e+00,0,87
53,0.00000000e+00,0,87
54,0.00000000e+00,0,87
55,0.00000000e+00,0,87
56,0.00000000e+00,0,87
57,0.00000000e+00,0,87
58,0.00000000e+00,0,87
59,0.00000000e+00,0,87
60,0.00000000e+00,0,87
61,0.00000000e+00,0,87
62,0.00000000e+00,0,87
63,0.00000000e+00,0,87
64,0.00000000e+00,0,87
65,0.00000000e+00,0,87
66,0.00000000e+00,0,87
67,0.00000000e+00,0,87
68,0.00000000e+00,0,87
69,0.00000000e+00,0,87
70,0.00000000e+00,0,87
71,0.00000000e+00,0,87
72,0.00000000e+00,0,87
73,0.00000000e+00,0,87
74,0.00000000e+00,0,87
75,0.00000000e+00,0,87
76,0.00000000e+00,0,87
77,0.00000000e+00,0,87
78,0.00000000e+00,0,87
79,0.00000000e+00,0,87
80,0.00000000e+00,0,87
81,0.00000000e+00,0,87
82,0.00000000e+00,0,87
83,2.62000008e+01,1,87
84,2.62000008e+01,1,87
85,0.00000000e+00,1,87
86,0.00000000e+00,1,87
87,0.00000000e+00,0,87
88,2.62000008e+01,1,87
89,0.00000000e+00,1,87
90,0.00000000e+00,0,87
91,0.00000000e+00,0,87
92,0.00000000e+00,0,87
93,0.00000000e+00,0,87
94,0.00000000e+00,0,87
95,0.00000000e+00,0,87
96,0.00000000e+00,0,87
97,0.00000000e+00,0,87
98,2.50000000e+02,0,87
99,2.62000008e+01,2,87
100,0.00000000e+00,0,87
101,2.40000000e+01,2,87
102,1.00000000e+00,1,87
103,2.62000008e+01,1,87
104,0.00000000e+00,1,87
105,0.00000000e+00,0,87
106,0.00000000e+00,1,87
107,2.62000008e+01,1,87
108,0.00000000e+00,1,87
109,2.62000008e+01,1,87
110,0.00000000e+00,0,87
111,0.00000000e+00,0,87
112,0.00000000e+00,0,87
113,0.00000000e+00,0,87
114,0.00000000e+00,0,87
115,0.00000000e+00,0,87
116,0.00000000e+00,0,87
117,0.00000000e+00,0,87
118,1.00000000e+00,1,87
119,1.00000000e+00,1,87
120,1.00000000e+00,1,87
121,1.00000001e-01,0,87
122,1.00000001e-01,0,87
123,0.00000000e+00,1,87
124,0.00000000e+00,0,87
125,0.00000000e+00,0,87
126,0.00000000e+00,0,87
127,0.00000000e+00,0,87
128,0.00000000e+00,0,87
129,0.00000000e+00,0,87
130,0.00000000e+00,0,87
131,0.00000000e+00,0,87
132,0.00000000e+00,0,87
133,0.00000000e+00,0,87
134,0.00000000e+00,0,87
135,0.00000000e+00,0,87
136,0.00000000e+00,0,87
137,0.00000000e+00,0,87
138,0.00000000e+00,0,87
139,0.00000000e+00,0,87
140,0.00000000e+00,0,87
141,0.00000000e+00,0,87
142,0.00000000e+00,0,87
122,0.00000000e+00,0,44
123,0.00000000e+00,0,44
124,0.00000000e+00,0,44
125,0.00000000e+00,0,44
127,0.00000000e+00,0,44
128,0.00000000e+00,0,44
129,0.00000000e+00,0,44
131,0.00000000e+00,0,44
132,0.00000000e+00,0,44
133,0.00000000e+00,0,44
135,0.00000000e+00,0,44
136,0.00000000e+00,0,44
137,0.00000000e+00,0,44
139,0.00000000e+00,0,44
140,0.00000000e+00,0,44
141,0.00000000e+00,0,44
142,5.00000000e-01,1,44
144,0.00000000e+00,0,44
1046,1.00000000e+00,0,44
1047,1.00000000e+00,1,44
143,0.00000000e+00,0,87
144,0.00000000e+00,0,87
1044,1.00000000e+00,0,87
0,0.00000000e+00,0,88
1,4.00000000e+00,1,88
2,2.60000000e+02,1,88
3,0.00000000e+00,0,88
4,1.00000001e-01,0,88
5,0.00000000e+00,0,88
6,0.00000000e+00,0,88
7,0.00000000e+00,0,88
8,0.00000000e+00,0,88
9,0.00000000e+00,0,88
10,0.00000000e+00,1,88
11,1.00000000e+00,2,88
12,0.00000000e+00,0,88
13,0.00000000e+00,0,88
14,0.00000000e+00,0,88
15,0.00000000e+00,0,88
16,2.60000000e+02,2,88
17,1.00000000e+00,1,88
18,3.65000000e+02,2,88
19,0.00000000e+00,0,88
20,0.00000000e+00,0,88
21,0.00000000e+00,0,88
22,0.00000000e+00,0,88
23,0.00000000e+00,0,88
24,1.00000000e+00,1,88
25,0.00000000e+00,0,88
26,0.00000000e+00,0,88
27,0.00000000e+00,0,88
28,0.00000000e+00,0,88
29,1.00000000e+00,1,88
30,1.00000000e+00,1,88
31,0.00000000e+00,0,88
32,0.00000000e+00,1,88
33,1.03800003e+02,1,88
34,0.00000000e+00,0,88
35,0.00000000e+00,0,88
36,0.00000000e+00,0,88
37,0.00000000e+00,0,88
38,0.00000000e+00,0,88
39,1.00000000e+00,0,88
40,0.00000000e+00,0,88
41,0.00000000e+00,0,88
42,0.00000000e+00,0,88
43,0.00000000e+00,0,88
44,0.00000000e+00,0,88
45,0.00000000e+00,0,88
46,0.00000000e+00,0,88
47,0.00000000e+00,0,88
48,0.00000000e+00,0,88
49,0.00000000e+00,0,88
50,0.00000000e+00,0,88
51,0.00000000e+00,0,88
52,0.00000000e+00,0,88
53,0.00000000e+00,0,88
54,0.00000000e+00,0,88
55,0.00000000e+00,0,88
56,0.00000000e+00,0,88
57,0.00000000e+00,0,88
58,0.00000000e+00,0,88
59,0.00000000e+00,0,88
60,0.00000000e+00,0,88
61,0.00000000e+00,0,88
62,0.00000000e+00,0,88
63,0.00000000e+00,0,88
64,0.00000000e+00,0,88
65,0.00000000e+00,0,88
66,0.00000000e+00,0,88
67,0.00000000e+00,0,88
68,0.00000000e+00,0,88
69,0.00000000e+00,0,88
70,0.00000000e+00,0,88
71,0.00000000e+00,0,88
72,0.00000000e+00,0,88
73,0.00000000e+00,0,88
74,0.00000000e+00,0,88
75,0.00000000e+00,0,88
76,0.00000000e+00,0,88
77,0.00000000e+00,0,88
78,0.00000000e+00,0,88
79,0.00000000e+00,0,88
80,0.00000000e+00,0,88
81,0.00000000e+00,0,88
82,0.00000000e+00,0,88
83,1.03800003e+02,1,88
84,1.03800003e+02,1,88
85,0.00000000e+00,1,88
86,0.00000000e+00,1,88
87,0.00000000e+00,0,88
88,1.03800003e+02,1,88
89,0.00000000e+00,1,88
90,0.00000000e+00,0,88
91,0.00000000e+00,0,88
92,0.00000000e+00,0,88
93,0.00000000e+00,0,88
94,0.00000000e+00,0,88
95,0.00000000e+00,0,88
96,0.00000000e+00,0,88
97,0.00000000e+00,0,88
98,2.50000000e+02,0,88
99,1.03800003e+02,2,88
100,0.00000000e+00,0,88
101,2.40000000e+01,2,88
102,1.00000000e+00,1,88
103,1.03800003e+02,1,88
104,0.00000000e+00,1,88
105,0.00000000e+00,0,88
106,0.00000000e+00,1,88
107,1.03800003e+02,1,88
108,0.00000000e+00,1,88
109,1.03800003e+02,1,88
110,0.00000000e+00,0,88
111,0.00000000e+00,0,88
112,0.00000000e+00,0,88
113,0.00000000e+00,0,88
114,0.00000000e+00,0,88
115,0.00000000e+00,0,88
116,0.00000000e+00,0,88
117,0.00000000e+00,0,88
118,1.00000000e+00,1,88
119,1.00000000e+00,1,88
120,1.00000000e+00,1,88
121,1.00000001e-01,0,88
122,1.00000001e-01,0,88
123,0.00000000e+00,1,88
124,0.00000000e+00,0,88
125,0.00000000e+00,0,88
126,0.00000000e+00,0,88
127,0.00000000e+00,0,88
128,0.00000000e+00,0,88
129,0.00000000e+00,0,88
130,0.00000000e+00,0,88
131,0.00000000e+00,0,88
132,0.00000000e+00,0,88
133,0.00000000e+00,0,88
134,0.00000000e+00,0,88
135,0.00000000e+00,0,88
136,0.00000000e+00,0,88
137,0.00000000e+00,0,88
138,0.00000000e+00,0,88
139,0.00000000e+00,0,88
140,0.00000000e+00,0,88
141,0.00000000e+00,0,88
142,0.00000000e+00,0,88
143,0.00000000e+00,0,88
144,0.00000000e+00,0,88
1044,1.00000000e+00,0,88
0,0.00000000e+00,0,89
1,1.50000000e+01,1,89
2,2.60000000e+02,1,89
3,0.00000000e+00,0,89
4,1.00000001e-01,0,89
5,0.00000000e+00,0,89
6,0.00000000e+00,0,89
7,0.00000000e+00,0,89
8,0.00000000e+00,0,89
9,0.00000000e+00,0,89
10,0.00000000e+00,1,89
11,1.00000000e+00,2,89
12,0.00000000e+00,0,89
13,0.00000000e+00,0,89
14,0.00000000e+00,0,89
15,0.00000000e+00,0,89
16,2.60000000e+02,2,89
17,1.00000000e+00,1,89
18,3.65000000e+02,2,89
19,0.00000000e+00,0,89
20,0.00000000e+00,0,89
21,0.00000000e+00,0,89
22,0.00000000e+00,0,89
23,0.00000000e+00,0,89
24,1.00000000e+00,1,89
25,0.00000000e+00,0,89
26,0.00000000e+00,0,89
27,0.00000000e+00,0,89
0,0.00000000e+00,0,83
1,1.10000000e+01,1,83
2,2.50000000e+02,1,83
3,0.00000000e+00,0,83
4,1.00000001e-01,0,83
5,0.00000000e+00,0,83
6,0.00000000e+00,0,83
7,0.00000000e+00,0,83
8,0.00000000e+00,0,83
9,0.00000000e+00,0,83
10,6.99999988e-01,2,83
11,6.99999988e-01,2,83
12,0.00000000e+00,0,83
13,0.00000000e+00,0,83
14,0.00000000e+00,0,83
15,0.00000000e+00,0,83
16,2.50000000e+02,2,83
17,1.00000000e+00,1,83
18,3.65000000e+02,2,83
19,0.00000000e+00,0,83
20,0.00000000e+00,0,83
21,0.00000000e+00,0,83
22,0.00000000e+00,0,83
23,0.00000000e+00,0,83
24,1.00000000e+00,1,83
25,0.00000000e+00,0,83
26,0.00000000e+00,0,83
27,0.00000000e+00,0,83
28,0.00000000e+00,0,83
29,1.00000000e+00,1,83
30,1.00000000e+00,1,83
31,0.00000000e+00,0,83
32,0.00000000e+00,1,83
33,3.83600006e+02,1,83
34,0.00000000e+00,0,83
35,0.00000000e+00,0,83
36,0.00000000e+00,0,83
37,0.00000000e+00,0,83
38,0.00000000e+00,0,83
39,1.00000000e+00,0,83
40,0.00000000e+00,0,83
41,0.00000000e+00,0,83
42,0.00000000e+00,0,83
43,0.00000000e+00,0,83
44,0.00000000e+00,0,83
45,0.00000000e+00,0,83
46,0.00000000e+00,0,83
47,0.00000000e+00,0,83
48,0.00000000e+00,0,83
49,0.00000000e+00,0,83
50,0.00000000e+00,0,83
51,0.00000000e+00,0,83
52,0.00000000e+00,0,83
53,0.00000000e+00,0,83
54,0.00000000e+00,0,83
55,0.00000000e+00,0,83
56,0.00000000e+00,0,83
57,0.00000000e+00,0,83
58,0.00000000e+00,0,83
59,0.00000000e+00,0,83
60,0.00000000e+00,0,83
61,0.00000000e+00,0,83
62,0.00000000e+00,0,83
63,0.00000000e+00,0,83
64,0.00000000e+00,0,83
65,0.00000000e+00,0,83
66,0.00000000e+00,0,83
67,0.00000000e+00,0,83
68,0.00000000e+00,0,83
69,0.00000000e+00,0,83
70,0.00000000e+00,0,83
71,0.00000000e+00,0,83
72,0.00000000e+00,0,83
73,0.00000000e+00,0,83
74,0.00000000e+00,0,83
75,0.00000000e+00,0,83
76,0.00000000e+00,0,83
77,0.00000000e+00,0,83
78,0.00000000e+00,0,83
79,0.00000000e+00,0,83
80,0.00000000e+00,0,83
81,0.00000000e+00,0,83
82,0.00000000e+00,0,83
83,5.48000000e+02,1,83
84,5.48000000e+02,1,83
85,0.00000000e+00,1,83
86,0.00000000e+00,1,83
87,0.00000000e+00,0,83
88,5.48000000e+02,1,83
89,0.00000000e+00,1,83
90,0.00000000e+00,0,83
91,0.00000000e+00,0,83
92,0.00000000e+00,0,83
93,0.00000000e+00,0,83
94,0.00000000e+00,0,83
95,0.00000000e+00,0,83
96,0.00000000e+00,0,83
97,0.00000000e+00,0,83
98,2.50000000e+02,0,83
99,5.48000000e+02,2,83
100,0.00000000e+00,0,83
101,2.40000000e+01,2,83
102,1.00000000e+00,1,83
103,3.83600006e+02,1,83
104,0.00000000e+00,1,83
105,0.00000000e+00,0,83
106,0.00000000e+00,1,83
107,3.83600006e+02,1,83
108,0.00000000e+00,1,83
109,3.83600006e+02,1,83
110,0.00000000e+00,0,83
111,0.00000000e+00,0,83
112,0.00000000e+00,0,83
113,0.00000000e+00,0,83
114,0.00000000e+00,0,83
115,0.00000000e+00,0,83
116,0.00000000e+00,0,83
117,0.00000000e+00,0,83
118,1.00000000e+00,1,83
119,1.00000000e+00,1,83
120,1.00000000e+00,1,83
121,1.00000001e-01,0,83
122,1.00000001e-01,0,83
123,0.00000000e+00,1,83
124,0.00000000e+00,0,83
125,0.00000000e+00,0,83
0,0.00000000e+00,0,91
1,1.00000000e+01,1,91
2,3.60000000e+02,1,91
3,0.00000000e+00,0,91
4,2.40000000e+01,0,91
5,0.00000000e+00,0,91
6,0.00000000e+00,0,91
7,0.00000000e+00,0,91
8,0.00000000e+00,0,91
9,0.00000000e+00,0,91
10,0.00000000e+00,1,91
11,1.00000000e+00,2,91
12,0.00000000e+00,0,91
13,0.00000000e+00,0,91
14,0.00000000e+00,0,91
15,0.00000000e+00,0,91
16,3.60000000e+02,2,91
17,1.00000000e+00,1,91
18,3.65000000e+02,2,91
19,0.00000000e+00,0,91
20,0.00000000e+00,0,91
21,0.00000000e+00,0,91
22,0.00000000e+00,0,91
23,0.00000000e+00,0,91
24,1.00000000e+00,1,91
25,0.00000000e+00,0,91
26,0.00000000e+00,0,91
27,0.00000000e+00,0,91
28,0.00000000e+00,0,91
29,1.00000000e+00,1,91
30,1.00000000e+00,1,91
31,0.00000000e+00,0,91
32,0.00000000e+00,1,91
33,2.79999995e+00,1,91
34,0.00000000e+00,0,91
35,0.00000000e+00,0,91
36,0.00000000e+00,0,91
37,0.00000000e+00,0,91
38,0.00000000e+00,0,91
39,1.00000000e+00,0,91
40,0.00000000e+00,0,91
41,0.00000000e+00,0,91
42,0.00000000e+00,0,91
43,0.00000000e+00,0,91
44,0.00000000e+00,0,91
45,0.00000000e+00,0,91
46,0.00000000e+00,0,91
47,0.00000000e+00,0,91
48,0.00000000e+00,0,91
49,0.00000000e+00,0,91
50,0.00000000e+00,0,91
51,0.00000000e+00,0,91
52,0.00000000e+00,0,91
53,0.00000000e+00,0,91
54,0.00000000e+00,0,91
55,0.00000000e+00,0,91
56,0.00000000e+00,0,91
57,0.00000000e+00,0,91
58,0.00000000e+00,0,91
59,0.00000000e+00,0,91
60,0.00000000e+00,0,91
61,0.00000000e+00,0,91
62,0.00000000e+00,0,91
63,0.00000000e+00,0,91
64,0.00000000e+00,0,91
65,0.00000000e+00,0,91
66,0.00000000e+00,0,91
67,0.00000000e+00,0,91
68,0.00000000e+00,0,91
69,0.00000000e+00,0,91
70,0.00000000e+00,0,91
71,0.00000000e+00,0,91
72,0.00000000e+00,0,91
73,0.00000000e+00,0,91
74,0.00000000e+00,0,91
75,0.00000000e+00,0,91
76,0.00000000e+00,0,91
77,0.00000000e+00,0,91
78,0.00000000e+00,0,91
79,0.00000000e+00,0,91
80,0.00000000e+00,0,91
81,0.00000000e+00,0,91
82,0.00000000e+00,0,91
83,2.79999995e+00,1,91
84,2.79999995e+00,1,91
85,0.00000000e+00,1,91
86,0.00000000e+00,1,91
87,0.00000000e+00,0,91
88,2.79999995e+00,1,91
89,0.00000000e+00,1,91
0,0.00000000e+00,0,114
1,1.00000000e+00,1,114
2,2.50000000e+02,1,114
3,0.00000000e+00,0,114
4,9.99999997e-07,0,114
5,0.00000000e+00,0,114
6,0.00000000e+00,0,114
7,0.00000000e+00,0,114
8,0.00000000e+00,0,114
9,0.00000000e+00,0,114
10,2.50000000e-01,2,114
11,2.50000000e-01,2,114
12,0.00000000e+00,0,114
13,0.00000000e+00,0,114
14,0.00000000e+00,0,114
15,0.00000000e+00,0,114
16,2.50000000e+02,2,114
17,1.00000000e+00,1,114
18,3.65000000e+02,2,114
19,0.00000000e+00,0,114
20,0.00000000e+00,0,114
21,0.00000000e+00,0,114
22,0.00000000e+00,0,114
23,0.00000000e+00,0,114
24,1.00000000e+00,1,114
25,0.00000000e+00,0,114
26,0.00000000e+00,0,114
27,0.00000000e+00,0,114
28,0.00000000e+00,0,114
29,1.00000000e+00,1,114
30,1.00000000e+00,1,114
31,0.00000000e+00,0,114
32,0.00000000e+00,1,114
33,3.95000011e-01,1,114
34,0.00000000e+00,0,114
35,0.00000000e+00,0,114
36,0.00000000e+00,0,114
37,0.00000000e+00,0,114
38,0.00000000e+00,0,114
39,1.00000000e+00,0,114
40,0.00000000e+00,0,114
41,0.00000000e+00,0,114
42,0.00000000e+00,0,114
43,0.00000000e+00,0,114
44,0.00000000e+00,0,114
45,0.00000000e+00,0,114
46,0.00000000e+00,0,114
47,0.00000000e+00,0,114
48,0.00000000e+00,0,114
49,0.00000000e+00,0,114
50,0.00000000e+00,0,114
51,0.00000000e+00,0,114
52,0.00000000e+00,0,114
53,0.00000000e+00,0,114
54,0.00000000e+00,0,114
55,0.00000000e+00,0,114
56,0.00000000e+00,0,114
57,0.00000000e+00,0,114
58,0.00000000e+00,0,114
59,0.00000000e+00,0,114
60,0.00000000e+00,0,114
61,0.00000000e+00,0,114
62,0.00000000e+00,0,114
63,0.00000000e+00,0,114
64,0.00000000e+00,0,114
65,0.00000000e+00,0,114
66,0.00000000e+00,0,114
67,0.00000000e+00,0,114
68,0.00000000e+00,0,114
69,0.00000000e+00,0,114
70,0.00000000e+00,0,114
71,0.00000000e+00,0,114
72,0.00000000e+00,0,114
73,0.00000000e+00,0,114
74,0.00000000e+00,0,114
75,0.00000000e+00,0,114
76,0.00000000e+00,0,114
77,0.00000000e+00,0,114
121,9.99999997e-07,4,92
122,9.99999997e-07,4,92
123,9.54500000e+03,1,92
124,0.00000000e+00,0,92
125,0.00000000e+00,0,92
126,0.00000000e+00,0,92
127,0.00000000e+00,0,92
128,0.00000000e+00,0,92
129,0.00000000e+00,0,92
130,0.00000000e+00,0,92
131,0.00000000e+00,0,92
132,0.00000000e+00,0,92
133,0.00000000e+00,0,92
134,0.00000000e+00,0,92
135,0.00000000e+00,0,92
136,0.00000000e+00,0,92
137,0.00000000e+00,0,92
138,0.00000000e+00,0,92
139,0.00000000e+00,0,92
140,0.00000000e+00,0,92
141,0.00000000e+00,0,92
142,0.00000000e+00,0,92
143,0.00000000e+00,0,92
144,0.00000000e+00,0,92
1044,1.00000000e+00,0,92
0,0.00000000e+00,0,93
1,1.00000000e+00,1,93
2,2.50000000e+02,1,93
3,0.00000000e+00,0,93
4,0.00000000e+00,0,93
5,0.00000000e+00,0,93
6,0.00000000e+00,0,93
7,0.00000000e+00,0,93
8,0.00000000e+00,0,93
9,0.00000000e+00,0,93
10,2.30000000e-02,2,93
11,2.30000004e-01,2,93
12,0.00000000e+00,0,93
13,0.00000000e+00,0,93
14,0.00000000e+00,0,93
15,0.00000000e+00,0,93
16,2.50000000e+02,2,93
17,1.00000000e+00,1,93
18,3.65000000e+02,2,93
19,0.00000000e+00,0,93
20,0.00000000e+00,0,93
21,0.00000000e+00,0,93
22,0.00000000e+00,0,93
23,0.00000000e+00,0,93
24,1.00000000e+00,1,93
25,0.00000000e+00,0,93
26,0.00000000e+00,0,93
27,0.00000000e+00,0,93
28,0.00000000e+00,0,93
29,1.00000000e+00,1,93
30,1.00000000e+00,1,93
31,0.00000000e+00,0,93
32,4.15000000e+05,1,93
33,9.54500000e+03,1,93
34,0.00000000e+00,0,93
35,0.00000000e+00,0,93
36,0.00000000e+00,0,93
37,0.00000000e+00,0,93
38,0.00000000e+00,0,93
39,1.00000000e+00,0,93
40,0.00000000e+00,0,93
41,0.00000000e+00,0,93
42,0.00000000e+00,0,93
43,0.00000000e+00,0,93
44,0.00000000e+00,0,93
45,0.00000000e+00,0,93
46,0.00000000e+00,0,93
47,0.00000000e+00,0,93
48,0.00000000e+00,0,93
49,0.00000000e+00,0,93
50,0.00000000e+00,0,93
51,0.00000000e+00,0,93
52,0.00000000e+00,0,93
53,0.00000000e+00,0,93
54,0.00000000e+00,0,93
55,0.00000000e+00,0,93
56,0.00000000e+00,0,93
57,0.00000000e+00,0,93
58,0.00000000e+00,0,93
59,0.00000000e+00,0,93
60,0.00000000e+00,0,93
61,0.00000000e+00,0,93
62,0.00000000e+00,0,93
63,0.00000000e+00,0,93
64,0.00000000e+00,0,93
65,0.00000000e+00,0,93
66,0.00000000e+00,0,93
67,0.00000000e+00,0,93
68,0.00000000e+00,0,93
69,0.00000000e+00,0,93
70,0.00000000e+00,0,93
71,0.00000000e+00,0,93
72,0.00000000e+00,0,93
73,0.00000000e+00,0,93
74,0.00000000e+00,0,93
75,0.00000000e+00,0,93
76,0.00000000e+00,0,93
77,0.00000000e+00,0,93
78,0.00000000e+00,0,93
79,0.00000000e+00,0,93
80,0.00000000e+00,0,93
81,0.00000000e+00,0,93
82,0.00000000e+00,0,93
83,4.15000000e+04,1,93
84,4.15000000e+04,1,93
85,4.15000000e+05,1,93
86,4.15000000e+05,1,93
87,0.00000000e+00,0,93
88,4.15000000e+04,1,93
89,4.15000000e+05,1,93
90,0.00000000e+00,0,93
91,0.00000000e+00,0,93
92,0.00000000e+00,0,93
93,0.00000000e+00,0,93
94,0.00000000e+00,0,93
95,0.00000000e+00,0,93
96,0.00000000e+00,0,93
97,0.00000000e+00,0,93
98,2.50000000e+02,0,93
99,4.15000000e+04,2,93
100,0.00000000e+00,0,93
101,2.40000000e+01,2,93
102,1.00000000e+00,1,93
103,9.54500000e+03,1,93
104,9.54500000e+03,1,93
105,0.00000000e+00,0,93
106,9.54500000e+03,1,93
107,9.54500000e+03,1,93
108,9.54500000e+03,1,93
109,9.54500000e+03,1,93
110,0.00000000e+00,0,93
111,0.00000000e+00,0,93
112,0.00000000e+00,0,93
113,0.00000000e+00,0,93
114,0.00000000e+00,0,93
115,0.00000000e+00,0,93
116,0.00000000e+00,0,93
117,0.00000000e+00,0,93
118,1.00000000e+00,1,93
119,1.00000000e+00,1,93
120,1.00000000e+00,1,93
121,9.99999997e-07,4,93
122,9.99999997e-07,4,93
123,9.54500000e+03,1,93
124,0.00000000e+00,0,93
125,0.00000000e+00,0,93
126,0.00000000e+00,0,93
127,0.00000000e+00,0,93
128,0.00000000e+00,0,93
129,0.00000000e+00,0,93
130,0.00000000e+00,0,93
131,0.00000000e+00,0,93
132,0.00000000e+00,0,93
133,0.00000000e+00,0,93
134,0.00000000e+00,0,93
135,0.00000000e+00,0,93
136,0.00000000e+00,0,93
137,0.00000000e+00,0,93
138,0.00000000e+00,0,93
139,0.00000000e+00,0,93
140,0.00000000e+00,0,93
141,0.00000000e+00,0,93
142,0.00000000e+00,0,93
143,0.00000000e+00,0,93
144,0.00000000e+00,0,93
1044,1.00000000e+00,0,93
0,0.00000000e+00,0,94
1,1.00000000e+00,1,94
2,2.50000000e+02,1,94
3,0.00000000e+00,0,94
4,0.00000000e+00,0,94
5,0.00000000e+00,0,94
0,0.00000000e+00,0,41
4,0.00000000e+00,0,41
8,0.00000000e+00,0,41
13,0.00000000e+00,0,41
17,0.00000000e+00,0,41
21,8.00000000e+00,0,41
25,6.64000000e+02,0,41
30,1.00000000e+00,1,41
34,0.00000000e+00,0,41
38,0.00000000e+00,0,41
42,0.00000000e+00,0,41
47,0.00000000e+00,0,41
51,0.00000000e+00,0,41
55,0.00000000e+00,0,41
59,0.00000000e+00,0,41
64,0.00000000e+00,0,41
68,0.00000000e+00,0,41
72,0.00000000e+00,0,41
76,0.00000000e+00,0,41
81,0.00000000e+00,0,41
85,0.00000000e+00,0,41
89,0.00000000e+00,0,41
93,0.00000000e+00,0,41
98,2.50000000e+02,0,41
102,0.00000000e+00,0,41
106,0.00000000e+00,0,41
110,0.00000000e+00,0,41
115,0.00000000e+00,0,41
119,1.00000000e+00,1,41
123,0.00000000e+00,0,41
127,0.00000000e+00,0,41
132,0.00000000e+00,0,41
136,0.00000000e+00,0,41
142,0.00000000e+00,0,41
1002,1.00000000e+00,1,41
1,0.00000000e+00,0,43
5,0.00000000e+00,0,43
9,0.00000000e+00,0,43
14,0.00000000e+00,0,43
18,0.00000000e+00,0,43
22,0.00000000e+00,0,43
26,0.00000000e+00,0,43
31,0.00000000e+00,0,43
35,2.40000000e+01,0,43
39,1.00000000e+00,0,43
43,0.00000000e+00,0,43
48,0.00000000e+00,0,43
52,0.00000000e+00,0,43
58,0.00000000e+00,0,43
62,0.00000000e+00,0,43
66,0.00000000e+00,0,43
70,0.00000000e+00,0,43
75,0.00000000e+00,0,43
79,0.00000000e+00,0,43
83,0.00000000e+00,0,43
87,0.00000000e+00,0,43
92,0.00000000e+00,1,43
96,0.00000000e+00,0,43
100,0.00000000e+00,0,43
104,0.00000000e+00,0,43
109,0.00000000e+00,0,43
113,0.00000000e+00,0,43
117,0.00000000e+00,0,43
121,0.00000000e+00,0,43
126,2.00000000e+03,0,43
130,0.00000000e+00,0,43
134,0.00000000e+00,0,43
138,0.00000000e+00,0,43
143,0.00000000e+00,0,43
1,0.00000000e+00,0,44
5,0.00000000e+00,0,44
9,0.00000000e+00,0,44
14,0.00000000e+00,0,44
18,0.00000000e+00,0,44
22,0.00000000e+00,0,44
26,0.00000000e+00,0,44
31,0.00000000e+00,0,44
35,0.00000000e+00,0,44
39,1.00000000e+00,0,44
43,0.00000000e+00,0,44
48,0.00000000e+00,0,44
52,0.00000000e+00,0,44
56,0.00000000e+00,0,44
60,0.00000000e+00,0,44
65,0.00000000e+00,0,44
69,0.00000000e+00,0,44
73,0.00000000e+00,0,44
77,0.00000000e+00,0,44
82,0.00000000e+00,0,44
86,0.00000000e+00,0,44
90,0.00000000e+00,0,44
94,0.00000000e+00,0,44
99,0.00000000e+00,0,44
103,0.00000000e+00,0,44
107,0.00000000e+00,0,44
111,0.00000000e+00,0,44
116,0.00000000e+00,0,44
120,1.00000000e+00,1,44
126,0.00000000e+00,0,44
130,0.00000000e+00,0,44
134,0.00000000e+00,0,44
138,0.00000000e+00,0,44
143,0.00000000e+00,0,44
126,0.00000000e+00,0,83
127,0.00000000e+00,0,83
128,0.00000000e+00,0,83
129,0.00000000e+00,0,83
130,0.00000000e+00,0,83
131,0.00000000e+00,0,83
132,0.00000000e+00,0,83
133,0.00000000e+00,0,83
134,0.00000000e+00,0,83
135,0.00000000e+00,0,83
136,0.00000000e+00,0,83
137,0.00000000e+00,0,83
138,0.00000000e+00,0,83
139,0.00000000e+00,0,83
140,0.00000000e+00,0,83
141,0.00000000e+00,0,83
142,0.00000000e+00,0,83
143,0.00000000e+00,0,83
144,0.00000000e+00,0,83
0,0.00000000e+00,0,84
1,1.10000000e+01,1,84
2,2.50000000e+02,1,84
3,0.00000000e+00,0,84
4,1.00000001e-01,0,84
5,0.00000000e+00,0,84
6,0.00000000e+00,0,84
7,0.00000000e+00,0,84
8,0.00000000e+00,0,84
9,0.00000000e+00,0,84
10,6.99999988e-01,2,84
11,6.99999988e-01,2,84
12,0.00000000e+00,0,84
13,0.00000000e+00,0,84
14,0.00000000e+00,0,84
15,0.00000000e+00,0,84
16,2.50000000e+02,2,84
17,1.00000000e+00,1,84
18,3.65000000e+02,2,84
19,0.00000000e+00,0,84
20,0.00000000e+00,0,84
21,0.00000000e+00,0,84
22,0.00000000e+00,0,84
23,0.00000000e+00,0,84
24,1.00000000e+00,1,84
25,0.00000000e+00,0,84
26,0.00000000e+00,0,84
27,0.00000000e+00,0,84
28,0.00000000e+00,0,84
29,1.00000000e+00,1,84
30,1.00000000e+00,1,84
31,0.00000000e+00,0,84
32,0.00000000e+00,1,84
33,3.83600006e+02,1,84
34,0.00000000e+00,0,84
35,0.00000000e+00,0,84
36,0.00000000e+00,0,84
37,0.00000000e+00,0,84
38,0.00000000e+00,0,84
39,1.00000000e+00,0,84
40,0.00000000e+00,0,84
41,0.00000000e+00,0,84
42,0.00000000e+00,0,84
43,0.00000000e+00,0,84
44,0.00000000e+00,0,84
45,0.00000000e+00,0,84
46,0.00000000e+00,0,84
47,0.00000000e+00,0,84
48,0.00000000e+00,0,84
6,0.00000000e+00,0,94
7,0.00000000e+00,0,94
8,0.00000000e+00,0,94
9,0.00000000e+00,0,94
10,9.99999978e-03,2,94
11,1.00000001e-01,2,94
12,0.00000000e+00,0,94
13,0.00000000e+00,0,94
14,0.00000000e+00,0,94
15,0.00000000e+00,0,94
16,2.50000000e+02,2,94
17,1.00000000e+00,1,94
18,3.65000000e+02,2,94
19,0.00000000e+00,0,94
20,0.00000000e+00,0,94
21,0.00000000e+00,0,94
22,0.00000000e+00,0,94
23,0.00000000e+00,0,94
24,1.00000000e+00,1,94
25,0.00000000e+00,0,94
26,0.00000000e+00,0,94
27,0.00000000e+00,0,94
28,0.00000000e+00,0,94
29,1.00000000e+00,1,94
30,1.00000000e+00,1,94
31,0.00000000e+00,0,94
32,1.80000000e+05,1,94
33,1.80000000e+03,1,94
34,0.00000000e+00,0,94
35,0.00000000e+00,0,94
36,0.00000000e+00,0,94
37,0.00000000e+00,0,94
38,0.00000000e+00,0,94
39,1.00000000e+00,0,94
40,0.00000000e+00,0,94
41,0.00000000e+00,0,94
42,0.00000000e+00,0,94
43,0.00000000e+00,0,94
44,0.00000000e+00,0,94
45,0.00000000e+00,0,94
46,0.00000000e+00,0,94
47,0.00000000e+00,0,94
48,0.00000000e+00,0,94
49,0.00000000e+00,0,94
50,0.00000000e+00,0,94
51,0.00000000e+00,0,94
52,0.00000000e+00,0,94
53,0.00000000e+00,0,94
54,0.00000000e+00,0,94
55,0.00000000e+00,0,94
56,0.00000000e+00,0,94
57,0.00000000e+00,0,94
58,0.00000000e+00,0,94
59,0.00000000e+00,0,94
60,0.00000000e+00,0,94
61,0.00000000e+00,0,94
62,0.00000000e+00,0,94
63,0.00000000e+00,0,94
64,0.00000000e+00,0,94
65,0.00000000e+00,0,94
66,0.00000000e+00,0,94
67,0.00000000e+00,0,94
68,0.00000000e+00,0,94
69,0.00000000e+00,0,94
70,0.00000000e+00,0,94
71,0.00000000e+00,0,94
72,0.00000000e+00,0,94
73,0.00000000e+00,0,94
74,0.00000000e+00,0,94
75,0.00000000e+00,0,94
76,0.00000000e+00,0,94
77,0.00000000e+00,0,94
78,0.00000000e+00,0,94
79,0.00000000e+00,0,94
80,0.00000000e+00,0,94
81,0.00000000e+00,0,94
82,0.00000000e+00,0,94
83,1.80000000e+04,1,94
84,1.80000000e+04,1,94
85,1.80000000e+05,1,94
86,1.80000000e+05,1,94
87,0.00000000e+00,0,94
88,1.80000000e+04,1,94
89,1.80000000e+05,1,94
90,0.00000000e+00,0,94
91,0.00000000e+00,0,94
92,0.00000000e+00,0,94
93,0.00000000e+00,0,94
94,0.00000000e+00,0,94
95,0.00000000e+00,0,94
96,0.00000000e+00,0,94
97,0.00000000e+00,0,94
98,2.50000000e+02,0,94
99,1.80000000e+04,2,94
100,0.00000000e+00,0,94
101,2.40000000e+01,2,94
102,1.00000000e+00,1,94
103,1.80000000e+03,1,94
104,1.80000000e+03,1,94
105,0.00000000e+00,0,94
106,1.80000000e+03,1,94
107,1.80000000e+03,1,94
108,1.80000000e+03,1,94
109,1.80000000e+03,1,94
110,0.00000000e+00,0,94
111,0.00000000e+00,0,94
112,0.00000000e+00,0,94
113,0.00000000e+00,0,94
114,0.00000000e+00,0,94
115,0.00000000e+00,0,94
116,0.00000000e+00,0,94
117,0.00000000e+00,0,94
118,1.00000000e+00,1,94
119,1.00000000e+00,1,94
120,1.00000000e+00,1,94
121,9.99999997e-07,4,94
122,9.99999997e-07,4,94
123,1.80000000e+03,1,94
124,0.00000000e+00,0,94
125,0.00000000e+00,0,94
126,0.00000000e+00,0,94
127,0.00000000e+00,0,94
128,0.00000000e+00,0,94
129,0.00000000e+00,0,94
130,0.00000000e+00,0,94
131,0.00000000e+00,0,94
132,0.00000000e+00,0,94
133,0.00000000e+00,0,94
134,0.00000000e+00,0,94
135,0.00000000e+00,0,94
136,0.00000000e+00,0,94
137,0.00000000e+00,0,94
138,0.00000000e+00,0,94
139,0.00000000e+00,0,94
140,0.00000000e+00,0,94
141,0.00000000e+00,0,94
142,0.00000000e+00,0,94
143,0.00000000e+00,0,94
144,0.00000000e+00,0,94
1044,1.00000000e+00,0,94
0,0.00000000e+00,0,95
1,1.00000000e+00,1,95
2,2.50000000e+02,1,95
3,0.00000000e+00,0,95
4,0.00000000e+00,0,95
5,0.00000000e+00,0,95
6,0.00000000e+00,0,95
7,0.00000000e+00,0,95
8,0.00000000e+00,0,95
9,0.00000000e+00,0,95
10,9.99999978e-03,2,95
11,1.00000001e-01,2,95
12,0.00000000e+00,0,95
13,0.00000000e+00,0,95
14,0.00000000e+00,0,95
15,0.00000000e+00,0,95
16,2.50000000e+02,2,95
17,1.00000000e+00,1,95
18,3.65000000e+02,2,95
19,0.00000000e+00,0,95
20,0.00000000e+00,0,95
21,0.00000000e+00,0,95
22,0.00000000e+00,0,95
23,0.00000000e+00,0,95
24,1.00000000e+00,1,95
25,0.00000000e+00,0,95
26,0.00000000e+00,0,95
27,0.00000000e+00,0,95
28,0.00000000e+00,0,95
29,1.00000000e+00,1,95
30,1.00000000e+00,1,95
31,0.00000000e+00,0,95
32,1.80000000e+05,1,95
33,1.80000000e+03,1,95
34,0.00000000e+00,0,95
35,0.00000000e+00,0,95
36,0.00000000e+00,0,95
37,0.00000000e+00,0,95
38,0.00000000e+00,0,95
39,1.00000000e+00,0,95
40,0.00000000e+00,0,95
41,0.00000000e+00,0,95
42,0.00000000e+00,0,95
43,0.00000000e+00,0,95
44,0.00000000e+00,0,95
45,0.00000000e+00,0,95
46,0.00000000e+00,0,95
47,0.00000000e+00,0,95
48,0.00000000e+00,0,95
49,0.00000000e+00,0,95
50,0.00000000e+00,0,95
51,0.00000000e+00,0,95
52,0.00000000e+00,0,95
53,0.00000000e+00,0,95
54,0.00000000e+00,0,95
55,0.00000000e+00,0,95
56,0.00000000e+00,0,95
57,0.00000000e+00,0,95
58,0.00000000e+00,0,95
59,0.00000000e+00,0,95
60,0.00000000e+00,0,95
61,0.00000000e+00,0,95
62,0.00000000e+00,0,95
63,0.00000000e+00,0,95
64,0.00000000e+00,0,95
65,0.00000000e+00,0,95
66,0.00000000e+00,0,95
67,0.00000000e+00,0,95
68,0.00000000e+00,0,95
69,0.00000000e+00,0,95
70,0.00000000e+00,0,95
71,0.00000000e+00,0,95
72,0.00000000e+00,0,95
73,0.00000000e+00,0,95
74,0.00000000e+00,0,95
75,0.00000000e+00,0,95
76,0.00000000e+00,0,95
77,0.00000000e+00,0,95
78,0.00000000e+00,0,95
79,0.00000000e+00,0,95
80,0.00000000e+00,0,95
81,0.00000000e+00,0,95
82,0.00000000e+00,0,95
83,1.80000000e+04,1,95
84,1.80000000e+04,1,95
85,1.80000000e+05,1,95
86,1.80000000e+05,1,95
87,0.00000000e+00,0,95
88,1.80000000e+04,1,95
89,1.80000000e+05,1,95
90,0.00000000e+00,0,95
91,0.00000000e+00,0,95
92,0.00000000e+00,0,95
93,0.00000000e+00,0,95
94,0.00000000e+00,0,95
95,0.00000000e+00,0,95
96,0.00000000e+00,0,95
97,0.00000000e+00,0,95
98,2.50000000e+02,0,95
99,1.80000000e+04,2,95
100,0.00000000e+00,0,95
101,2.40000000e+01,2,95
102,1.00000000e+00,1,95
103,1.80000000e+03,1,95
104,1.80000000e+03,1,95
105,0.00000000e+00,0,95
106,1.80000000e+03,1,95
107,1.80000000e+03,1,95
108,1.80000000e+03,1,95
109,1.80000000e+03,1,95
110,0.00000000e+00,0,95
111,0.00000000e+00,0,95
112,0.00000000e+00,0,95
113,0.00000000e+00,0,95
114,0.00000000e+00,0,95
115,0.00000000e+00,0,95
116,0.00000000e+00,0,95
117,0.00000000e+00,0,95
118,1.00000000e+00,1,95
119,1.00000000e+00,1,95
120,1.00000000e+00,1,95
121,9.99999997e-07,4,95
122,9.99999997e-07,4,95
123,1.80000000e+03,1,95
124,0.00000000e+00,0,95
125,0.00000000e+00,0,95
126,0.00000000e+00,0,95
127,0.00000000e+00,0,95
128,0.00000000e+00,0,95
129,0.00000000e+00,0,95
130,0.00000000e+00,0,95
131,0.00000000e+00,0,95
132,0.00000000e+00,0,95
133,0.00000000e+00,0,95
134,0.00000000e+00,0,95
135,0.00000000e+00,0,95
136,0.00000000e+00,0,95
137,0.00000000e+00,0,95
138,0.00000000e+00,0,95
139,0.00000000e+00,0,95
140,0.00000000e+00,0,95
141,0.00000000e+00,0,95
142,0.00000000e+00,0,95
143,0.00000000e+00,0,95
144,0.00000000e+00,0,95
1044,1.00000000e+00,0,95
0,0.00000000e+00,0,96
1,1.00000000e+00,1,96
2,3.65000000e+02,1,96
3,0.00000000e+00,0,96
4,1.00000001e-01,0,96
5,0.00000000e+00,0,96
6,0.00000000e+00,0,96
7,0.00000000e+00,0,96
8,0.00000000e+00,0,96
9,0.00000000e+00,0,96
10,8.50000024e-01,2,96
11,1.00000000e+00,2,96
12,0.00000000e+00,0,96
13,0.00000000e+00,0,96
14,0.00000000e+00,0,96
15,0.00000000e+00,0,96
16,3.65000000e+02,2,96
17,1.00000000e+00,1,96
18,3.65000000e+02,2,96
19,0.00000000e+00,0,96
20,0.00000000e+00,0,96
21,0.00000000e+00,0,96
22,0.00000000e+00,0,96
23,0.00000000e+00,0,96
24,1.00000000e+00,1,96
25,0.00000000e+00,0,96
26,0.00000000e+00,0,96
27,0.00000000e+00,0,96
28,0.00000000e+00,0,96
29,1.00000000e+00,1,96
30,1.00000000e+00,1,96
31,0.00000000e+00,0,96
32,4.70587988e+03,1,96
33,4.00000000e+03,1,96
34,0.00000000e+00,0,96
35,0.00000000e+00,0,96
36,0.00000000e+00,0,96
37,0.00000000e+00,0,96
38,0.00000000e+00,0,96
39,1.00000000e+00,0,96
40,0.00000000e+00,0,96
41,0.00000000e+00,0,96
42,0.00000000e+00,0,96
43,0.00000000e+00,0,96
44,0.00000000e+00,0,96
45,0.00000000e+00,0,96
46,0.00000000e+00,0,96
47,0.00000000e+00,0,96
48,0.00000000e+00,0,96
49,0.00000000e+00,0,96
50,0.00000000e+00,0,96
51,0.00000000e+00,0,96
52,0.00000000e+00,0,96
53,0.00000000e+00,0,96
54,0.00000000e+00,0,96
55,0.00000000e+00,0,96
56,0.00000000e+00,0,96
57,0.00000000e+00,0,96
58,0.00000000e+00,0,96
59,0.00000000e+00,0,96
60,0.00000000e+00,0,96
61,0.00000000e+00,0,96
62,0.00000000e+00,0,96
63,0.00000000e+00,0,96
64,0.00000000e+00,0,96
65,0.00000000e+00,0,96
66,0.00000000e+00,0,96
67,0.00000000e+00,0,96
68,0.00000000e+00,0,96
69,0.00000000e+00,0,96
70,0.00000000e+00,0,96
71,0.00000000e+00,0,96
72,0.00000000e+00,0,96
73,0.00000000e+00,0,96
74,0.00000000e+00,0,96
75,0.00000000e+00,0,96
76,0.00000000e+00,0,96
77,0.00000000e+00,0,96
78,0.00000000e+00,0,96
79,0.00000000e+00,0,96
80,0.00000000e+00,0,96
81,0.00000000e+00,0,96
82,0.00000000e+00,0,96
83,4.00000000e+03,1,96
84,4.00000000e+03,1,96
85,4.70587988e+03,1,96
86,4.70587988e+03,1,96
87,0.00000000e+00,0,96
88,4.00000000e+03,1,96
89,4.70587988e+03,1,96
90,0.00000000e+00,0,96
91,0.00000000e+00,0,96
92,0.00000000e+00,0,96
93,0.00000000e+00,0,96
94,0.00000000e+00,0,96
95,0.00000000e+00,0,96
96,0.00000000e+00,0,96
97,0.00000000e+00,0,96
98,2.50000000e+02,0,96
99,4.00000000e+03,2,96
100,0.00000000e+00,0,96
101,2.40000000e+01,2,96
102,1.00000000e+00,1,96
103,4.00000000e+03,1,96
104,4.00000000e+03,1,96
105,0.00000000e+00,0,96
106,4.00000000e+03,1,96
107,4.00000000e+03,1,96
108,4.00000000e+03,1,96
109,4.00000000e+03,1,96
110,0.00000000e+00,0,96
111,0.00000000e+00,0,96
112,0.00000000e+00,0,96
113,0.00000000e+00,0,96
114,0.00000000e+00,0,96
115,0.00000000e+00,0,96
116,0.00000000e+00,0,96
117,0.00000000e+00,0,96
118,1.00000000e+00,1,96
119,1.00000000e+00,1,96
120,1.00000000e+00,1,96
121,1.00000001e-01,0,96
122,1.00000001e-01,0,96
123,4.00000000e+03,1,96
124,0.00000000e+00,0,96
125,0.00000000e+00,0,96
126,0.00000000e+00,0,96
127,0.00000000e+00,0,96
128,0.00000000e+00,0,96
129,0.00000000e+00,0,96
130,0.00000000e+00,0,96
131,0.00000000e+00,0,96
132,0.00000000e+00,0,96
133,0.00000000e+00,0,96
134,0.00000000e+00,0,96
135,0.00000000e+00,0,96
136,0.00000000e+00,0,96
137,0.00000000e+00,0,96
138,0.00000000e+00,0,96
139,0.00000000e+00,0,96
140,0.00000000e+00,0,96
141,0.00000000e+00,0,96
142,0.00000000e+00,0,96
143,0.00000000e+00,0,96
144,0.00000000e+00,0,96
1044,1.00000000e+00,0,96
0,0.00000000e+00,0,97
1,1.00000000e+00,1,97
2,3.65000000e+02,1,97
3,0.00000000e+00,0,97
4,1.00000001e-01,0,97
5,0.00000000e+00,0,97
6,0.00000000e+00,0,97
7,0.00000000e+00,0,97
8,0.00000000e+00,0,97
9,0.00000000e+00,0,97
10,8.50000024e-01,2,97
11,1.00000000e+00,2,97
12,0.00000000e+00,0,97
13,0.00000000e+00,0,97
14,0.00000000e+00,0,97
15,0.00000000e+00,0,97
16,3.65000000e+02,2,97
17,1.00000000e+00,1,97
18,3.65000000e+02,2,97
19,0.00000000e+00,0,97
20,0.00000000e+00,0,97
21,0.00000000e+00,0,97
22,0.00000000e+00,0,97
23,0.00000000e+00,0,97
24,1.00000000e+00,1,97
25,0.00000000e+00,0,97
26,0.00000000e+00,0,97
27,0.00000000e+00,0,97
28,0.00000000e+00,0,97
29,1.00000000e+00,1,97
30,1.00000000e+00,1,97
31,0.00000000e+00,0,97
32,4.70587988e+03,1,97
33,4.00000000e+03,1,97
34,0.00000000e+00,0,97
35,0.00000000e+00,0,97
36,0.00000000e+00,0,97
37,0.00000000e+00,0,97
38,0.00000000e+00,0,97
39,1.00000000e+00,0,97
40,0.00000000e+00,0,97
41,0.00000000e+00,0,97
42,0.00000000e+00,0,97
43,0.00000000e+00,0,97
44,0.00000000e+00,0,97
45,0.00000000e+00,0,97
46,0.00000000e+00,0,97
47,0.00000000e+00,0,97
48,0.00000000e+00,0,97
49,0.00000000e+00,0,97
50,0.00000000e+00,0,97
51,0.00000000e+00,0,97
52,0.00000000e+00,0,97
53,0.00000000e+00,0,97
54,0.00000000e+00,0,97
55,0.00000000e+00,0,97
56,0.00000000e+00,0,97
57,0.00000000e+00,0,97
58,0.00000000e+00,0,97
59,0.00000000e+00,0,97
60,0.00000000e+00,0,97
61,0.00000000e+00,0,97
62,0.00000000e+00,0,97
63,0.00000000e+00,0,97
64,0.00000000e+00,0,97
65,0.00000000e+00,0,97
66,0.00000000e+00,0,97
67,0.00000000e+00,0,97
68,0.00000000e+00,0,97
69,0.00000000e+00,0,97
70,0.00000000e+00,0,97
71,0.00000000e+00,0,97
72,0.00000000e+00,0,97
73,0.00000000e+00,0,97
74,0.00000000e+00,0,97
75,0.00000000e+00,0,97
76,0.00000000e+00,0,97
77,0.00000000e+00,0,97
78,0.00000000e+00,0,97
79,0.00000000e+00,0,97
80,0.00000000e+00,0,97
81,0.00000000e+00,0,97
82,0.00000000e+00,0,97
83,4.00000000e+03,1,97
84,4.00000000e+03,1,97
85,4.70587988e+03,1,97
86,4.70587988e+03,1,97
87,0.00000000e+00,0,97
88,4.00000000e+03,1,97
89,4.70587988e+03,1,97
90,0.00000000e+00,0,97
91,0.00000000e+00,0,97
92,0.00000000e+00,0,97
93,0.00000000e+00,0,97
94,0.00000000e+00,0,97
95,0.00000000e+00,0,97
96,0.00000000e+00,0,97
97,0.00000000e+00,0,97
98,2.50000000e+02,0,97
28,0.00000000e+00,0,89
29,1.00000000e+00,1,89
30,1.00000000e+00,1,89
31,0.00000000e+00,0,89
32,0.00000000e+00,1,89
33,2.62000008e+01,1,89
34,0.00000000e+00,0,89
35,0.00000000e+00,0,89
36,0.00000000e+00,0,89
37,0.00000000e+00,0,89
38,0.00000000e+00,0,89
39,1.00000000e+00,0,89
40,0.00000000e+00,0,89
41,0.00000000e+00,0,89
42,0.00000000e+00,0,89
43,0.00000000e+00,0,89
44,0.00000000e+00,0,89
45,0.00000000e+00,0,89
46,0.00000000e+00,0,89
47,0.00000000e+00,0,89
48,0.00000000e+00,0,89
49,0.00000000e+00,0,89
50,0.00000000e+00,0,89
51,0.00000000e+00,0,89
52,0.00000000e+00,0,89
53,0.00000000e+00,0,89
54,0.00000000e+00,0,89
55,0.00000000e+00,0,89
56,0.00000000e+00,0,89
57,0.00000000e+00,0,89
58,0.00000000e+00,0,89
59,0.00000000e+00,0,89
60,0.00000000e+00,0,89
61,0.00000000e+00,0,89
62,0.00000000e+00,0,89
63,0.00000000e+00,0,89
64,0.00000000e+00,0,89
65,0.00000000e+00,0,89
66,0.00000000e+00,0,89
67,0.00000000e+00,0,89
68,0.00000000e+00,0,89
69,0.00000000e+00,0,89
70,0.00000000e+00,0,89
71,0.00000000e+00,0,89
72,0.00000000e+00,0,89
73,0.00000000e+00,0,89
74,0.00000000e+00,0,89
75,0.00000000e+00,0,89
76,0.00000000e+00,0,89
77,0.00000000e+00,0,89
78,0.00000000e+00,0,89
79,0.00000000e+00,0,89
80,0.00000000e+00,0,89
81,0.00000000e+00,0,89
82,0.00000000e+00,0,89
83,2.62000008e+01,1,89
84,2.62000008e+01,1,89
85,0.00000000e+00,1,89
86,0.00000000e+00,1,89
87,0.00000000e+00,0,89
88,2.62000008e+01,1,89
89,0.00000000e+00,1,89
90,0.00000000e+00,0,89
91,0.00000000e+00,0,89
92,0.00000000e+00,0,89
93,0.00000000e+00,0,89
94,0.00000000e+00,0,89
95,0.00000000e+00,0,89
96,0.00000000e+00,0,89
97,0.00000000e+00,0,89
98,2.50000000e+02,0,89
99,2.62000008e+01,2,89
100,0.00000000e+00,0,89
101,2.40000000e+01,2,89
102,1.00000000e+00,1,89
103,2.62000008e+01,1,89
104,0.00000000e+00,1,89
105,0.00000000e+00,0,89
106,0.00000000e+00,1,89
107,2.62000008e+01,1,89
108,0.00000000e+00,1,89
109,2.62000008e+01,1,89
110,0.00000000e+00,0,89
111,0.00000000e+00,0,89
112,0.00000000e+00,0,89
113,0.00000000e+00,0,89
114,0.00000000e+00,0,89
115,0.00000000e+00,0,89
116,0.00000000e+00,0,89
117,0.00000000e+00,0,89
118,1.00000000e+00,1,89
119,1.00000000e+00,1,89
120,1.00000000e+00,1,89
121,1.00000001e-01,0,89
122,1.00000001e-01,0,89
123,0.00000000e+00,1,89
124,0.00000000e+00,0,89
125,0.00000000e+00,0,89
126,0.00000000e+00,0,89
127,0.00000000e+00,0,89
128,0.00000000e+00,0,89
129,0.00000000e+00,0,89
130,0.00000000e+00,0,89
131,0.00000000e+00,0,89
132,0.00000000e+00,0,89
133,0.00000000e+00,0,89
134,0.00000000e+00,0,89
135,0.00000000e+00,0,89
136,0.00000000e+00,0,89
137,0.00000000e+00,0,89
138,0.00000000e+00,0,89
139,0.00000000e+00,0,89
140,0.00000000e+00,0,89
141,0.00000000e+00,0,89
142,0.00000000e+00,0,89
143,0.00000000e+00,0,89
144,0.00000000e+00,0,89
1044,1.00000000e+00,0,89
78,0.00000000e+00,0,114
79,0.00000000e+00,0,114
80,0.00000000e+00,0,114
81,0.00000000e+00,0,114
82,0.00000000e+00,0,114
83,1.58000004e+00,1,114
84,1.58000004e+00,1,114
85,0.00000000e+00,1,114
86,0.00000000e+00,1,114
87,0.00000000e+00,0,114
88,1.58000004e+00,1,114
89,0.00000000e+00,1,114
90,0.00000000e+00,0,114
91,0.00000000e+00,0,114
92,0.00000000e+00,0,114
93,0.00000000e+00,0,114
94,0.00000000e+00,0,114
95,0.00000000e+00,0,114
96,0.00000000e+00,0,114
97,0.00000000e+00,0,114
98,2.50000000e+02,0,114
99,1.58000004e+00,2,114
100,0.00000000e+00,0,114
101,2.40000000e+01,2,114
102,1.00000000e+00,1,114
103,3.95000011e-01,1,114
104,0.00000000e+00,1,114
105,0.00000000e+00,0,114
106,0.00000000e+00,1,114
107,3.95000011e-01,1,114
108,0.00000000e+00,1,114
109,3.95000011e-01,1,114
110,0.00000000e+00,0,114
111,0.00000000e+00,0,114
112,0.00000000e+00,0,114
113,0.00000000e+00,0,114
114,0.00000000e+00,0,114
115,0.00000000e+00,0,114
116,0.00000000e+00,0,114
117,0.00000000e+00,0,114
118,1.00000000e+00,1,114
119,1.00000000e+00,1,114
120,1.00000000e+00,1,114
121,9.99999997e-07,0,114
122,9.99999997e-07,0,114
123,0.00000000e+00,1,114
124,0.00000000e+00,0,114
125,0.00000000e+00,0,114
126,0.00000000e+00,0,114
127,0.00000000e+00,0,114
128,0.00000000e+00,0,114
129,0.00000000e+00,0,114
130,0.00000000e+00,0,114
131,0.00000000e+00,0,114
99,4.00000000e+03,2,97
100,0.00000000e+00,0,97
101,2.40000000e+01,2,97
102,1.00000000e+00,1,97
103,4.00000000e+03,1,97
104,4.00000000e+03,1,97
105,0.00000000e+00,0,97
106,4.00000000e+03,1,97
107,4.00000000e+03,1,97
108,4.00000000e+03,1,97
109,4.00000000e+03,1,97
110,0.00000000e+00,0,97
111,0.00000000e+00,0,97
112,0.00000000e+00,0,97
113,0.00000000e+00,0,97
114,0.00000000e+00,0,97
115,0.00000000e+00,0,97
116,0.00000000e+00,0,97
117,0.00000000e+00,0,97
118,1.00000000e+00,1,97
119,1.00000000e+00,1,97
120,1.00000000e+00,1,97
121,1.00000001e-01,0,97
122,1.00000001e-01,0,97
123,4.00000000e+03,1,97
124,0.00000000e+00,0,97
125,0.00000000e+00,0,97
126,0.00000000e+00,0,97
127,0.00000000e+00,0,97
128,0.00000000e+00,0,97
129,0.00000000e+00,0,97
130,0.00000000e+00,0,97
131,0.00000000e+00,0,97
132,0.00000000e+00,0,97
133,0.00000000e+00,0,97
134,0.00000000e+00,0,97
135,0.00000000e+00,0,97
136,0.00000000e+00,0,97
137,0.00000000e+00,0,97
138,0.00000000e+00,0,97
139,0.00000000e+00,0,97
140,0.00000000e+00,0,97
141,0.00000000e+00,0,97
142,0.00000000e+00,0,97
143,0.00000000e+00,0,97
144,0.00000000e+00,0,97
1044,1.00000000e+00,0,97
0,0.00000000e+00,0,98
1,1.00000000e+00,1,98
2,3.65000000e+02,1,98
3,0.00000000e+00,0,98
4,1.00000001e-01,0,98
5,0.00000000e+00,0,98
6,0.00000000e+00,0,98
7,0.00000000e+00,0,98
8,0.00000000e+00,0,98
9,0.00000000e+00,0,98
10,8.50000024e-01,2,98
11,1.00000000e+00,2,98
12,0.00000000e+00,0,98
13,0.00000000e+00,0,98
14,0.00000000e+00,0,98
15,0.00000000e+00,0,98
16,3.65000000e+02,2,98
17,1.00000000e+00,1,98
18,3.65000000e+02,2,98
19,0.00000000e+00,0,98
20,0.00000000e+00,0,98
21,0.00000000e+00,0,98
22,0.00000000e+00,0,98
23,0.00000000e+00,0,98
24,1.00000000e+00,1,98
25,0.00000000e+00,0,98
26,0.00000000e+00,0,98
27,0.00000000e+00,0,98
28,0.00000000e+00,0,98
29,1.00000000e+00,1,98
30,1.00000000e+00,1,98
31,0.00000000e+00,0,98
32,4.70587988e+03,1,98
33,4.00000000e+03,1,98
34,0.00000000e+00,0,98
35,0.00000000e+00,0,98
36,0.00000000e+00,0,98
37,0.00000000e+00,0,98
38,0.00000000e+00,0,98
39,1.00000000e+00,0,98
40,0.00000000e+00,0,98
41,0.00000000e+00,0,98
42,0.00000000e+00,0,98
43,0.00000000e+00,0,98
44,0.00000000e+00,0,98
45,0.00000000e+00,0,98
46,0.00000000e+00,0,98
47,0.00000000e+00,0,98
48,0.00000000e+00,0,98
49,0.00000000e+00,0,98
50,0.00000000e+00,0,98
51,0.00000000e+00,0,98
52,0.00000000e+00,0,98
53,0.00000000e+00,0,98
54,0.00000000e+00,0,98
55,0.00000000e+00,0,98
56,0.00000000e+00,0,98
57,0.00000000e+00,0,98
58,0.00000000e+00,0,98
59,0.00000000e+00,0,98
60,0.00000000e+00,0,98
61,0.00000000e+00,0,98
62,0.00000000e+00,0,98
63,0.00000000e+00,0,98
64,0.00000000e+00,0,98
65,0.00000000e+00,0,98
66,0.00000000e+00,0,98
67,0.00000000e+00,0,98
68,0.00000000e+00,0,98
69,0.00000000e+00,0,98
70,0.00000000e+00,0,98
71,0.00000000e+00,0,98
72,0.00000000e+00,0,98
73,0.00000000e+00,0,98
74,0.00000000e+00,0,98
75,0.00000000e+00,0,98
76,0.00000000e+00,0,98
77,0.00000000e+00,0,98
78,0.00000000e+00,0,98
79,0.00000000e+00,0,98
80,0.00000000e+00,0,98
81,0.00000000e+00,0,98
82,0.00000000e+00,0,98
83,4.00000000e+03,1,98
84,4.00000000e+03,1,98
85,4.70587988e+03,1,98
86,4.70587988e+03,1,98
87,0.00000000e+00,0,98
88,4.00000000e+03,1,98
89,4.70587988e+03,1,98
90,0.00000000e+00,0,98
91,0.00000000e+00,0,98
92,0.00000000e+00,0,98
93,0.00000000e+00,0,98
94,0.00000000e+00,0,98
95,0.00000000e+00,0,98
96,0.00000000e+00,0,98
97,0.00000000e+00,0,98
98,2.50000000e+02,0,98
99,4.00000000e+03,2,98
100,0.00000000e+00,0,98
101,2.40000000e+01,2,98
102,1.00000000e+00,1,98
103,4.00000000e+03,1,98
104,4.00000000e+03,1,98
105,0.00000000e+00,0,98
106,4.00000000e+03,1,98
107,4.00000000e+03,1,98
108,4.00000000e+03,1,98
109,4.00000000e+03,1,98
110,0.00000000e+00,0,98
111,0.00000000e+00,0,98
112,0.00000000e+00,0,98
113,0.00000000e+00,0,98
114,0.00000000e+00,0,98
115,0.00000000e+00,0,98
116,0.00000000e+00,0,98
117,0.00000000e+00,0,98
118,1.00000000e+00,1,98
119,1.00000000e+00,1,98
120,1.00000000e+00,1,98
121,1.00000001e-01,0,98
122,1.00000001e-01,0,98
123,4.00000000e+03,1,98
124,0.00000000e+00,0,98
125,0.00000000e+00,0,98
126,0.00000000e+00,0,98
127,0.00000000e+00,0,98
128,0.00000000e+00,0,98
129,0.00000000e+00,0,98
130,0.00000000e+00,0,98
131,0.00000000e+00,0,98
132,0.00000000e+00,0,98
133,0.00000000e+00,0,98
134,0.00000000e+00,0,98
135,0.00000000e+00,0,98
136,0.00000000e+00,0,98
137,0.00000000e+00,0,98
138,0.00000000e+00,0,98
139,0.00000000e+00,0,98
140,0.00000000e+00,0,98
141,0.00000000e+00,0,98
142,0.00000000e+00,0,98
143,0.00000000e+00,0,98
144,0.00000000e+00,0,98
1044,1.00000000e+00,0,98
0,0.00000000e+00,0,99
1,8.00000000e+00,1,99
2,2.50000000e+02,1,99
3,0.00000000e+00,0,99
4,0.00000000e+00,0,99
5,0.00000000e+00,0,99
6,0.00000000e+00,0,99
7,0.00000000e+00,0,99
8,0.00000000e+00,0,99
9,0.00000000e+00,0,99
10,6.99999988e-01,2,99
11,1.00000000e+00,2,99
12,0.00000000e+00,0,99
13,0.00000000e+00,0,99
14,0.00000000e+00,0,99
15,0.00000000e+00,0,99
16,2.50000000e+02,2,99
17,1.00000000e+00,1,99
18,3.65000000e+02,2,99
19,0.00000000e+00,0,99
20,0.00000000e+00,0,99
21,0.00000000e+00,0,99
22,0.00000000e+00,0,99
23,0.00000000e+00,0,99
24,1.00000000e+00,1,99
25,0.00000000e+00,0,99
26,0.00000000e+00,0,99
27,0.00000000e+00,0,99
28,0.00000000e+00,0,99
29,1.00000000e+00,1,99
30,1.00000000e+00,1,99
31,0.00000000e+00,0,99
32,7.42859985e+02,1,99
33,5.20000000e+02,1,99
34,0.00000000e+00,0,99
35,0.00000000e+00,0,99
36,0.00000000e+00,0,99
37,0.00000000e+00,0,99
38,0.00000000e+00,0,99
39,1.00000000e+00,0,99
40,0.00000000e+00,0,99
41,0.00000000e+00,0,99
42,0.00000000e+00,0,99
43,0.00000000e+00,0,99
44,0.00000000e+00,0,99
45,0.00000000e+00,0,99
46,0.00000000e+00,0,99
47,0.00000000e+00,0,99
48,0.00000000e+00,0,99
49,0.00000000e+00,0,99
50,0.00000000e+00,0,99
51,0.00000000e+00,0,99
52,0.00000000e+00,0,99
53,0.00000000e+00,0,99
54,0.00000000e+00,0,99
55,0.00000000e+00,0,99
56,0.00000000e+00,0,99
57,0.00000000e+00,0,99
58,0.00000000e+00,0,99
59,0.00000000e+00,0,99
60,0.00000000e+00,0,99
61,0.00000000e+00,0,99
62,0.00000000e+00,0,99
63,0.00000000e+00,0,99
64,0.00000000e+00,0,99
65,0.00000000e+00,0,99
66,0.00000000e+00,0,99
67,0.00000000e+00,0,99
68,0.00000000e+00,0,99
69,0.00000000e+00,0,99
70,0.00000000e+00,0,99
71,0.00000000e+00,0,99
72,0.00000000e+00,0,99
73,0.00000000e+00,0,99
74,0.00000000e+00,0,99
75,0.00000000e+00,0,99
76,0.00000000e+00,0,99
77,0.00000000e+00,0,99
78,0.00000000e+00,0,99
79,0.00000000e+00,0,99
80,0.00000000e+00,0,99
81,0.00000000e+00,0,99
82,0.00000000e+00,0,99
83,5.20000000e+02,1,99
84,5.20000000e+02,1,99
85,7.42859985e+02,1,99
86,7.42859985e+02,1,99
87,0.00000000e+00,0,99
88,5.20000000e+02,1,99
89,7.42859985e+02,1,99
90,0.00000000e+00,0,99
91,0.00000000e+00,0,99
92,0.00000000e+00,0,99
93,0.00000000e+00,0,99
94,0.00000000e+00,0,99
95,0.00000000e+00,0,99
96,0.00000000e+00,0,99
97,0.00000000e+00,0,99
98,2.50000000e+02,0,99
99,5.20000000e+02,2,99
100,0.00000000e+00,0,99
101,2.40000000e+01,2,99
102,1.00000000e+00,1,99
103,5.20000000e+02,1,99
104,5.20000000e+02,1,99
105,0.00000000e+00,0,99
106,5.20000000e+02,1,99
107,5.20000000e+02,1,99
108,5.20000000e+02,1,99
109,5.20000000e+02,1,99
110,0.00000000e+00,0,99
111,0.00000000e+00,0,99
112,0.00000000e+00,0,99
113,0.00000000e+00,0,99
114,0.00000000e+00,0,99
115,0.00000000e+00,0,99
116,0.00000000e+00,0,99
117,0.00000000e+00,0,99
118,1.00000000e+00,1,99
119,1.00000000e+00,1,99
120,1.00000000e+00,1,99
121,1.00000001e-01,4,99
122,1.00000001e-01,4,99
123,5.20000000e+02,1,99
124,0.00000000e+00,0,99
125,0.00000000e+00,0,99
126,0.00000000e+00,0,99
127,0.00000000e+00,0,99
128,0.00000000e+00,0,99
129,0.00000000e+00,0,99
130,0.00000000e+00,0,99
131,0.00000000e+00,0,99
132,0.00000000e+00,0,99
133,0.00000000e+00,0,99
134,0.00000000e+00,0,99
135,0.00000000e+00,0,99
136,0.00000000e+00,0,99
137,0.00000000e+00,0,99
138,0.00000000e+00,0,99
139,0.00000000e+00,0,99
140,0.00000000e+00,0,99
141,0.00000000e+00,0,99
142,0.00000000e+00,0,99
143,0.00000000e+00,0,99
144,0.00000000e+00,0,99
1044,1.00000000e+00,0,99
0,0.00000000e+00,0,100
1,8.00000000e+00,1,100
2,2.50000000e+02,1,100
3,0.00000000e+00,0,100
4,0.00000000e+00,0,100
5,0.00000000e+00,0,100
6,0.00000000e+00,0,100
7,0.00000000e+00,0,100
8,0.00000000e+00,0,100
9,0.00000000e+00,0,100
10,6.99999988e-01,2,100
11,1.00000000e+00,2,100
12,0.00000000e+00,0,100
13,0.00000000e+00,0,100
14,0.00000000e+00,0,100
90,0.00000000e+00,0,91
91,0.00000000e+00,0,91
92,0.00000000e+00,0,91
93,0.00000000e+00,0,91
94,0.00000000e+00,0,91
95,0.00000000e+00,0,91
96,0.00000000e+00,0,91
97,0.00000000e+00,0,91
98,2.50000000e+02,0,91
99,2.79999995e+00,2,91
100,0.00000000e+00,0,91
101,2.40000000e+01,2,91
102,1.00000000e+00,1,91
103,2.79999995e+00,1,91
104,0.00000000e+00,1,91
105,0.00000000e+00,0,91
106,0.00000000e+00,1,91
107,2.79999995e+00,1,91
108,0.00000000e+00,1,91
109,2.79999995e+00,1,91
110,0.00000000e+00,0,91
111,0.00000000e+00,0,91
112,0.00000000e+00,0,91
113,0.00000000e+00,0,91
114,0.00000000e+00,0,91
115,0.00000000e+00,0,91
116,0.00000000e+00,0,91
117,0.00000000e+00,0,91
118,1.00000000e+00,1,91
119,1.00000000e+00,1,91
120,1.00000000e+00,1,91
121,2.40000000e+01,0,91
122,2.40000000e+01,0,91
123,0.00000000e+00,1,91
124,0.00000000e+00,0,91
125,0.00000000e+00,0,91
126,0.00000000e+00,0,91
127,0.00000000e+00,0,91
128,0.00000000e+00,0,91
129,0.00000000e+00,0,91
130,0.00000000e+00,0,91
131,0.00000000e+00,0,91
132,0.00000000e+00,0,91
133,0.00000000e+00,0,91
134,0.00000000e+00,0,91
135,0.00000000e+00,0,91
136,0.00000000e+00,0,91
137,0.00000000e+00,0,91
138,0.00000000e+00,0,91
139,0.00000000e+00,0,91
140,0.00000000e+00,0,91
141,0.00000000e+00,0,91
142,0.00000000e+00,0,91
143,0.00000000e+00,0,91
144,0.00000000e+00,0,91
1044,1.00000000e+00,0,91
0,0.00000000e+00,0,92
1,1.00000000e+00,1,92
2,2.50000000e+02,1,92
3,0.00000000e+00,0,92
4,0.00000000e+00,0,92
5,0.00000000e+00,0,92
6,0.00000000e+00,0,92
7,0.00000000e+00,0,92
8,0.00000000e+00,0,92
9,0.00000000e+00,0,92
10,2.30000000e-02,2,92
11,2.30000004e-01,2,92
12,0.00000000e+00,0,92
13,0.00000000e+00,0,92
14,0.00000000e+00,0,92
15,0.00000000e+00,0,92
16,2.50000000e+02,2,92
17,1.00000000e+00,1,92
18,3.65000000e+02,2,92
19,0.00000000e+00,0,92
20,0.00000000e+00,0,92
21,0.00000000e+00,0,92
22,0.00000000e+00,0,92
23,0.00000000e+00,0,92
24,1.00000000e+00,1,92
25,0.00000000e+00,0,92
26,0.00000000e+00,0,92
27,0.00000000e+00,0,92
28,0.00000000e+00,0,92
29,1.00000000e+00,1,92
30,1.00000000e+00,1,92
31,0.00000000e+00,0,92
32,4.15000000e+05,1,92
33,9.54500000e+03,1,92
34,0.00000000e+00,0,92
35,0.00000000e+00,0,92
36,0.00000000e+00,0,92
37,0.00000000e+00,0,92
38,0.00000000e+00,0,92
39,1.00000000e+00,0,92
40,0.00000000e+00,0,92
41,0.00000000e+00,0,92
42,0.00000000e+00,0,92
43,0.00000000e+00,0,92
44,0.00000000e+00,0,92
45,0.00000000e+00,0,92
46,0.00000000e+00,0,92
47,0.00000000e+00,0,92
48,0.00000000e+00,0,92
49,0.00000000e+00,0,92
50,0.00000000e+00,0,92
51,0.00000000e+00,0,92
52,0.00000000e+00,0,92
53,0.00000000e+00,0,92
54,0.00000000e+00,0,92
55,0.00000000e+00,0,92
56,0.00000000e+00,0,92
57,0.00000000e+00,0,92
58,0.00000000e+00,0,92
59,0.00000000e+00,0,92
60,0.00000000e+00,0,92
61,0.00000000e+00,0,92
62,0.00000000e+00,0,92
63,0.00000000e+00,0,92
64,0.00000000e+00,0,92
65,0.00000000e+00,0,92
66,0.00000000e+00,0,92
67,0.00000000e+00,0,92
68,0.00000000e+00,0,92
69,0.00000000e+00,0,92
70,0.00000000e+00,0,92
71,0.00000000e+00,0,92
72,0.00000000e+00,0,92
73,0.00000000e+00,0,92
74,0.00000000e+00,0,92
75,0.00000000e+00,0,92
76,0.00000000e+00,0,92
77,0.00000000e+00,0,92
78,0.00000000e+00,0,92
79,0.00000000e+00,0,92
80,0.00000000e+00,0,92
81,0.00000000e+00,0,92
82,0.00000000e+00,0,92
83,4.15000000e+04,1,92
84,4.15000000e+04,1,92
85,4.15000000e+05,1,92
86,4.15000000e+05,1,92
87,0.00000000e+00,0,92
88,4.15000000e+04,1,92
89,4.15000000e+05,1,92
90,0.00000000e+00,0,92
91,0.00000000e+00,0,92
92,0.00000000e+00,0,92
93,0.00000000e+00,0,92
94,0.00000000e+00,0,92
95,0.00000000e+00,0,92
96,0.00000000e+00,0,92
97,0.00000000e+00,0,92
98,2.50000000e+02,0,92
99,4.15000000e+04,2,92
100,0.00000000e+00,0,92
101,2.40000000e+01,2,92
102,1.00000000e+00,1,92
103,9.54500000e+03,1,92
104,9.54500000e+03,1,92
105,0.00000000e+00,0,92
106,9.54500000e+03,1,92
107,9.54500000e+03,1,92
108,9.54500000e+03,1,92
109,9.54500000e+03,1,92
110,0.00000000e+00,0,92
111,0.00000000e+00,0,92
112,0.00000000e+00,0,92
113,0.00000000e+00,0,92
114,0.00000000e+00,0,92
115,0.00000000e+00,0,92
116,0.00000000e+00,0,92
117,0.00000000e+00,0,92
118,1.00000000e+00,1,92
119,1.00000000e+00,1,92
120,1.00000000e+00,1,92
113,0.00000000e+00,0,109
114,0.00000000e+00,0,109
115,0.00000000e+00,0,109
116,0.00000000e+00,0,109
117,0.00000000e+00,0,109
118,1.00000000e+00,1,109
119,1.00000000e+00,1,109
120,1.00000000e+00,1,109
121,1.00000001e-01,0,109
122,1.00000001e-01,0,109
123,0.00000000e+00,1,109
124,0.00000000e+00,0,109
125,0.00000000e+00,0,109
126,0.00000000e+00,0,109
127,0.00000000e+00,0,109
128,0.00000000e+00,0,109
129,0.00000000e+00,0,109
130,0.00000000e+00,0,109
131,0.00000000e+00,0,109
132,0.00000000e+00,0,109
133,0.00000000e+00,0,109
134,0.00000000e+00,0,109
135,0.00000000e+00,0,109
136,0.00000000e+00,0,109
137,0.00000000e+00,0,109
138,0.00000000e+00,0,109
139,0.00000000e+00,0,109
140,0.00000000e+00,0,109
141,0.00000000e+00,0,109
142,0.00000000e+00,0,109
143,0.00000000e+00,0,109
144,0.00000000e+00,0,109
1004,2.00000000e+00,0,109
1044,1.00000000e+00,0,109
0,0.00000000e+00,0,110
1,1.00000000e+00,1,110
2,2.47000000e+02,1,110
3,0.00000000e+00,0,110
4,9.99999997e-07,0,110
5,0.00000000e+00,0,110
6,0.00000000e+00,0,110
7,0.00000000e+00,0,110
8,0.00000000e+00,0,110
9,0.00000000e+00,0,110
10,3.50000001e-02,2,110
11,3.49999994e-01,2,110
12,0.00000000e+00,0,110
13,0.00000000e+00,0,110
14,0.00000000e+00,0,110
15,0.00000000e+00,0,110
16,2.47000000e+02,2,110
17,1.00000000e+00,1,110
18,3.65000000e+02,2,110
19,0.00000000e+00,0,110
20,0.00000000e+00,0,110
21,0.00000000e+00,0,110
22,0.00000000e+00,0,110
23,0.00000000e+00,0,110
24,1.00000000e+00,1,110
25,0.00000000e+00,0,110
26,0.00000000e+00,0,110
27,0.00000000e+00,0,110
28,0.00000000e+00,0,110
29,1.00000000e+00,1,110
30,1.00000000e+00,1,110
31,0.00000000e+00,0,110
32,1.14199997e+02,1,110
33,3.99699998e+00,1,110
34,0.00000000e+00,0,110
35,0.00000000e+00,0,110
36,0.00000000e+00,0,110
37,0.00000000e+00,0,110
38,0.00000000e+00,0,110
39,1.00000000e+00,0,110
40,0.00000000e+00,0,110
41,0.00000000e+00,0,110
42,0.00000000e+00,0,110
43,0.00000000e+00,0,110
44,0.00000000e+00,0,110
45,0.00000000e+00,0,110
46,0.00000000e+00,0,110
47,0.00000000e+00,0,110
48,0.00000000e+00,0,110
49,0.00000000e+00,0,110
50,0.00000000e+00,0,110
51,0.00000000e+00,0,110
52,0.00000000e+00,0,110
53,0.00000000e+00,0,110
54,0.00000000e+00,0,110
55,0.00000000e+00,0,110
56,0.00000000e+00,0,110
57,0.00000000e+00,0,110
58,0.00000000e+00,0,110
59,0.00000000e+00,0,110
60,0.00000000e+00,0,110
61,0.00000000e+00,0,110
62,0.00000000e+00,0,110
63,0.00000000e+00,0,110
64,0.00000000e+00,0,110
65,0.00000000e+00,0,110
66,0.00000000e+00,0,110
67,0.00000000e+00,0,110
68,0.00000000e+00,0,110
69,0.00000000e+00,0,110
70,0.00000000e+00,0,110
71,0.00000000e+00,0,110
72,0.00000000e+00,0,110
73,0.00000000e+00,0,110
74,0.00000000e+00,0,110
75,0.00000000e+00,0,110
76,0.00000000e+00,0,110
77,0.00000000e+00,0,110
78,0.00000000e+00,0,110
79,0.00000000e+00,0,110
80,0.00000000e+00,0,110
81,0.00000000e+00,0,110
82,0.00000000e+00,0,110
83,1.14200001e+01,1,110
84,1.14200001e+01,1,110
85,1.14199997e+02,1,110
86,1.14199997e+02,1,110
87,0.00000000e+00,0,110
88,1.14200001e+01,1,110
89,1.14199997e+02,1,110
90,0.00000000e+00,0,110
91,0.00000000e+00,0,110
92,0.00000000e+00,0,110
93,0.00000000e+00,0,110
94,0.00000000e+00,0,110
95,0.00000000e+00,0,110
96,0.00000000e+00,0,110
97,0.00000000e+00,0,110
98,2.50000000e+02,0,110
99,1.14200001e+01,2,110
100,0.00000000e+00,0,110
101,2.40000000e+01,2,110
102,1.00000000e+00,1,110
103,3.99699998e+00,1,110
104,3.99699998e+00,1,110
105,0.00000000e+00,0,110
106,3.99699998e+00,1,110
107,3.99699998e+00,1,110
108,3.99699998e+00,1,110
109,3.99699998e+00,1,110
110,0.00000000e+00,0,110
111,0.00000000e+00,0,110
112,0.00000000e+00,0,110
113,0.00000000e+00,0,110
114,0.00000000e+00,0,110
115,0.00000000e+00,0,110
116,0.00000000e+00,0,110
117,0.00000000e+00,0,110
118,1.00000000e+00,1,110
119,1.00000000e+00,1,110
120,1.00000000e+00,1,110
121,9.99999997e-07,4,110
122,9.99999997e-07,4,110
123,3.99699998e+00,1,110
124,0.00000000e+00,0,110
125,0.00000000e+00,0,110
126,0.00000000e+00,0,110
127,0.00000000e+00,0,110
128,0.00000000e+00,0,110
129,0.00000000e+00,0,110
130,0.00000000e+00,0,110
131,0.00000000e+00,0,110
132,0.00000000e+00,0,110
133,0.00000000e+00,0,110
134,0.00000000e+00,0,110
135,0.00000000e+00,0,110
136,0.00000000e+00,0,110
137,0.00000000e+00,0,110
138,0.00000000e+00,0,110
139,0.00000000e+00,0,110
140,0.00000000e+00,0,110
141,0.00000000e+00,0,110
142,0.00000000e+00,0,110
15,0.00000000e+00,0,100
16,2.50000000e+02,2,100
17,1.00000000e+00,1,100
18,3.65000000e+02,2,100
19,0.00000000e+00,0,100
20,0.00000000e+00,0,100
21,0.00000000e+00,0,100
22,0.00000000e+00,0,100
23,0.00000000e+00,0,100
24,1.00000000e+00,1,100
25,0.00000000e+00,0,100
26,0.00000000e+00,0,100
27,0.00000000e+00,0,100
28,0.00000000e+00,0,100
29,1.00000000e+00,1,100
30,1.00000000e+00,1,100
31,0.00000000e+00,0,100
32,7.42859985e+02,1,100
33,5.20000000e+02,1,100
34,0.00000000e+00,0,100
35,0.00000000e+00,0,100
36,0.00000000e+00,0,100
37,0.00000000e+00,0,100
38,0.00000000e+00,0,100
39,1.00000000e+00,0,100
40,0.00000000e+00,0,100
41,0.00000000e+00,0,100
42,0.00000000e+00,0,100
43,0.00000000e+00,0,100
44,0.00000000e+00,0,100
45,0.00000000e+00,0,100
46,0.00000000e+00,0,100
47,0.00000000e+00,0,100
48,0.00000000e+00,0,100
49,0.00000000e+00,0,100
50,0.00000000e+00,0,100
51,0.00000000e+00,0,100
52,0.00000000e+00,0,100
53,0.00000000e+00,0,100
54,0.00000000e+00,0,100
55,0.00000000e+00,0,100
56,0.00000000e+00,0,100
57,0.00000000e+00,0,100
58,0.00000000e+00,0,100
59,0.00000000e+00,0,100
60,0.00000000e+00,0,100
61,0.00000000e+00,0,100
62,0.00000000e+00,0,100
63,0.00000000e+00,0,100
64,0.00000000e+00,0,100
65,0.00000000e+00,0,100
66,0.00000000e+00,0,100
67,0.00000000e+00,0,100
68,0.00000000e+00,0,100
69,0.00000000e+00,0,100
70,0.00000000e+00,0,100
71,0.00000000e+00,0,100
72,0.00000000e+00,0,100
73,0.00000000e+00,0,100
74,0.00000000e+00,0,100
75,0.00000000e+00,0,100
76,0.00000000e+00,0,100
77,0.00000000e+00,0,100
78,0.00000000e+00,0,100
79,0.00000000e+00,0,100
80,0.00000000e+00,0,100
81,0.00000000e+00,0,100
82,0.00000000e+00,0,100
83,5.20000000e+02,1,100
84,5.20000000e+02,1,100
85,7.42859985e+02,1,100
86,7.42859985e+02,1,100
87,0.00000000e+00,0,100
88,5.20000000e+02,1,100
89,7.42859985e+02,1,100
90,0.00000000e+00,0,100
91,0.00000000e+00,0,100
92,0.00000000e+00,0,100
93,0.00000000e+00,0,100
94,0.00000000e+00,0,100
95,0.00000000e+00,0,100
96,0.00000000e+00,0,100
97,0.00000000e+00,0,100
98,2.50000000e+02,0,100
99,5.20000000e+02,2,100
100,0.00000000e+00,0,100
101,2.40000000e+01,2,100
102,1.00000000e+00,1,100
103,5.20000000e+02,1,100
104,5.20000000e+02,1,100
105,0.00000000e+00,0,100
106,5.20000000e+02,1,100
107,5.20000000e+02,1,100
108,5.20000000e+02,1,100
109,5.20000000e+02,1,100
110,0.00000000e+00,0,100
111,0.00000000e+00,0,100
112,0.00000000e+00,0,100
113,0.00000000e+00,0,100
114,0.00000000e+00,0,100
115,0.00000000e+00,0,100
116,0.00000000e+00,0,100
117,0.00000000e+00,0,100
118,1.00000000e+00,1,100
119,1.00000000e+00,1,100
120,1.00000000e+00,1,100
121,1.00000001e-01,4,100
122,1.00000001e-01,4,100
123,5.20000000e+02,1,100
124,0.00000000e+00,0,100
125,0.00000000e+00,0,100
126,0.00000000e+00,0,100
127,0.00000000e+00,0,100
128,0.00000000e+00,0,100
129,0.00000000e+00,0,100
130,0.00000000e+00,0,100
131,0.00000000e+00,0,100
132,0.00000000e+00,0,100
133,0.00000000e+00,0,100
134,0.00000000e+00,0,100
135,0.00000000e+00,0,100
136,0.00000000e+00,0,100
137,0.00000000e+00,0,100
138,0.00000000e+00,0,100
139,0.00000000e+00,0,100
140,0.00000000e+00,0,100
141,0.00000000e+00,0,100
142,0.00000000e+00,0,100
143,0.00000000e+00,0,100
144,0.00000000e+00,0,100
1044,1.00000000e+00,0,100
0,0.00000000e+00,0,101
1,8.00000000e+00,1,101
2,2.50000000e+02,1,101
3,0.00000000e+00,0,101
4,0.00000000e+00,0,101
5,0.00000000e+00,0,101
6,0.00000000e+00,0,101
7,0.00000000e+00,0,101
8,0.00000000e+00,0,101
9,0.00000000e+00,0,101
10,6.99999988e-01,2,101
11,1.00000000e+00,2,101
12,0.00000000e+00,0,101
13,0.00000000e+00,0,101
14,0.00000000e+00,0,101
15,0.00000000e+00,0,101
16,2.50000000e+02,2,101
17,1.00000000e+00,1,101
18,3.65000000e+02,2,101
19,0.00000000e+00,0,101
20,0.00000000e+00,0,101
21,0.00000000e+00,0,101
22,0.00000000e+00,0,101
23,0.00000000e+00,0,101
24,1.00000000e+00,1,101
25,0.00000000e+00,0,101
26,0.00000000e+00,0,101
27,0.00000000e+00,0,101
28,0.00000000e+00,0,101
29,1.00000000e+00,1,101
30,1.00000000e+00,1,101
31,0.00000000e+00,0,101
32,7.42859985e+02,1,101
33,5.20000000e+02,1,101
34,0.00000000e+00,0,101
35,0.00000000e+00,0,101
36,0.00000000e+00,0,101
37,0.00000000e+00,0,101
38,0.00000000e+00,0,101
39,1.00000000e+00,0,101
40,0.00000000e+00,0,101
41,0.00000000e+00,0,101
42,0.00000000e+00,0,101
43,0.00000000e+00,0,101
44,0.00000000e+00,0,101
45,0.00000000e+00,0,101
143,0.00000000e+00,0,110
144,0.00000000e+00,0,110
1004,2.00000000e+00,0,110
1044,1.00000000e+00,0,110
0,0.00000000e+00,0,111
1,2.00000000e+00,1,111
2,3.60000000e+02,2,111
3,0.00000000e+00,0,111
4,0.00000000e+00,0,111
5,0.00000000e+00,0,111
6,0.00000000e+00,0,111
7,0.00000000e+00,0,111
8,0.00000000e+00,0,111
9,0.00000000e+00,0,111
10,0.00000000e+00,1,111
11,4.00000006e-01,2,111
12,0.00000000e+00,1,111
13,0.00000000e+00,1,111
14,3.60000000e+01,2,111
15,1.43999996e+01,1,111
16,3.60000000e+02,2,111
17,1.00000000e+00,1,111
18,3.65000000e+02,2,111
19,0.00000000e+00,0,111
20,0.00000000e+00,0,111
21,0.00000000e+00,0,111
22,0.00000000e+00,0,111
23,0.00000000e+00,0,111
24,1.00000000e+00,1,111
25,0.00000000e+00,0,111
26,0.00000000e+00,0,111
27,0.00000000e+00,0,111
28,0.00000000e+00,0,111
29,1.00000000e+00,1,111
30,1.00000000e+00,1,111
31,0.00000000e+00,0,111
32,0.00000000e+00,1,111
33,1.43999996e+01,1,111
34,0.00000000e+00,0,111
35,0.00000000e+00,0,111
36,0.00000000e+00,0,111
37,0.00000000e+00,0,111
38,0.00000000e+00,0,111
39,1.00000000e+00,0,111
40,0.00000000e+00,0,111
41,0.00000000e+00,0,111
42,0.00000000e+00,0,111
43,0.00000000e+00,0,111
44,0.00000000e+00,0,111
45,0.00000000e+00,0,111
46,0.00000000e+00,0,111
47,0.00000000e+00,0,111
48,0.00000000e+00,0,111
49,0.00000000e+00,0,111
50,0.00000000e+00,0,111
51,0.00000000e+00,0,111
52,0.00000000e+00,0,111
53,0.00000000e+00,0,111
54,0.00000000e+00,0,111
55,0.00000000e+00,0,111
56,0.00000000e+00,0,111
57,0.00000000e+00,0,111
58,0.00000000e+00,0,111
59,0.00000000e+00,0,111
60,0.00000000e+00,0,111
61,0.00000000e+00,0,111
62,0.00000000e+00,0,111
63,0.00000000e+00,0,111
64,0.00000000e+00,0,111
65,0.00000000e+00,0,111
66,0.00000000e+00,0,111
67,0.00000000e+00,0,111
68,0.00000000e+00,0,111
69,0.00000000e+00,0,111
70,0.00000000e+00,0,111
71,0.00000000e+00,0,111
72,0.00000000e+00,0,111
73,0.00000000e+00,0,111
74,0.00000000e+00,0,111
75,0.00000000e+00,0,111
76,0.00000000e+00,0,111
77,0.00000000e+00,0,111
78,0.00000000e+00,0,111
79,0.00000000e+00,0,111
80,0.00000000e+00,0,111
81,0.00000000e+00,0,111
82,0.00000000e+00,0,111
83,3.60000000e+01,1,111
84,3.60000000e+01,1,111
85,0.00000000e+00,1,111
86,0.00000000e+00,1,111
87,0.00000000e+00,0,111
88,3.60000000e+01,1,111
89,0.00000000e+00,1,111
90,0.00000000e+00,0,111
91,0.00000000e+00,0,111
92,0.00000000e+00,0,111
93,0.00000000e+00,0,111
94,0.00000000e+00,0,111
95,0.00000000e+00,0,111
96,0.00000000e+00,0,111
97,0.00000000e+00,0,111
98,2.50000000e+02,0,111
99,3.60000000e+01,2,111
100,0.00000000e+00,0,111
101,2.40000000e+01,2,111
102,1.00000000e+00,1,111
103,1.43999996e+01,1,111
104,0.00000000e+00,1,111
105,0.00000000e+00,0,111
106,0.00000000e+00,1,111
107,1.43999996e+01,1,111
108,0.00000000e+00,1,111
109,1.43999996e+01,1,111
110,0.00000000e+00,0,111
111,0.00000000e+00,0,111
112,0.00000000e+00,0,111
113,0.00000000e+00,0,111
114,0.00000000e+00,0,111
115,0.00000000e+00,0,111
116,0.00000000e+00,0,111
117,0.00000000e+00,0,111
118,1.00000000e+00,1,111
119,1.00000000e+00,1,111
120,1.00000000e+00,1,111
121,9.99999997e-07,4,111
122,9.99999997e-07,4,111
123,0.00000000e+00,1,111
124,0.00000000e+00,0,111
125,0.00000000e+00,0,111
126,0.00000000e+00,0,111
127,0.00000000e+00,0,111
128,0.00000000e+00,0,111
129,0.00000000e+00,0,111
130,0.00000000e+00,0,111
131,0.00000000e+00,0,111
132,0.00000000e+00,0,111
133,0.00000000e+00,0,111
134,0.00000000e+00,0,111
135,0.00000000e+00,0,111
136,0.00000000e+00,0,111
137,0.00000000e+00,0,111
138,0.00000000e+00,0,111
139,0.00000000e+00,0,111
140,0.00000000e+00,0,111
141,0.00000000e+00,0,111
142,0.00000000e+00,0,111
143,0.00000000e+00,0,111
144,0.00000000e+00,0,111
1004,2.00000000e+00,0,111
1044,1.00000000e+00,0,111
0,0.00000000e+00,0,112
1,9.90000000e+01,1,112
2,1.48000000e+02,1,112
3,0.00000000e+00,0,112
4,9.99999975e-05,0,112
5,0.00000000e+00,0,112
6,0.00000000e+00,0,112
7,0.00000000e+00,0,112
8,0.00000000e+00,0,112
9,0.00000000e+00,0,112
10,5.99999987e-02,2,112
11,2.50000000e-01,2,112
12,0.00000000e+00,0,112
13,0.00000000e+00,0,112
14,0.00000000e+00,0,112
15,0.00000000e+00,0,112
16,1.48000000e+02,2,112
17,1.00000000e+00,1,112
18,3.65000000e+02,2,112
19,0.00000000e+00,0,112
20,0.00000000e+00,0,112
21,0.00000000e+00,0,112
22,0.00000000e+00,0,112
23,0.00000000e+00,0,112
24,1.00000000e+00,1,112
25,0.00000000e+00,0,112
46,0.00000000e+00,0,101
47,0.00000000e+00,0,101
48,0.00000000e+00,0,101
49,0.00000000e+00,0,101
50,0.00000000e+00,0,101
51,0.00000000e+00,0,101
52,0.00000000e+00,0,101
53,0.00000000e+00,0,101
54,0.00000000e+00,0,101
55,0.00000000e+00,0,101
56,0.00000000e+00,0,101
57,0.00000000e+00,0,101
58,0.00000000e+00,0,101
59,0.00000000e+00,0,101
60,0.00000000e+00,0,101
61,0.00000000e+00,0,101
62,0.00000000e+00,0,101
63,0.00000000e+00,0,101
64,0.00000000e+00,0,101
65,0.00000000e+00,0,101
66,0.00000000e+00,0,101
67,0.00000000e+00,0,101
68,0.00000000e+00,0,101
69,0.00000000e+00,0,101
70,0.00000000e+00,0,101
71,0.00000000e+00,0,101
72,0.00000000e+00,0,101
73,0.00000000e+00,0,101
74,0.00000000e+00,0,101
75,0.00000000e+00,0,101
76,0.00000000e+00,0,101
77,0.00000000e+00,0,101
78,0.00000000e+00,0,101
79,0.00000000e+00,0,101
80,0.00000000e+00,0,101
81,0.00000000e+00,0,101
82,0.00000000e+00,0,101
83,5.20000000e+02,1,101
84,5.20000000e+02,1,101
85,7.42859985e+02,1,101
86,7.42859985e+02,1,101
87,0.00000000e+00,0,101
88,5.20000000e+02,1,101
89,7.42859985e+02,1,101
90,0.00000000e+00,0,101
91,0.00000000e+00,0,101
92,0.00000000e+00,0,101
93,0.00000000e+00,0,101
94,0.00000000e+00,0,101
95,0.00000000e+00,0,101
96,0.00000000e+00,0,101
97,0.00000000e+00,0,101
98,2.50000000e+02,0,101
99,5.20000000e+02,2,101
100,0.00000000e+00,0,101
101,2.40000000e+01,2,101
102,1.00000000e+00,1,101
103,5.20000000e+02,1,101
104,5.20000000e+02,1,101
105,0.00000000e+00,0,101
106,5.20000000e+02,1,101
107,5.20000000e+02,1,101
108,5.20000000e+02,1,101
109,5.20000000e+02,1,101
110,0.00000000e+00,0,101
111,0.00000000e+00,0,101
112,0.00000000e+00,0,101
113,0.00000000e+00,0,101
114,0.00000000e+00,0,101
115,0.00000000e+00,0,101
116,0.00000000e+00,0,101
117,0.00000000e+00,0,101
118,1.00000000e+00,1,101
119,1.00000000e+00,1,101
120,1.00000000e+00,1,101
121,1.00000001e-01,4,101
122,1.00000001e-01,4,101
123,5.20000000e+02,1,101
124,0.00000000e+00,0,101
125,0.00000000e+00,0,101
126,0.00000000e+00,0,101
127,0.00000000e+00,0,101
128,0.00000000e+00,0,101
129,0.00000000e+00,0,101
130,0.00000000e+00,0,101
131,0.00000000e+00,0,101
132,0.00000000e+00,0,101
133,0.00000000e+00,0,101
134,0.00000000e+00,0,101
135,0.00000000e+00,0,101
136,0.00000000e+00,0,101
137,0.00000000e+00,0,101
138,0.00000000e+00,0,101
139,0.00000000e+00,0,101
140,0.00000000e+00,0,101
141,0.00000000e+00,0,101
142,0.00000000e+00,0,101
143,0.00000000e+00,0,101
144,0.00000000e+00,0,101
1044,1.00000000e+00,0,101
0,0.00000000e+00,0,102
1,5.00000000e+00,1,102
2,1.79000000e+02,1,102
3,0.00000000e+00,0,102
4,0.00000000e+00,0,102
5,0.00000000e+00,0,102
6,0.00000000e+00,0,102
7,0.00000000e+00,0,102
8,0.00000000e+00,0,102
9,0.00000000e+00,0,102
10,3.49999994e-01,2,102
11,1.00000000e+00,2,102
12,0.00000000e+00,0,102
13,0.00000000e+00,0,102
14,0.00000000e+00,0,102
15,0.00000000e+00,0,102
16,5.37000000e+02,2,102
17,3.00000000e+00,1,102
18,2.50000000e+02,2,102
19,0.00000000e+00,0,102
20,0.00000000e+00,0,102
21,0.00000000e+00,0,102
22,0.00000000e+00,0,102
23,0.00000000e+00,0,102
24,1.00000000e+00,1,102
25,0.00000000e+00,0,102
26,0.00000000e+00,0,102
27,0.00000000e+00,0,102
28,0.00000000e+00,0,102
29,1.00000000e+00,1,102
30,1.00000000e+00,1,102
31,0.00000000e+00,0,102
32,5.03000000e+03,2,102
33,1.76050000e+03,1,102
34,0.00000000e+00,0,102
35,0.00000000e+00,0,102
36,0.00000000e+00,0,102
37,0.00000000e+00,0,102
38,0.00000000e+00,0,102
39,1.00000000e+00,0,102
40,0.00000000e+00,0,102
41,0.00000000e+00,0,102
42,0.00000000e+00,0,102
43,0.00000000e+00,0,102
44,0.00000000e+00,0,102
45,0.00000000e+00,0,102
46,0.00000000e+00,0,102
47,0.00000000e+00,0,102
48,0.00000000e+00,0,102
49,0.00000000e+00,0,102
50,0.00000000e+00,0,102
51,0.00000000e+00,0,102
52,0.00000000e+00,0,102
53,0.00000000e+00,0,102
54,0.00000000e+00,0,102
55,0.00000000e+00,0,102
56,0.00000000e+00,0,102
57,0.00000000e+00,0,102
58,0.00000000e+00,0,102
59,0.00000000e+00,0,102
60,0.00000000e+00,0,102
61,0.00000000e+00,0,102
62,0.00000000e+00,0,102
63,0.00000000e+00,0,102
64,0.00000000e+00,0,102
65,0.00000000e+00,0,102
66,0.00000000e+00,0,102
67,0.00000000e+00,0,102
68,0.00000000e+00,0,102
69,0.00000000e+00,0,102
70,0.00000000e+00,0,102
71,0.00000000e+00,0,102
72,0.00000000e+00,0,102
73,0.00000000e+00,0,102
74,0.00000000e+00,0,102
75,0.00000000e+00,0,102
76,0.00000000e+00,0,102
26,0.00000000e+00,0,112
27,0.00000000e+00,0,112
28,0.00000000e+00,0,112
29,1.00000000e+00,1,112
30,1.00000000e+00,1,112
31,0.00000000e+00,0,112
32,1.13750000e+03,1,112
33,6.82500000e+01,1,112
34,0.00000000e+00,0,112
35,0.00000000e+00,0,112
36,0.00000000e+00,0,112
37,0.00000000e+00,0,112
38,0.00000000e+00,0,112
39,1.00000000e+00,0,112
40,0.00000000e+00,0,112
41,0.00000000e+00,0,112
42,0.00000000e+00,0,112
43,0.00000000e+00,0,112
44,0.00000000e+00,0,112
45,0.00000000e+00,0,112
46,0.00000000e+00,0,112
47,0.00000000e+00,0,112
48,0.00000000e+00,0,112
49,0.00000000e+00,0,112
50,0.00000000e+00,0,112
51,0.00000000e+00,0,112
52,0.00000000e+00,0,112
53,0.00000000e+00,0,112
54,0.00000000e+00,0,112
55,0.00000000e+00,0,112
56,0.00000000e+00,0,112
57,0.00000000e+00,0,112
58,0.00000000e+00,0,112
59,0.00000000e+00,0,112
60,0.00000000e+00,0,112
61,0.00000000e+00,0,112
62,0.00000000e+00,0,112
63,0.00000000e+00,0,112
64,0.00000000e+00,0,112
65,0.00000000e+00,0,112
66,0.00000000e+00,0,112
67,0.00000000e+00,0,112
68,0.00000000e+00,0,112
69,0.00000000e+00,0,112
70,0.00000000e+00,0,112
71,0.00000000e+00,0,112
72,0.00000000e+00,0,112
73,0.00000000e+00,0,112
74,0.00000000e+00,0,112
75,0.00000000e+00,0,112
76,0.00000000e+00,0,112
77,0.00000000e+00,0,112
78,0.00000000e+00,0,112
79,0.00000000e+00,0,112
80,0.00000000e+00,0,112
81,0.00000000e+00,0,112
82,0.00000000e+00,0,112
83,2.73000000e+02,1,112
84,2.73000000e+02,1,112
85,1.13750000e+03,1,112
86,1.13750000e+03,1,112
87,0.00000000e+00,0,112
88,2.73000000e+02,1,112
89,1.13750000e+03,1,112
90,0.00000000e+00,0,112
91,0.00000000e+00,0,112
92,0.00000000e+00,0,112
93,0.00000000e+00,0,112
94,0.00000000e+00,0,112
95,0.00000000e+00,0,112
96,0.00000000e+00,0,112
97,0.00000000e+00,0,112
98,2.50000000e+02,0,112
99,2.73000000e+02,2,112
100,0.00000000e+00,0,112
101,2.40000000e+01,2,112
102,1.00000000e+00,1,112
103,6.82500000e+01,1,112
104,6.82500000e+01,1,112
105,0.00000000e+00,0,112
106,6.82500000e+01,1,112
107,6.82500000e+01,1,112
108,6.82500000e+01,1,112
109,6.82500000e+01,1,112
110,0.00000000e+00,0,112
111,0.00000000e+00,0,112
112,0.00000000e+00,0,112
113,0.00000000e+00,0,112
114,0.00000000e+00,0,112
115,0.00000000e+00,0,112
116,0.00000000e+00,0,112
117,0.00000000e+00,0,112
118,1.00000000e+00,1,112
119,1.00000000e+00,1,112
120,1.00000000e+00,1,112
121,9.99999975e-05,4,112
122,9.99999975e-05,4,112
123,6.82500000e+01,1,112
124,0.00000000e+00,0,112
125,0.00000000e+00,0,112
126,0.00000000e+00,0,112
127,0.00000000e+00,0,112
128,0.00000000e+00,0,112
129,0.00000000e+00,0,112
130,0.00000000e+00,0,112
131,0.00000000e+00,0,112
132,0.00000000e+00,0,112
133,0.00000000e+00,0,112
134,0.00000000e+00,0,112
135,0.00000000e+00,0,112
136,0.00000000e+00,0,112
137,0.00000000e+00,0,112
138,0.00000000e+00,0,112
139,0.00000000e+00,0,112
140,0.00000000e+00,0,112
141,0.00000000e+00,0,112
142,0.00000000e+00,0,112
143,0.00000000e+00,0,112
144,0.00000000e+00,0,112
1004,2.00000000e+00,0,112
1044,1.00000000e+00,0,112
0,0.00000000e+00,0,113
1,6.60000000e+01,1,113
2,1.48000000e+02,1,113
3,0.00000000e+00,0,113
4,0.00000000e+00,0,113
5,0.00000000e+00,0,113
6,0.00000000e+00,0,113
7,0.00000000e+00,0,113
8,0.00000000e+00,0,113
9,0.00000000e+00,0,113
10,5.99999987e-02,2,113
11,7.50000000e-01,2,113
12,0.00000000e+00,0,113
13,0.00000000e+00,0,113
14,0.00000000e+00,0,113
15,0.00000000e+00,0,113
16,1.48000000e+02,2,113
17,1.00000000e+00,1,113
18,3.65000000e+02,2,113
19,0.00000000e+00,0,113
20,0.00000000e+00,0,113
21,0.00000000e+00,0,113
22,0.00000000e+00,0,113
23,0.00000000e+00,0,113
24,1.00000000e+00,1,113
25,0.00000000e+00,0,113
26,0.00000000e+00,0,113
27,0.00000000e+00,0,113
28,0.00000000e+00,0,113
29,1.00000000e+00,1,113
30,1.00000000e+00,1,113
31,0.00000000e+00,0,113
32,1.70632996e+03,1,113
33,1.02379997e+02,1,113
34,0.00000000e+00,0,113
35,0.00000000e+00,0,113
36,0.00000000e+00,0,113
37,0.00000000e+00,0,113
38,0.00000000e+00,0,113
39,1.00000000e+00,0,113
40,0.00000000e+00,0,113
41,0.00000000e+00,0,113
42,0.00000000e+00,0,113
43,0.00000000e+00,0,113
44,0.00000000e+00,0,113
45,0.00000000e+00,0,113
46,0.00000000e+00,0,113
47,0.00000000e+00,0,113
48,0.00000000e+00,0,113
49,0.00000000e+00,0,113
50,0.00000000e+00,0,113
51,0.00000000e+00,0,113
52,0.00000000e+00,0,113
53,0.00000000e+00,0,113
54,0.00000000e+00,0,113
55,0.00000000e+00,0,113
56,0.00000000e+00,0,113
57,0.00000000e+00,0,113
58,0.00000000e+00,0,113
59,0.00000000e+00,0,113
60,0.00000000e+00,0,113
61,0.00000000e+00,0,113
62,0.00000000e+00,0,113
63,0.00000000e+00,0,113
64,0.00000000e+00,0,113
65,0.00000000e+00,0,113
66,0.00000000e+00,0,113
67,0.00000000e+00,0,113
68,0.00000000e+00,0,113
69,0.00000000e+00,0,113
70,0.00000000e+00,0,113
71,0.00000000e+00,0,113
72,0.00000000e+00,0,113
73,0.00000000e+00,0,113
74,0.00000000e+00,0,113
75,0.00000000e+00,0,113
76,0.00000000e+00,0,113
77,0.00000000e+00,0,113
78,0.00000000e+00,0,113
79,0.00000000e+00,0,113
80,0.00000000e+00,0,113
81,0.00000000e+00,0,113
82,0.00000000e+00,0,113
83,1.36500000e+02,1,113
84,1.36500000e+02,1,113
85,1.70632996e+03,1,113
86,1.70632996e+03,1,113
87,0.00000000e+00,0,113
88,1.36500000e+02,1,113
89,1.70632996e+03,1,113
90,0.00000000e+00,0,113
91,0.00000000e+00,0,113
92,0.00000000e+00,0,113
93,0.00000000e+00,0,113
94,0.00000000e+00,0,113
95,0.00000000e+00,0,113
96,0.00000000e+00,0,113
97,0.00000000e+00,0,113
98,2.50000000e+02,0,113
99,1.36500000e+02,2,113
100,0.00000000e+00,0,113
101,2.40000000e+01,2,113
102,1.00000000e+00,1,113
103,1.02379997e+02,1,113
104,1.02379997e+02,1,113
105,0.00000000e+00,0,113
106,1.02379997e+02,1,113
107,1.02379997e+02,1,113
108,1.02379997e+02,1,113
109,1.02379997e+02,1,113
110,0.00000000e+00,0,113
111,0.00000000e+00,0,113
112,0.00000000e+00,0,113
113,0.00000000e+00,0,113
114,0.00000000e+00,0,113
115,0.00000000e+00,0,113
116,0.00000000e+00,0,113
117,0.00000000e+00,0,113
118,1.00000000e+00,1,113
119,1.00000000e+00,1,113
120,1.00000000e+00,1,113
121,1.00000001e-01,4,113
122,1.00000001e-01,4,113
123,1.02379997e+02,1,113
124,0.00000000e+00,0,113
125,0.00000000e+00,0,113
126,0.00000000e+00,0,113
127,0.00000000e+00,0,113
128,0.00000000e+00,0,113
129,0.00000000e+00,0,113
130,0.00000000e+00,0,113
131,0.00000000e+00,0,113
132,0.00000000e+00,0,113
133,0.00000000e+00,0,113
134,0.00000000e+00,0,113
135,0.00000000e+00,0,113
136,0.00000000e+00,0,113
137,0.00000000e+00,0,113
138,0.00000000e+00,0,113
139,0.00000000e+00,0,113
140,0.00000000e+00,0,113
141,0.00000000e+00,0,113
142,0.00000000e+00,0,113
143,0.00000000e+00,0,113
144,0.00000000e+00,0,113
1004,2.00000000e+00,0,113
1044,1.00000000e+00,0,113
132,0.00000000e+00,0,114
133,0.00000000e+00,0,114
134,0.00000000e+00,0,114
135,0.00000000e+00,0,114
136,0.00000000e+00,0,114
137,0.00000000e+00,0,114
138,0.00000000e+00,0,114
139,0.00000000e+00,0,114
140,0.00000000e+00,0,114
141,0.00000000e+00,0,114
142,0.00000000e+00,0,114
143,0.00000000e+00,0,114
144,0.00000000e+00,0,114
145,0.00000000e+00,0,114
146,0.00000000e+00,0,114
147,0.00000000e+00,0,114
148,0.00000000e+00,0,114
149,0.00000000e+00,0,114
150,0.00000000e+00,0,114
151,0.00000000e+00,0,114
152,0.00000000e+00,0,114
153,0.00000000e+00,0,114
154,0.00000000e+00,0,114
155,0.00000000e+00,0,114
156,0.00000000e+00,0,114
157,0.00000000e+00,0,114
158,0.00000000e+00,0,114
159,0.00000000e+00,0,114
160,0.00000000e+00,0,114
161,0.00000000e+00,0,114
1044,1.00000000e+00,0,114
77,0.00000000e+00,0,102
78,0.00000000e+00,0,102
79,0.00000000e+00,0,102
80,0.00000000e+00,0,102
81,0.00000000e+00,0,102
82,0.00000000e+00,0,102
83,5.28150000e+03,1,102
84,1.76050000e+03,1,102
85,1.50900000e+04,1,102
86,5.03000000e+03,1,102
87,0.00000000e+00,0,102
88,5.28150000e+03,1,102
89,1.50900000e+04,1,102
90,0.00000000e+00,0,102
91,0.00000000e+00,0,102
92,0.00000000e+00,0,102
93,0.00000000e+00,0,102
94,0.00000000e+00,0,102
95,0.00000000e+00,0,102
96,0.00000000e+00,0,102
97,0.00000000e+00,0,102
98,2.50000000e+02,0,102
99,1.76050000e+03,1,102
100,0.00000000e+00,0,102
101,2.40000000e+01,2,102
102,3.00000000e+00,1,102
103,1.76050000e+03,1,102
104,1.76050000e+03,1,102
105,0.00000000e+00,0,102
106,5.28150000e+03,1,102
107,5.28150000e+03,1,102
108,5.28150000e+03,1,102
109,5.28150000e+03,1,102
110,0.00000000e+00,0,102
111,0.00000000e+00,0,102
112,0.00000000e+00,0,102
113,0.00000000e+00,0,102
114,0.00000000e+00,0,102
115,0.00000000e+00,0,102
116,0.00000000e+00,0,102
117,0.00000000e+00,0,102
118,1.00000000e+00,1,102
119,1.00000000e+00,1,102
120,1.00000000e+00,1,102
121,1.00000001e-01,4,102
122,1.00000001e-01,4,102
123,1.76050000e+03,1,102
124,0.00000000e+00,0,102
125,0.00000000e+00,0,102
126,0.00000000e+00,0,102
127,0.00000000e+00,0,102
128,0.00000000e+00,0,102
129,0.00000000e+00,0,102
130,0.00000000e+00,0,102
131,0.00000000e+00,0,102
132,0.00000000e+00,0,102
133,0.00000000e+00,0,102
134,0.00000000e+00,0,102
135,0.00000000e+00,0,102
136,0.00000000e+00,0,102
137,0.00000000e+00,0,102
138,0.00000000e+00,0,102
139,0.00000000e+00,0,102
140,0.00000000e+00,0,102
141,0.00000000e+00,0,102
142,0.00000000e+00,0,102
143,0.00000000e+00,0,102
144,0.00000000e+00,0,102
1044,1.00000000e+00,0,102
0,0.00000000e+00,0,103
1,4.00000000e+00,1,103
2,1.79000000e+02,1,103
3,0.00000000e+00,0,103
4,0.00000000e+00,0,103
5,0.00000000e+00,0,103
6,0.00000000e+00,0,103
7,0.00000000e+00,0,103
8,0.00000000e+00,0,103
9,0.00000000e+00,0,103
10,4.49999988e-01,2,103
11,1.00000000e+00,2,103
12,0.00000000e+00,0,103
13,0.00000000e+00,0,103
14,0.00000000e+00,0,103
15,0.00000000e+00,0,103
16,5.37000000e+02,2,103
17,3.00000000e+00,1,103
18,2.50000000e+02,2,103
19,0.00000000e+00,0,103
20,0.00000000e+00,0,103
21,0.00000000e+00,0,103
22,0.00000000e+00,0,103
23,0.00000000e+00,0,103
24,1.00000000e+00,1,103
25,0.00000000e+00,0,103
26,0.00000000e+00,0,103
27,0.00000000e+00,0,103
28,0.00000000e+00,0,103
29,1.00000000e+00,1,103
30,1.00000000e+00,1,103
31,0.00000000e+00,0,103
32,5.03000000e+03,2,103
33,2.26350000e+03,1,103
34,0.00000000e+00,0,103
35,0.00000000e+00,0,103
36,0.00000000e+00,0,103
37,0.00000000e+00,0,103
38,0.00000000e+00,0,103
39,1.00000000e+00,0,103
40,0.00000000e+00,0,103
41,0.00000000e+00,0,103
42,0.00000000e+00,0,103
43,0.00000000e+00,0,103
44,0.00000000e+00,0,103
45,0.00000000e+00,0,103
46,0.00000000e+00,0,103
47,0.00000000e+00,0,103
48,0.00000000e+00,0,103
49,0.00000000e+00,0,103
50,0.00000000e+00,0,103
51,0.00000000e+00,0,103
52,0.00000000e+00,0,103
53,0.00000000e+00,0,103
54,0.00000000e+00,0,103
55,0.00000000e+00,0,103
56,0.00000000e+00,0,103
57,0.00000000e+00,0,103
58,0.00000000e+00,0,103
59,0.00000000e+00,0,103
60,0.00000000e+00,0,103
61,0.00000000e+00,0,103
62,0.00000000e+00,0,103
63,0.00000000e+00,0,103
64,0.00000000e+00,0,103
65,0.00000000e+00,0,103
66,0.00000000e+00,0,103
67,0.00000000e+00,0,103
68,0.00000000e+00,0,103
69,0.00000000e+00,0,103
70,0.00000000e+00,0,103
71,0.00000000e+00,0,103
72,0.00000000e+00,0,103
73,0.00000000e+00,0,103
74,0.00000000e+00,0,103
75,0.00000000e+00,0,103
76,0.00000000e+00,0,103
77,0.00000000e+00,0,103
78,0.00000000e+00,0,103
79,0.00000000e+00,0,103
80,0.00000000e+00,0,103
81,0.00000000e+00,0,103
82,0.00000000e+00,0,103
83,6.79050000e+03,1,103
84,2.26350000e+03,1,103
85,1.50900000e+04,1,103
86,5.03000000e+03,1,103
87,0.00000000e+00,0,103
88,6.79050000e+03,1,103
89,1.50900000e+04,1,103
90,0.00000000e+00,0,103
91,0.00000000e+00,0,103
92,0.00000000e+00,0,103
93,0.00000000e+00,0,103
94,0.00000000e+00,0,103
95,0.00000000e+00,0,103
96,0.00000000e+00,0,103
97,0.00000000e+00,0,103
98,2.50000000e+02,0,103
99,2.26350000e+03,1,103
100,0.00000000e+00,0,103
101,2.40000000e+01,2,103
102,3.00000000e+00,1,103
103,2.26350000e+03,1,103
104,2.26350000e+03,1,103
105,0.00000000e+00,0,103
106,6.79050000e+03,1,103
107,6.79050000e+03,1,103
108,6.79050000e+03,1,103
109,6.79050000e+03,1,103
110,0.00000000e+00,0,103
111,0.00000000e+00,0,103
112,0.00000000e+00,0,103
113,0.00000000e+00,0,103
114,0.00000000e+00,0,103
115,0.00000000e+00,0,103
116,0.00000000e+00,0,103
117,0.00000000e+00,0,103
118,1.00000000e+00,1,103
119,1.00000000e+00,1,103
120,1.00000000e+00,1,103
121,1.00000001e-01,4,103
122,1.00000001e-01,4,103
123,2.26350000e+03,1,103
124,0.00000000e+00,0,103
125,0.00000000e+00,0,103
126,0.00000000e+00,0,103
127,0.00000000e+00,0,103
128,0.00000000e+00,0,103
129,0.00000000e+00,0,103
130,0.00000000e+00,0,103
131,0.00000000e+00,0,103
132,0.00000000e+00,0,103
133,0.00000000e+00,0,103
134,0.00000000e+00,0,103
135,0.00000000e+00,0,103
136,0.00000000e+00,0,103
137,0.00000000e+00,0,103
138,0.00000000e+00,0,103
139,0.00000000e+00,0,103
140,0.00000000e+00,0,103
141,0.00000000e+00,0,103
142,0.00000000e+00,0,103
143,0.00000000e+00,0,103
144,0.00000000e+00,0,103
1044,1.00000000e+00,0,103
0,0.00000000e+00,0,104
1,5.00000000e+00,1,104
2,1.79000000e+02,1,104
3,0.00000000e+00,0,104
4,0.00000000e+00,0,104
5,0.00000000e+00,0,104
6,0.00000000e+00,0,104
7,0.00000000e+00,0,104
8,0.00000000e+00,0,104
9,0.00000000e+00,0,104
10,3.49999994e-01,2,104
11,1.00000000e+00,2,104
12,0.00000000e+00,0,104
13,0.00000000e+00,0,104
14,0.00000000e+00,0,104
15,0.00000000e+00,0,104
16,5.37000000e+02,2,104
17,3.00000000e+00,1,104
18,2.50000000e+02,2,104
19,0.00000000e+00,0,104
20,0.00000000e+00,0,104
21,0.00000000e+00,0,104
22,0.00000000e+00,0,104
23,0.00000000e+00,0,104
24,1.00000000e+00,1,104
25,0.00000000e+00,0,104
26,0.00000000e+00,0,104
27,0.00000000e+00,0,104
28,0.00000000e+00,0,104
29,1.00000000e+00,1,104
30,1.00000000e+00,1,104
31,0.00000000e+00,0,104
32,5.03000000e+03,2,104
33,1.76050000e+03,1,104
34,0.00000000e+00,0,104
35,0.00000000e+00,0,104
36,0.00000000e+00,0,104
37,0.00000000e+00,0,104
38,0.00000000e+00,0,104
39,1.00000000e+00,0,104
40,0.00000000e+00,0,104
41,0.00000000e+00,0,104
42,0.00000000e+00,0,104
43,0.00000000e+00,0,104
44,0.00000000e+00,0,104
45,0.00000000e+00,0,104
46,0.00000000e+00,0,104
47,0.00000000e+00,0,104
48,0.00000000e+00,0,104
49,0.00000000e+00,0,104
50,0.00000000e+00,0,104
51,0.00000000e+00,0,104
52,0.00000000e+00,0,104
53,0.00000000e+00,0,104
54,0.00000000e+00,0,104
55,0.00000000e+00,0,104
56,0.00000000e+00,0,104
57,0.00000000e+00,0,104
58,0.00000000e+00,0,104
59,0.00000000e+00,0,104
60,0.00000000e+00,0,104
61,0.00000000e+00,0,104
62,0.00000000e+00,0,104
63,0.00000000e+00,0,104
64,0.00000000e+00,0,104
65,0.00000000e+00,0,104
66,0.00000000e+00,0,104
67,0.00000000e+00,0,104
68,0.00000000e+00,0,104
69,0.00000000e+00,0,104
70,0.00000000e+00,0,104
71,0.00000000e+00,0,104
72,0.00000000e+00,0,104
73,0.00000000e+00,0,104
74,0.00000000e+00,0,104
75,0.00000000e+00,0,104
76,0.00000000e+00,0,104
77,0.00000000e+00,0,104
78,0.00000000e+00,0,104
79,0.00000000e+00,0,104
80,0.00000000e+00,0,104
81,0.00000000e+00,0,104
82,0.00000000e+00,0,104
83,5.28150000e+03,1,104
84,1.76050000e+03,1,104
85,1.50900000e+04,1,104
86,5.03000000e+03,1,104
87,0.00000000e+00,0,104
88,5.28150000e+03,1,104
89,1.50900000e+04,1,104
90,0.00000000e+00,0,104
91,0.00000000e+00,0,104
92,0.00000000e+00,0,104
93,0.00000000e+00,0,104
94,0.00000000e+00,0,104
95,0.00000000e+00,0,104
96,0.00000000e+00,0,104
97,0.00000000e+00,0,104
98,2.50000000e+02,0,104
99,1.76050000e+03,1,104
100,0.00000000e+00,0,104
101,2.40000000e+01,2,104
102,3.00000000e+00,1,104
103,1.76050000e+03,1,104
104,1.76050000e+03,1,104
105,0.00000000e+00,0,104
106,5.28150000e+03,1,104
107,5.28150000e+03,1,104
108,5.28150000e+03,1,104
109,5.28150000e+03,1,104
110,0.00000000e+00,0,104
111,0.00000000e+00,0,104
112,0.00000000e+00,0,104
113,0.00000000e+00,0,104
114,0.00000000e+00,0,104
115,0.00000000e+00,0,104
116,0.00000000e+00,0,104
117,0.00000000e+00,0,104
118,1.00000000e+00,1,104
119,1.00000000e+00,1,104
120,1.00000000e+00,1,104
121,1.00000001e-01,4,104
122,1.00000001e-01,4,104
123,1.76050000e+03,1,104
124,0.00000000e+00,0,104
125,0.00000000e+00,0,104
126,0.00000000e+00,0,104
127,0.00000000e+00,0,104
128,0.00000000e+00,0,104
129,0.00000000e+00,0,104
130,0.00000000e+00,0,104
131,0.00000000e+00,0,104
132,0.00000000e+00,0,104
133,0.00000000e+00,0,104
134,0.00000000e+00,0,104
135,0.00000000e+00,0,104
136,0.00000000e+00,0,104
137,0.00000000e+00,0,104
138,0.00000000e+00,0,104
139,0.00000000e+00,0,104
140,0.00000000e+00,0,104
141,0.00000000e+00,0,104
142,0.00000000e+00,0,104
143,0.00000000e+00,0,104
144,0.00000000e+00,0,104
1044,1.00000000e+00,0,104
0,0.00000000e+00,0,105
1,4.10000000e+01,1,105
2,2.50000000e+02,1,105
3,0.00000000e+00,0,105
4,0.00000000e+00,0,105
5,0.00000000e+00,0,105
6,0.00000000e+00,0,105
7,0.00000000e+00,0,105
8,0.00000000e+00,0,105
9,0.00000000e+00,0,105
10,5.00000007e-02,2,105
11,1.00000000e+00,2,105
12,0.00000000e+00,0,105
13,0.00000000e+00,0,105
14,0.00000000e+00,0,105
15,0.00000000e+00,0,105
16,2.50000000e+02,2,105
17,1.00000000e+00,1,105
18,3.65000000e+02,2,105
19,0.00000000e+00,0,105
20,0.00000000e+00,0,105
21,0.00000000e+00,0,105
22,0.00000000e+00,0,105
23,0.00000000e+00,0,105
24,1.00000000e+00,1,105
25,0.00000000e+00,0,105
26,0.00000000e+00,0,105
27,0.00000000e+00,0,105
28,0.00000000e+00,0,105
29,1.00000000e+00,1,105
30,1.00000000e+00,1,105
31,0.00000000e+00,0,105
32,1.95871000e+05,2,105
33,9.79354980e+03,1,105
34,0.00000000e+00,0,105
35,0.00000000e+00,0,105
36,0.00000000e+00,0,105
37,0.00000000e+00,0,105
38,0.00000000e+00,0,105
39,1.00000000e+00,0,105
40,0.00000000e+00,0,105
41,0.00000000e+00,0,105
42,0.00000000e+00,0,105
43,0.00000000e+00,0,105
44,0.00000000e+00,0,105
45,0.00000000e+00,0,105
46,0.00000000e+00,0,105
47,0.00000000e+00,0,105
48,0.00000000e+00,0,105
49,0.00000000e+00,0,105
50,0.00000000e+00,0,105
51,0.00000000e+00,0,105
52,0.00000000e+00,0,105
53,0.00000000e+00,0,105
54,0.00000000e+00,0,105
55,0.00000000e+00,0,105
56,0.00000000e+00,0,105
57,0.00000000e+00,0,105
58,0.00000000e+00,0,105
59,0.00000000e+00,0,105
60,0.00000000e+00,0,105
61,0.00000000e+00,0,105
62,0.00000000e+00,0,105
63,0.00000000e+00,0,105
64,0.00000000e+00,0,105
65,0.00000000e+00,0,105
66,0.00000000e+00,0,105
67,0.00000000e+00,0,105
68,0.00000000e+00,0,105
69,0.00000000e+00,0,105
70,0.00000000e+00,0,105
71,0.00000000e+00,0,105
72,0.00000000e+00,0,105
73,0.00000000e+00,0,105
74,0.00000000e+00,0,105
75,0.00000000e+00,0,105
76,0.00000000e+00,0,105
77,0.00000000e+00,0,105
78,0.00000000e+00,0,105
79,0.00000000e+00,0,105
80,0.00000000e+00,0,105
81,0.00000000e+00,0,105
82,0.00000000e+00,0,105
83,1.95871000e+05,1,105
84,1.95871000e+05,1,105
85,1.95871000e+05,1,105
86,1.95871000e+05,1,105
87,0.00000000e+00,0,105
88,1.95871000e+05,1,105
89,1.95871000e+05,1,105
90,0.00000000e+00,0,105
91,0.00000000e+00,0,105
92,0.00000000e+00,0,105
93,0.00000000e+00,0,105
94,0.00000000e+00,0,105
95,0.00000000e+00,0,105
96,0.00000000e+00,0,105
97,0.00000000e+00,0,105
98,2.50000000e+02,0,105
99,1.95871000e+05,1,105
100,0.00000000e+00,0,105
101,2.40000000e+01,2,105
102,1.00000000e+00,1,105
103,9.79354980e+03,1,105
104,9.79354980e+03,1,105
105,0.00000000e+00,0,105
106,9.79354980e+03,1,105
107,9.79354980e+03,1,105
108,9.79354980e+03,1,105
109,9.79354980e+03,1,105
110,0.00000000e+00,0,105
111,0.00000000e+00,0,105
112,0.00000000e+00,0,105
113,0.00000000e+00,0,105
114,0.00000000e+00,0,105
115,0.00000000e+00,0,105
116,0.00000000e+00,0,105
117,0.00000000e+00,0,105
118,1.00000000e+00,1,105
119,1.00000000e+00,1,105
120,1.00000000e+00,1,105
121,9.99999997e-07,4,105
122,9.99999997e-07,4,105
123,9.79354980e+03,1,105
124,0.00000000e+00,0,105
125,0.00000000e+00,0,105
126,0.00000000e+00,0,105
127,0.00000000e+00,0,105
128,0.00000000e+00,0,105
129,0.00000000e+00,0,105
130,0.00000000e+00,0,105
131,0.00000000e+00,0,105
132,0.00000000e+00,0,105
133,0.00000000e+00,0,105
134,0.00000000e+00,0,105
135,0.00000000e+00,0,105
136,0.00000000e+00,0,105
137,0.00000000e+00,0,105
138,0.00000000e+00,0,105
139,0.00000000e+00,0,105
140,0.00000000e+00,0,105
141,0.00000000e+00,0,105
142,0.00000000e+00,0,105
143,0.00000000e+00,0,105
144,0.00000000e+00,0,105
1004,2.00000000e+00,0,105
1044,1.00000000e+00,0,105
0,0.00000000e+00,0,106
1,4.10000000e+01,1,106
2,2.50000000e+02,1,106
3,0.00000000e+00,0,106
4,0.00000000e+00,0,106
5,0.00000000e+00,0,106
6,0.00000000e+00,0,106
7,0.00000000e+00,0,106
8,0.00000000e+00,0,106
9,0.00000000e+00,0,106
10,5.00000007e-02,2,106
11,1.00000000e+00,2,106
12,0.00000000e+00,0,106
13,0.00000000e+00,0,106
14,0.00000000e+00,0,106
15,0.00000000e+00,0,106
16,2.50000000e+02,2,106
17,1.00000000e+00,1,106
18,3.65000000e+02,2,106
19,0.00000000e+00,0,106
20,0.00000000e+00,0,106
21,0.00000000e+00,0,106
22,0.00000000e+00,0,106
23,0.00000000e+00,0,106
24,1.00000000e+00,1,106
25,0.00000000e+00,0,106
26,0.00000000e+00,0,106
27,0.00000000e+00,0,106
28,0.00000000e+00,0,106
29,1.00000000e+00,1,106
30,1.00000000e+00,1,106
31,0.00000000e+00,0,106
32,1.95871000e+05,2,106
33,9.79354980e+03,1,106
34,0.00000000e+00,0,106
35,0.00000000e+00,0,106
36,0.00000000e+00,0,106
37,0.00000000e+00,0,106
38,0.00000000e+00,0,106
39,1.00000000e+00,0,106
40,0.00000000e+00,0,106
41,0.00000000e+00,0,106
42,0.00000000e+00,0,106
43,0.00000000e+00,0,106
44,0.00000000e+00,0,106
45,0.00000000e+00,0,106
46,0.00000000e+00,0,106
47,0.00000000e+00,0,106
48,0.00000000e+00,0,106
49,0.00000000e+00,0,106
50,0.00000000e+00,0,106
51,0.00000000e+00,0,106
52,0.00000000e+00,0,106
53,0.00000000e+00,0,106
54,0.00000000e+00,0,106
55,0.00000000e+00,0,106
56,0.00000000e+00,0,106
57,0.00000000e+00,0,106
58,0.00000000e+00,0,106
59,0.00000000e+00,0,106
60,0.00000000e+00,0,106
61,0.00000000e+00,0,106
62,0.00000000e+00,0,106
63,0.00000000e+00,0,106
64,0.00000000e+00,0,106
65,0.00000000e+00,0,106
66,0.00000000e+00,0,106
67,0.00000000e+00,0,106
68,0.00000000e+00,0,106
69,0.00000000e+00,0,106
70,0.00000000e+00,0,106
71,0.00000000e+00,0,106
72,0.00000000e+00,0,106
73,0.00000000e+00,0,106
74,0.00000000e+00,0,106
75,0.00000000e+00,0,106
76,0.00000000e+00,0,106
77,0.00000000e+00,0,106
78,0.00000000e+00,0,106
79,0.00000000e+00,0,106
80,0.00000000e+00,0,106
81,0.00000000e+00,0,106
82,0.00000000e+00,0,106
83,9.79354980e+03,1,106
84,9.79354980e+03,1,106
85,1.95871000e+05,1,106
86,1.95871000e+05,1,106
87,0.00000000e+00,0,106
88,9.79354980e+03,1,106
89,1.95871000e+05,1,106
90,0.00000000e+00,0,106
91,0.00000000e+00,0,106
92,0.00000000e+00,0,106
93,0.00000000e+00,0,106
94,0.00000000e+00,0,106
95,0.00000000e+00,0,106
96,0.00000000e+00,0,106
97,0.00000000e+00,0,106
98,2.50000000e+02,0,106
99,9.79354980e+03,1,106
100,0.00000000e+00,0,106
101,2.40000000e+01,2,106
102,1.00000000e+00,1,106
103,9.79354980e+03,1,106
104,9.79354980e+03,1,106
105,0.00000000e+00,0,106
106,9.79354980e+03,1,106
107,9.79354980e+03,1,106
108,9.79354980e+03,1,106
109,9.79354980e+03,1,106
110,0.00000000e+00,0,106
111,0.00000000e+00,0,106
112,0.00000000e+00,0,106
113,0.00000000e+00,0,106
114,0.00000000e+00,0,106
115,0.00000000e+00,0,106
116,0.00000000e+00,0,106
117,0.00000000e+00,0,106
118,1.00000000e+00,1,106
119,1.00000000e+00,1,106
120,1.00000000e+00,1,106
121,9.99999997e-07,4,106
122,9.99999997e-07,4,106
123,9.79354980e+03,1,106
124,0.00000000e+00,0,106
125,0.00000000e+00,0,106
126,0.00000000e+00,0,106
127,0.00000000e+00,0,106
128,0.00000000e+00,0,106
129,0.00000000e+00,0,106
130,0.00000000e+00,0,106
131,0.00000000e+00,0,106
132,0.00000000e+00,0,106
133,0.00000000e+00,0,106
134,0.00000000e+00,0,106
135,0.00000000e+00,0,106
136,0.00000000e+00,0,106
137,0.00000000e+00,0,106
138,0.00000000e+00,0,106
139,0.00000000e+00,0,106
140,0.00000000e+00,0,106
141,0.00000000e+00,0,106
142,0.00000000e+00,0,106
143,0.00000000e+00,0,106
144,0.00000000e+00,0,106
1004,2.00000000e+00,0,106
1044,1.00000000e+00,0,106
0,0.00000000e+00,0,107
1,6.30000000e+01,1,107
2,2.50000000e+02,1,107
3,0.00000000e+00,0,107
4,0.00000000e+00,0,107
5,0.00000000e+00,0,107
6,0.00000000e+00,0,107
7,0.00000000e+00,0,107
8,0.00000000e+00,0,107
9,0.00000000e+00,0,107
10,0.00000000e+00,1,107
11,5.00000007e-02,2,107
12,0.00000000e+00,0,107
13,0.00000000e+00,0,107
14,0.00000000e+00,0,107
15,0.00000000e+00,0,107
16,2.50000000e+02,2,107
17,1.00000000e+00,1,107
18,3.65000000e+02,2,107
19,0.00000000e+00,0,107
20,0.00000000e+00,0,107
21,0.00000000e+00,0,107
22,0.00000000e+00,0,107
23,0.00000000e+00,0,107
24,1.00000000e+00,1,107
25,0.00000000e+00,0,107
26,0.00000000e+00,0,107
27,0.00000000e+00,0,107
28,0.00000000e+00,0,107
29,1.00000000e+00,1,107
30,1.00000000e+00,1,107
31,0.00000000e+00,0,107
32,0.00000000e+00,1,107
33,6.35500000e+02,1,107
34,0.00000000e+00,0,107
35,0.00000000e+00,0,107
36,0.00000000e+00,0,107
37,0.00000000e+00,0,107
38,0.00000000e+00,0,107
39,1.00000000e+00,0,107
40,0.00000000e+00,0,107
41,0.00000000e+00,0,107
42,0.00000000e+00,0,107
43,0.00000000e+00,0,107
44,0.00000000e+00,0,107
45,0.00000000e+00,0,107
46,0.00000000e+00,0,107
47,0.00000000e+00,0,107
48,0.00000000e+00,0,107
49,0.00000000e+00,0,107
50,0.00000000e+00,0,107
51,0.00000000e+00,0,107
52,0.00000000e+00,0,107
53,0.00000000e+00,0,107
54,0.00000000e+00,0,107
55,0.00000000e+00,0,107
56,0.00000000e+00,0,107
57,0.00000000e+00,0,107
58,0.00000000e+00,0,107
59,0.00000000e+00,0,107
60,0.00000000e+00,0,107
61,0.00000000e+00,0,107
62,0.00000000e+00,0,107
63,0.00000000e+00,0,107
64,0.00000000e+00,0,107
65,0.00000000e+00,0,107
66,0.00000000e+00,0,107
67,0.00000000e+00,0,107
68,0.00000000e+00,0,107
69,0.00000000e+00,0,107
70,0.00000000e+00,0,107
71,0.00000000e+00,0,107
72,0.00000000e+00,0,107
73,0.00000000e+00,0,107
74,0.00000000e+00,0,107
75,0.00000000e+00,0,107
76,0.00000000e+00,0,107
77,0.00000000e+00,0,107
78,0.00000000e+00,0,107
79,0.00000000e+00,0,107
80,0.00000000e+00,0,107
81,0.00000000e+00,0,107
82,0.00000000e+00,0,107
83,1.27100000e+04,1,107
84,1.27100000e+04,1,107
85,0.00000000e+00,1,107
86,0.00000000e+00,1,107
87,0.00000000e+00,0,107
88,1.27100000e+04,1,107
89,0.00000000e+00,1,107
90,0.00000000e+00,0,107
91,0.00000000e+00,0,107
92,0.00000000e+00,0,107
93,0.00000000e+00,0,107
94,0.00000000e+00,0,107
95,0.00000000e+00,0,107
96,0.00000000e+00,0,107
97,0.00000000e+00,0,107
98,2.50000000e+02,0,107
99,1.27100000e+04,2,107
100,0.00000000e+00,0,107
101,2.40000000e+01,2,107
102,1.00000000e+00,1,107
103,6.35500000e+02,1,107
104,0.00000000e+00,1,107
105,0.00000000e+00,0,107
106,0.00000000e+00,1,107
107,6.35500000e+02,1,107
108,0.00000000e+00,1,107
109,6.35500000e+02,1,107
110,0.00000000e+00,0,107
111,0.00000000e+00,0,107
112,0.00000000e+00,0,107
113,0.00000000e+00,0,107
114,0.00000000e+00,0,107
115,0.00000000e+00,0,107
116,0.00000000e+00,0,107
117,0.00000000e+00,0,107
118,1.00000000e+00,1,107
119,1.00000000e+00,1,107
120,1.00000000e+00,1,107
121,9.99999997e-07,4,107
122,9.99999997e-07,4,107
123,0.00000000e+00,1,107
124,0.00000000e+00,0,107
125,0.00000000e+00,0,107
126,0.00000000e+00,0,107
127,0.00000000e+00,0,107
128,0.00000000e+00,0,107
129,0.00000000e+00,0,107
130,0.00000000e+00,0,107
131,0.00000000e+00,0,107
132,0.00000000e+00,0,107
133,0.00000000e+00,0,107
134,0.00000000e+00,0,107
135,0.00000000e+00,0,107
136,0.00000000e+00,0,107
137,0.00000000e+00,0,107
138,0.00000000e+00,0,107
139,0.00000000e+00,0,107
140,0.00000000e+00,0,107
141,0.00000000e+00,0,107
142,0.00000000e+00,0,107
143,0.00000000e+00,0,107
144,0.00000000e+00,0,107
1004,2.00000000e+00,0,107
1044,1.00000000e+00,0,107
0,0.00000000e+00,0,108
1,1.20000000e+01,1,108
2,2.60000000e+02,1,108
3,0.00000000e+00,0,108
4,1.00000001e-01,0,108
5,0.00000000e+00,0,108
6,0.00000000e+00,0,108
7,0.00000000e+00,0,108
8,0.00000000e+00,0,108
9,0.00000000e+00,0,108
10,0.00000000e+00,1,108
11,6.10000014e-01,2,108
12,0.00000000e+00,0,108
13,0.00000000e+00,0,108
14,0.00000000e+00,0,108
15,0.00000000e+00,0,108
16,2.60000000e+02,2,108
17,1.00000000e+00,1,108
18,3.65000000e+02,2,108
19,0.00000000e+00,0,108
20,0.00000000e+00,0,108
21,0.00000000e+00,0,108
22,0.00000000e+00,0,108
23,0.00000000e+00,0,108
24,1.00000000e+00,1,108
25,0.00000000e+00,0,108
26,0.00000000e+00,0,108
27,0.00000000e+00,0,108
28,0.00000000e+00,0,108
29,1.00000000e+00,1,108
30,1.00000000e+00,1,108
31,0.00000000e+00,0,108
32,0.00000000e+00,1,108
33,3.16590004e+01,1,108
34,0.00000000e+00,0,108
35,0.00000000e+00,0,108
36,0.00000000e+00,0,108
37,0.00000000e+00,0,108
38,0.00000000e+00,0,108
39,1.00000000e+00,0,108
40,0.00000000e+00,0,108
41,0.00000000e+00,0,108
42,0.00000000e+00,0,108
43,0.00000000e+00,0,108
44,0.00000000e+00,0,108
45,0.00000000e+00,0,108
46,0.00000000e+00,0,108
47,0.00000000e+00,0,108
48,0.00000000e+00,0,108
49,0.00000000e+00,0,108
50,0.00000000e+00,0,108
51,0.00000000e+00,0,108
52,0.00000000e+00,0,108
53,0.00000000e+00,0,108
54,0.00000000e+00,0,108
55,0.00000000e+00,0,108
56,0.00000000e+00,0,108
57,0.00000000e+00,0,108
58,0.00000000e+00,0,108
59,0.00000000e+00,0,108
60,0.00000000e+00,0,108
61,0.00000000e+00,0,108
62,0.00000000e+00,0,108
63,0.00000000e+00,0,108
64,0.00000000e+00,0,108
65,0.00000000e+00,0,108
66,0.00000000e+00,0,108
67,0.00000000e+00,0,108
68,0.00000000e+00,0,108
69,0.00000000e+00,0,108
70,0.00000000e+00,0,108
71,0.00000000e+00,0,108
72,0.00000000e+00,0,108
73,0.00000000e+00,0,108
74,0.00000000e+00,0,108
75,0.00000000e+00,0,108
76,0.00000000e+00,0,108
77,0.00000000e+00,0,108
78,0.00000000e+00,0,108
79,0.00000000e+00,0,108
80,0.00000000e+00,0,108
81,0.00000000e+00,0,108
82,0.00000000e+00,0,108
83,5.19000015e+01,1,108
84,5.19000015e+01,1,108
85,0.00000000e+00,1,108
86,0.00000000e+00,1,108
87,0.00000000e+00,0,108
88,5.19000015e+01,1,108
89,0.00000000e+00,1,108
90,0.00000000e+00,0,108
91,0.00000000e+00,0,108
92,0.00000000e+00,0,108
93,0.00000000e+00,0,108
94,0.00000000e+00,0,108
95,0.00000000e+00,0,108
96,0.00000000e+00,0,108
97,0.00000000e+00,0,108
98,2.50000000e+02,0,108
99,5.19000015e+01,2,108
100,0.00000000e+00,0,108
101,2.40000000e+01,2,108
102,1.00000000e+00,1,108
103,3.16590004e+01,1,108
104,0.00000000e+00,1,108
105,0.00000000e+00,0,108
106,0.00000000e+00,1,108
107,3.16590004e+01,1,108
108,0.00000000e+00,1,108
109,3.16590004e+01,1,108
110,0.00000000e+00,0,108
111,0.00000000e+00,0,108
112,0.00000000e+00,0,108
113,0.00000000e+00,0,108
114,0.00000000e+00,0,108
115,0.00000000e+00,0,108
116,0.00000000e+00,0,108
117,0.00000000e+00,0,108
118,1.00000000e+00,1,108
119,1.00000000e+00,1,108
120,1.00000000e+00,1,108
121,1.00000001e-01,0,108
122,1.00000001e-01,0,108
123,0.00000000e+00,1,108
124,0.00000000e+00,0,108
125,0.00000000e+00,0,108
126,0.00000000e+00,0,108
127,0.00000000e+00,0,108
128,0.00000000e+00,0,108
129,0.00000000e+00,0,108
130,0.00000000e+00,0,108
131,0.00000000e+00,0,108
132,0.00000000e+00,0,108
133,0.00000000e+00,0,108
134,0.00000000e+00,0,108
135,0.00000000e+00,0,108
136,0.00000000e+00,0,108
137,0.00000000e+00,0,108
138,0.00000000e+00,0,108
139,0.00000000e+00,0,108
140,0.00000000e+00,0,108
141,0.00000000e+00,0,108
142,0.00000000e+00,0,108
143,0.00000000e+00,0,108
144,0.00000000e+00,0,108
1004,2.00000000e+00,0,108
1044,1.00000000e+00,0,108
0,0.00000000e+00,0,109
1,1.20000000e+01,1,109
2,2.60000000e+02,1,109
3,0.00000000e+00,0,109
4,1.00000001e-01,0,109
5,0.00000000e+00,0,109
6,0.00000000e+00,0,109
7,0.00000000e+00,0,109
8,0.00000000e+00,0,109
9,0.00000000e+00,0,109
10,0.00000000e+00,1,109
11,6.10000014e-01,2,109
12,0.00000000e+00,0,109
13,0.00000000e+00,0,109
14,0.00000000e+00,0,109
15,0.00000000e+00,0,109
16,2.60000000e+02,2,109
17,1.00000000e+00,1,109
18,3.65000000e+02,2,109
19,0.00000000e+00,0,109
20,0.00000000e+00,0,109
21,0.00000000e+00,0,109
22,0.00000000e+00,0,109
23,0.00000000e+00,0,109
24,1.00000000e+00,1,109
25,0.00000000e+00,0,109
26,0.00000000e+00,0,109
27,0.00000000e+00,0,109
28,0.00000000e+00,0,109
29,1.00000000e+00,1,109
30,1.00000000e+00,1,109
31,0.00000000e+00,0,109
32,0.00000000e+00,1,109
33,3.16590004e+01,1,109
34,0.00000000e+00,0,109
35,0.00000000e+00,0,109
36,0.00000000e+00,0,109
37,0.00000000e+00,0,109
38,0.00000000e+00,0,109
39,1.00000000e+00,0,109
40,0.00000000e+00,0,109
41,0.00000000e+00,0,109
42,0.00000000e+00,0,109
43,0.00000000e+00,0,109
44,0.00000000e+00,0,109
45,0.00000000e+00,0,109
46,0.00000000e+00,0,109
47,0.00000000e+00,0,109
48,0.00000000e+00,0,109
49,0.00000000e+00,0,109
50,0.00000000e+00,0,109
51,0.00000000e+00,0,109
52,0.00000000e+00,0,109
53,0.00000000e+00,0,109
54,0.00000000e+00,0,109
55,0.00000000e+00,0,109
56,0.00000000e+00,0,109
57,0.00000000e+00,0,109
58,0.00000000e+00,0,109
59,0.00000000e+00,0,109
60,0.00000000e+00,0,109
61,0.00000000e+00,0,109
62,0.00000000e+00,0,109
63,0.00000000e+00,0,109
64,0.00000000e+00,0,109
65,0.00000000e+00,0,109
66,0.00000000e+00,0,109
67,0.00000000e+00,0,109
68,0.00000000e+00,0,109
69,0.00000000e+00,0,109
70,0.00000000e+00,0,109
71,0.00000000e+00,0,109
72,0.00000000e+00,0,109
73,0.00000000e+00,0,109
74,0.00000000e+00,0,109
75,0.00000000e+00,0,109
76,0.00000000e+00,0,109
77,0.00000000e+00,0,109
78,0.00000000e+00,0,109
79,0.00000000e+00,0,109
80,0.00000000e+00,0,109
81,0.00000000e+00,0,109
82,0.00000000e+00,0,109
83,5.19000015e+01,1,109
84,5.19000015e+01,1,109
85,0.00000000e+00,1,109
86,0.00000000e+00,1,109
87,0.00000000e+00,0,109
88,5.19000015e+01,1,109
89,0.00000000e+00,1,109
90,0.00000000e+00,0,109
91,0.00000000e+00,0,109
92,0.00000000e+00,0,109
93,0.00000000e+00,0,109
94,0.00000000e+00,0,109
95,0.00000000e+00,0,109
96,0.00000000e+00,0,109
97,0.00000000e+00,0,109
98,2.50000000e+02,0,109
99,5.19000015e+01,2,109
100,0.00000000e+00,0,109
101,2.40000000e+01,2,109
102,1.00000000e+00,1,109
103,3.16590004e+01,1,109
104,0.00000000e+00,1,109
105,0.00000000e+00,0,109
106,0.00000000e+00,1,109
107,3.16590004e+01,1,109
108,0.00000000e+00,1,109
109,3.16590004e+01,1,109
110,0.00000000e+00,0,109
111,0.00000000e+00,0,109
112,0.00000000e+00,0,109
